Household_ID,Travel time,Shortest distance,Height diff,LULC,Elevation_Household,Easting,Northing,lon,lat,Location,date,
1,30,136.01,4,7,443,342450,998008,7.566648072,9.025747879,AREA_A,45444,6/3/2024
2,45,349.69,2,7,449,342303,998270,7.565301625,9.028111721,AREA_A,45445,6/3/2024
3,20,335.43,7,7,452,342321,998305,7.565464099,9.028428839,AREA_A,45446,6/3/2024
4,45,310.44,2,7,449,342344,998258,7.565674984,9.028004671,AREA_A,45447,6/3/2024
5,30,276.74,0,7,447,342362,998227,7.565839817,9.027725002,AREA_A,45448,6/3/2024
6,45,224.96,2,7,445,342389,998176,7.566087227,9.027264807,AREA_A,45449,6/3/2024
7,30,167.03,4,7,443,342421,998111,7.566380615,9.026678199,AREA_A,45450,6/3/2024
8,40,122.1,3,7,444,342456,998049,7.566701183,9.026118823,AREA_A,45451,6/3/2024
9,45,107.42,3,7,444,342484,998002,7.566957544,9.025694832,AREA_A,45452,6/3/2024
10,40,151.09,3,7,444,342448,998131,7.566625489,9.026860002,AREA_A,45453,6/3/2024
11,20,249,1,7,448,342397,998225,7.566158243,9.02770816,AREA_A,151,6/3/2024
12,40,290,8,7,453,342370,998336,7.565908689,9.028710888,AREA_A,63,6/3/2024
13,35,266.37,6,7,451,342390,998302,7.566091821,9.028404163,AREA_A,346,6/3/2024
14,40,238.1,3,7,448,342423,998239,7.566394235,9.027835675,AREA_A,279,6/3/2024
15,60,203.82,0,7,447,342440,998204,7.566550115,9.027519801,AREA_A,161,6/3/2024
16,30,156.35,2,7,445,342464,998161,7.566769951,9.027131837,AREA_A,76,6/4/2024
17,35,104.85,2,7,445,342490,998111,7.567008227,9.026680648,AREA_A,310,6/4/2024
18,40,76.55,1,7,446,342506,998080,7.567154867,9.026400907,AREA_A,282,6/4/2024
19,60,52.61,2,7,445,342526,998046,7.567337997,9.02609418,AREA_A,281,6/4/2024
20,25,126.21,1,7,446,342501,998154,7.567106747,9.027069854,AREA_A,353,6/4/2024
21,40,189.99,0,7,447,342471,998211,7.566831836,9.027584197,AREA_A,27,6/4/2024
22,35,251.53,7,7,452,342408,998330,7.566254547,9.028657985,AREA_A,337,6/4/2024
23,45,240.93,7,7,452,342424,998353,7.566399259,9.028866524,AREA_A,48,6/4/2024
24,25,207.39,5,7,450,342450,998312,7.566637216,9.028496716,AREA_A,75,6/4/2024
25,45,182.72,2,7,447,342475,998263,7.566866363,9.028054535,AREA_A,152,6/4/2024
26,25,112.16,0,7,447,342536,998158,7.567424958,9.027107265,AREA_A,90,6/4/2024
27,20,56.3,1,7,446,342559,998107,7.567635982,9.026646927,AREA_A,123,6/4/2024
28,50,30.41,1,7,446,342605,998068,7.568055782,9.026295912,AREA_A,81,6/4/2024
29,25,74.43,2,7,445,342586,998128,7.56788082,9.026837772,AREA_A,108,6/4/2024
30,60,141.01,2,7,447,342542,998205,7.567477856,9.027532463,AREA_A,316,6/4/2024
31,60,144.28,3,7,448,342512,998279,7.567202338,9.028200524,AREA_A,123,6/4/2024
32,65,167.93,5,7,450,342496,998339,7.567054662,9.028742489,AREA_A,146,6/4/2024
33,40,67.2,4,7,443,342618,998108,7.568172601,9.026658062,AREA_A,34,6/4/2024
34,30,93.52,5,7,442,342663,998093,7.568582448,9.026524024,AREA_A,139,6/4/2024
35,50,102.07,5,7,442,342645,998131,7.568417368,9.026866991,AREA_A,244,6/4/2024
36,55,60.88,2,7,443,342622,998172,7.568206701,9.027236907,AREA_A,2,6/4/2024
37,35,87,0,7,445,342593,998228,7.567940923,9.027742244,AREA_A,140,6/4/2024
38,45,92.91,3,7,448,342564,998275,7.567675466,9.0281662,AREA_A,99,6/4/2024
39,50,126.53,3,7,448,342535,998325,7.567409901,9.028617282,AREA_A,185,6/4/2024
40,55,167.06,6,7,451,342514,998376,7.567217067,9.029077691,AREA_A,214,6/4/2024
41,65,206.46,6,7,451,342488,998408,7.566979431,9.029366119,AREA_A,68,6/4/2024
42,70,193.83,6,7,451,342515,998421,7.567224556,9.029484627,AREA_A,209,6/4/2024
43,65,188.4,4,7,449,342542,998438,7.567469539,9.029639303,AREA_A,159,6/4/2024
44,60,139.45,4,7,449,342562,998391,7.567653134,9.029215028,AREA_A,57,6/4/2024
45,40,74.4,3,7,448,342596,998332,7.5679645,9.028682742,AREA_A,182,6/4/2024
46,25,35.36,1,7,446,342621,998293,7.568193289,9.028330982,AREA_A,255,6/4/2024
47,25,51.62,1,7,444,342648,998237,7.568440875,9.027825574,AREA_A,101,6/4/2024
48,55,90.8,1,7,444,342668,998198,7.568624183,9.027473636,AREA_A,336,6/4/2024
49,50,136.56,2,7,443,342691,998156,7.568834885,9.027094678,AREA_A,15,6/4/2024
50,65,150.72,4,7,443,342712,998123,7.569027074,9.026797028,AREA_A,234,6/4/2024
51,75,102.08,1,7,444,342706,998199,7.56896979,9.027484025,AREA_A,74,6/4/2024
52,50,114.39,3,7,448,342597,998386,7.567971669,9.029171058,AREA_A,146,6/4/2024
53,60,139.29,4,7,449,342587,998409,7.567879889,9.029378675,AREA_A,47,6/4/2024
54,75,188.53,3,7,448,342563,998452,7.567660053,9.029766639,AREA_A,283,6/4/2024
55,50,189.11,3,7,448,342595,998467,7.567950587,9.029903408,AREA_A,350,6/4/2024
56,70,151.82,3,7,448,342611,998433,7.568097334,9.02959654,AREA_A,38,6/5/2024
57,60,98.27,3,7,448,342635,998384,7.568317384,9.029154322,AREA_A,114,6/5/2024
58,35,66.1,3,7,448,342644,998353,7.568400353,9.028874332,AREA_A,87,6/5/2024
59,30,54.04,2,7,447,342658,998342,7.568528088,9.028775364,AREA_A,156,6/5/2024
60,25,37.12,1,7,444,342693,998285,7.568848477,9.028261197,AREA_A,103,6/5/2024
61,40,77.16,2,7,443,342713,998236,7.569032141,9.027818836,AREA_A,46,6/5/2024
62,45,118.44,2,7,443,342733,998198,7.569215413,9.02747594,AREA_A,76,6/5/2024
63,50,176.82,3,7,442,342764,998148,7.569499167,9.027024927,AREA_A,27,6/5/2024
64,90,235.36,6,7,441,342466,997847,7.566799352,9.024292647,AREA_A,264,6/5/2024
65,130,254.87,7,7,440,342477,997820,7.56690037,9.024048898,AREA_A,24,6/5/2024
66,120,296.1,9,7,438,342461,997782,7.566756194,9.023704725,AREA_A,232,6/5/2024
67,50,207.2,5,7,442,342461,997883,7.566752588,9.02461799,AREA_A,280,6/5/2024
68,75,238.32,6,7,441,342412,997883,7.566306896,9.024616251,AREA_A,77,6/5/2024
69,70,197.28,5,7,442,342438,997915,7.566542243,9.024906525,AREA_A,102,6/5/2024
70,120,228.64,6,7,441,342384,997933,7.566050428,9.025067368,AREA_A,307,6/5/2024
71,120,237.98,6,7,441,342346,998001,7.565702359,9.02568089,AREA_A,259,6/5/2024
72,130,197.31,5,7,442,342384,998018,7.566047392,9.025835958,AREA_A,45,6/5/2024
73,60,209.4,5,7,442,342369,998041,7.565910133,9.026043396,AREA_A,254,6/5/2024
74,130,261.01,6,7,441,342317,998056,7.565436615,9.026177183,AREA_A,127,6/5/2024
75,90,234.85,6,7,441,342344,998074,7.565681559,9.026340902,AREA_A,264,6/5/2024
76,130,281.32,4,7,443,342308,998133,7.565352001,9.026873114,AREA_A,222,6/5/2024
77,120,344.41,0,7,447,342253,998168,7.564850479,9.027187637,AREA_A,361,6/5/2024
78,130,315.41,1,7,448,342292,998187,7.565204538,9.027360826,AREA_A,140,6/5/2024
79,120,347.59,2,7,449,342271,998217,7.565012453,9.027631346,AREA_A,171,6/5/2024
80,120,372.86,3,7,450,342256,998242,7.564875121,9.027856868,AREA_A,273,6/5/2024
81,113,408.79,5,7,452,342215,998242,7.564502191,9.027855411,AREA_A,337,6/5/2024
82,130,389.42,4,7,451,342256,998273,7.564874013,9.028137177,AREA_A,45,6/5/2024
83,130,415.88,8,7,453,342241,998315,7.564736073,9.028516417,AREA_A,304,6/5/2024
84,120,465.97,15,7,460,342191,998318,7.564281172,9.028541766,AREA_A,51,6/5/2024
85,130,491.23,11,7,458,342119,998229,7.563629455,9.027734448,AREA_A,128,6/5/2024
86,92,434.01,4,7,451,342173,998210,7.564121311,9.027564566,AREA_A,29,6/5/2024
87,92,491.92,3,7,444,342087,998084,7.563343579,9.026422188,AREA_A,142,6/5/2024
88,122,422.2,3,7,444,342156,998041,7.563972727,9.026035827,AREA_A,318,6/5/2024
89,62,349.23,8,7,439,342244,997952,7.56477634,9.025234198,AREA_A,238,6/5/2024
90,62,326.96,10,7,437,342278,997924,7.565086597,9.024982224,AREA_A,151,6/5/2024
91,55,297.43,7,7,440,342350,997863,7.565743672,9.024433205,AREA_A,54,6/6/2024
92,62,345.24,11,7,456,342319,998363,7.565443834,9.028953216,AREA_A,105,6/6/2024
93,132,318.68,10,7,455,342377,998442,7.565968572,9.029669613,AREA_A,5,6/6/2024
94,132,292.31,9,7,454,342386,998400,7.566051936,9.029290159,AREA_A,40,6/6/2024
95,135,320.98,10,7,455,342351,998388,7.565734009,9.029180409,AREA_A,355,6/6/2024
96,62,359.9,16,7,461,342363,998497,7.565839264,9.030166438,AREA_A,275,6/6/2024
97,92,322.58,12,7,457,342412,998499,7.566284892,9.030186263,AREA_A,214,6/6/2024
98,55,266.32,10,7,455,342451,998458,7.566641097,9.029816917,AREA_A,123,6/6/2024
99,92,364.61,9,7,454,342435,998578,7.566491275,9.030901416,AREA_A,148,6/6/2024
100,25,239.56,2,7,447,342589,998518,7.567894191,9.030364349,AREA_A,1,6/6/2024
101,32,90.27,2,7,447,342713,998358,7.569027791,9.028921989,AREA_B,107,6/6/2024
102,13,201.42,2,7,447,342643,998489,7.568386405,9.03010404,AREA_B,139,6/6/2024
103,42,154.25,3,7,448,342761,998401,7.569462861,9.029312507,AREA_B,234,6/6/2024
104,62,169.96,3,7,448,342734,998439,7.569215917,9.029655155,AREA_B,155,6/6/2024
105,65,173.93,6,7,449,342691,998521,7.568821868,9.030395094,AREA_B,237,6/6/2024
106,25,144.14,6,7,449,342730,998506,7.569177144,9.030260843,AREA_B,56,6/6/2024
107,25,164,6,7,449,342820,998416,7.569998985,9.029450231,AREA_B,261,6/6/2024
108,25,108.26,2,7,453,342750,998554,7.569357351,9.030695579,AREA_B,231,6/6/2024
109,42,113.89,2,7,453,342749,998615,7.56934608,9.031247121,AREA_B,66,6/6/2024
110,32,183.35,1,7,456,342705,998680,7.56894354,9.031833306,AREA_B,246,6/6/2024
111,52,226.74,2,7,457,342660,998690,7.568533865,9.031922132,AREA_B,313,6/6/2024
112,42,283.47,1,7,454,342622,998736,7.568186576,9.032336727,AREA_B,199,6/6/2024
113,25,261.69,2,7,457,342675,998765,7.568667628,9.032600832,AREA_B,262,6/6/2024
114,25,118.68,2,7,453,342889,998462,7.570624964,9.029868618,AREA_B,266,6/7/2024
115,22,33.53,1,7,454,342846,998544,7.570230918,9.030608559,AREA_B,126,6/7/2024
116,52,142.44,2,7,453,342968,998488,7.571342616,9.030106513,AREA_B,163,6/7/2024
117,35,81.5,0,7,455,342937,998567,7.571057829,9.030819753,AREA_B,151,6/7/2024
118,32,88.28,2,7,457,342849,998664,7.570253929,9.031693734,AREA_B,294,6/7/2024
119,25,199.4,5,7,460,342737,998736,7.569232613,9.032340806,AREA_B,345,6/7/2024
120,52,172,7,7,462,342855,998748,7.570305511,9.032453495,AREA_B,290,6/7/2024
121,35,147.49,3,7,453,343038,998536,7.571977623,9.030543018,AREA_B,38,6/7/2024
122,25,57.01,1,7,455,343025,998626,7.571856172,9.031356361,AREA_B,269,6/7/2024
123,13,56.75,2,7,458,342971,998669,7.571363459,9.031743266,AREA_B,289,6/7/2024
124,35,145.91,8,7,464,342943,998803,7.571103999,9.032953935,AREA_B,318,6/7/2024
125,22,55.01,1,7,457,343025,998738,7.571852185,9.032369092,AREA_B,218,6/7/2024
126,13,88.62,4,7,452,343084,998616,7.57239319,9.031268026,AREA_B,53,6/7/2024
127,13,97.74,3,7,453,343156,998572,7.573049665,9.030872713,AREA_B,45,6/7/2024
128,22,32.02,1,7,454,343088,998713,7.572426122,9.032145265,AREA_B,275,6/7/2024
129,42,79.88,0,7,459,343021,998814,7.571813095,9.033056161,AREA_B,85,6/7/2024
130,13,95.52,4,7,451,343154,998675,7.573027809,9.031803994,AREA_B,244,6/7/2024
131,25,56.01,1,7,458,343088,998803,7.572422919,9.032959068,AREA_B,191,6/7/2024
132,22,94.37,1,7,454,343181,998724,7.573271658,9.032248019,AREA_B,32,6/7/2024
133,15,23.85,1,7,452,343225,998794,7.573669393,9.032882532,AREA_B,107,6/7/2024
134,25,74.17,1,7,459,343172,998894,7.573183747,9.033784884,AREA_B,323,6/7/2024
135,42,79.2,1,7,451,343281,998737,7.574180795,9.032369103,AREA_B,10,6/7/2024
136,32,30.59,1,7,451,343308,998695,7.57442788,9.031990282,AREA_B,129,6/7/2024
137,22,67.08,2,7,450,343356,998738,7.57486296,9.032380794,AREA_B,147,6/7/2024
138,32,69.35,2,7,451,343307,998807,7.574414803,9.033002979,AREA_B,134,6/7/2024
139,5,49.48,1,7,455,343263,998898,7.574011344,9.03382427,AREA_B,237,6/7/2024
140,5,45.88,0,7,446,343323,998454,7.574572882,9.029811628,AREA_B,124,6/7/2024
141,25,93.91,3,7,447,343290,998521,7.574270335,9.030416293,AREA_B,217,6/7/2024
142,25,10.77,0,7,450,343252,998595,7.573922059,9.031084078,AREA_B,182,6/10/2024
143,35,60.44,2,7,448,343350,998525,7.57481595,9.030454581,AREA_B,341,6/10/2024
144,5,35.44,1,7,448,343336,998602,7.574685871,9.031150341,AREA_B,71,6/10/2024
145,22,59.51,0,7,446,343421,998492,7.575462935,9.030158693,AREA_B,22,6/10/2024
146,25,99.76,1,7,444,343471,998543,7.575915922,9.030621613,AREA_B,192,6/10/2024
147,35,89.47,2,7,446,343410,998593,7.575359293,9.031071573,AREA_B,153,6/10/2024
148,35,57.71,1,7,447,343419,998645,7.57543931,9.031542089,AREA_B,13,6/10/2024
149,62,229.59,8,7,463,342829,998804,7.570067019,9.032958939,AREA_B,116,6/10/2024
150,5,36.36,1,7,461,343079,998920,7.572336891,9.034016692,AREA_B,145,6/10/2024
151,35,129.4,5,7,459,343219,998977,7.573608308,9.034537053,AREA_B,323,6/10/2024
152,32,121.5,4,7,464,343087,999010,7.572406455,9.034830778,AREA_B,79,6/10/2024
153,42,177.72,4,7,464,342929,998944,7.570971631,9.034228396,AREA_B,189,6/10/2024
154,132,230.65,7,7,466,342863,998914,7.570372363,9.03395479,AREA_B,96,6/10/2024
155,92,294.54,6,7,461,342743,998848,7.569283194,9.033353749,AREA_B,67,6/10/2024
156,92,178.72,2,7,462,343192,999041,7.573360438,9.035114802,AREA_B,179,6/10/2024
157,132,196.02,9,7,469,343150,999078,7.572977087,9.03544788,AREA_B,59,6/10/2024
158,122,224.45,11,7,471,343037,999105,7.57194827,9.035688021,AREA_B,62,6/10/2024
159,113,215.2,11,7,471,342970,999062,7.571340365,9.035296833,AREA_B,170,6/10/2024
160,113,210.11,5,7,465,342937,999024,7.571041549,9.034952059,AREA_B,139,6/11/2024
161,92,250.91,6,7,466,342884,999020,7.570559601,9.034914012,AREA_B,159,6/11/2024
162,122,332.63,7,7,467,342794,999024,7.569740814,9.034946991,AREA_B,51,6/11/2024
163,122,389.28,1,7,460,342717,998980,7.569041989,9.034546402,AREA_B,177,6/11/2024
164,132,448.99,3,7,463,342688,999072,7.568774921,9.035377259,AREA_B,45,6/11/2024
165,132,338.76,10,7,470,342863,999133,7.570364555,9.035935041,AREA_B,305,6/11/2024
166,132,305.81,18,7,478,343004,999180,7.571645428,9.036365021,AREA_B,175,6/11/2024
167,92,308.01,18,7,478,343101,999197,7.572527143,9.036522173,AREA_B,212,6/11/2024
168,132,400.05,22,7,482,343069,999288,7.572232828,9.037343885,AREA_B,318,6/11/2024
169,132,420.33,23,7,483,342972,999290,7.571350433,9.037358535,AREA_B,127,6/11/2024
170,92,378.8,18,7,478,342931,999229,7.570979667,9.036805506,AREA_B,154,6/11/2024
171,122,426.9,11,7,471,342867,999248,7.570396839,9.03697504,AREA_B,47,6/11/2024
172,132,473.33,10,7,470,342775,999235,7.569560462,9.036854229,AREA_B,183,6/11/2024
173,132,531.51,18,7,478,342639,999157,7.568326179,9.03614411,AREA_B,115,6/11/2024
174,132,527.39,16,7,487,342675,999273,7.568649497,9.037194286,AREA_B,320,6/11/2024
175,122,463.04,4,7,499,342656,999344,7.568474136,9.03783561,AREA_B,301,6/11/2024
176,132,488.07,26,7,477,342776,999301,7.569567204,9.037451052,AREA_B,260,6/11/2024
177,120,474.22,15,7,475,342858,999298,7.570313192,9.037426833,AREA_B,27,6/11/2024
178,120,469.3,24,7,484,342946,999333,7.571112402,9.03774643,AREA_B,348,6/11/2024
179,130,470.34,17,7,486,343018,999381,7.571765613,9.038183008,AREA_B,299,6/11/2024
180,50,405.81,9,7,494,343004,999448,7.57163588,9.038788343,AREA_B,87,6/11/2024
181,90,379.33,16,7,487,342876,999421,7.570472536,9.038539666,AREA_B,52,6/11/2024
182,90,323.36,12,7,491,342876,999479,7.570470467,9.039064116,AREA_B,53,6/12/2024
183,90,373.55,9,7,494,342818,999417,7.569945102,9.038501441,AREA_B,99,6/12/2024
184,55,268.75,9,7,494,342764,999521,7.5694502,9.039439918,AREA_B,169,6/12/2024
185,130,342.38,2,7,501,342602,999499,7.567977409,9.039235239,AREA_B,280,6/12/2024
186,130,297.26,6,7,509,342583,999570,7.567802045,9.039876562,AREA_B,264,6/12/2024
187,130,231.68,8,7,495,342650,999600,7.568410416,9.040150208,AREA_B,86,6/12/2024
188,120,237.2,0,7,503,342594,999647,7.567899351,9.040573204,AREA_B,9,6/12/2024
189,20,186.42,6,7,497,342807,999604,7.569838373,9.040191949,AREA_B,290,6/12/2024
190,20,72.57,3,7,500,342769,999718,7.569488649,9.041221415,AREA_B,360,6/12/2024
191,13,112.72,3,7,500,342743,999894,7.569245864,9.042811926,AREA_B,32,6/12/2024
192,13,159.14,6,7,497,342674,999674,7.568626081,9.040820185,AREA_B,292,6/12/2024
193,50,196.45,4,7,507,342596,999732,7.567914506,9.041341864,AREA_B,258,6/12/2024
194,40,222.3,9,7,512,342563,999813,7.567611436,9.042073112,AREA_B,53,6/12/2024
195,13,128.72,1,7,504,342657,999810,7.568466588,9.042049325,AREA_B,180,6/12/2024
196,35,306.37,15,7,518,342508,999922,7.567107247,9.04305676,AREA_B,339,6/12/2024
197,40,196.6,3,7,506,342613,999886,7.568063638,9.042734971,AREA_B,187,6/12/2024
198,30,211.02,2,7,505,342643,999946,7.568334382,9.043278571,AREA_B,67,6/12/2024
199,13,192.63,4,7,499,342759,999980,7.569388333,9.043590125,AREA_B,18,6/12/2024
200,30,230.85,2,7,505,342695,1000002,7.568805386,9.043786782,AREA_B,83,6/13/2024
201,40,101.84,0,7,443,343505,998566,7.576224368,9.030830785,AREA_C,325,6/13/2024
202,13,138.64,2,7,446,343492,998610,7.576104559,9.031228186,AREA_C,270,6/13/2024
203,13,105.08,1,7,447,343469,998643,7.57589418,9.031525769,AREA_C,40,6/13/2024
204,5,72.84,0,7,448,343440,998683,7.575628977,9.031886436,AREA_C,34,6/13/2024
205,20,87.14,1,7,444,343544,998557,7.57657943,9.03075078,AREA_C,275,6/13/2024
206,13,113.88,4,7,445,343578,998583,7.576887771,9.030987078,AREA_C,248,6/13/2024
207,20,137.06,2,7,445,343543,998607,7.576568561,9.031202858,AREA_C,15,6/13/2024
208,20,132.09,4,7,445,343544,998646,7.576576273,9.031555542,AREA_C,108,6/13/2024
209,5,55.07,3,7,446,343628,998614,7.577341471,9.031269151,AREA_C,271,6/13/2024
210,5,85.29,4,7,445,343591,998634,7.57700421,9.031448692,AREA_C,302,6/13/2024
211,5,27.07,1,7,448,343649,998643,7.577531458,9.031532117,AREA_C,313,6/13/2024
212,54,146.49,2,7,446,343510,998708,7.576264809,9.032114963,AREA_C,90,6/13/2024
213,54,131.61,2,7,447,343570,998719,7.576810179,9.032216544,AREA_C,76,6/13/2024
214,44,152.63,1,7,448,343587,998765,7.576963179,9.032633088,AREA_C,144,6/13/2024
215,34,76.69,1,7,449,343417,998731,7.575418064,9.032319653,AREA_C,272,6/13/2024
216,45,105.72,2,7,450,343387,998776,7.575143586,9.032725495,AREA_C,251,6/14/2024
217,45,90.44,2,7,452,343363,998812,7.574924003,9.033050169,AREA_C,296,6/14/2024
218,44,39.66,0,7,454,343344,998864,7.574749331,9.033519695,AREA_C,31,6/14/2024
219,13,79.4,2,7,451,343394,998839,7.57520502,9.033295405,AREA_C,206,6/14/2024
220,54,118.98,1,7,447,343467,998738,7.575872616,9.032384713,AREA_C,9,6/14/2024
221,44,144.81,0,7,448,343456,998787,7.57577082,9.032827396,AREA_C,222,6/14/2024
222,25,85.98,3,7,450,343433,998846,7.575559517,9.033360077,AREA_C,363,6/14/2024
223,13,35.47,1,7,452,343399,998885,7.575248866,9.033711525,AREA_C,45,6/14/2024
224,35,105.39,3,7,450,343474,998860,7.575931957,9.033488116,AREA_C,174,6/14/2024
225,5,55.11,0,7,453,343440,998929,7.575620241,9.034110832,AREA_C,301,6/14/2024
226,34,104.04,0,7,453,343485,998950,7.576028818,9.034302308,AREA_C,275,6/14/2024
227,54,150.88,4,7,449,343528,998867,7.576422894,9.033553318,AREA_C,188,6/17/2024
228,44,188.67,5,7,448,343540,998809,7.576534105,9.03302929,AREA_C,260,6/17/2024
229,24,107.45,0,7,453,343453,999002,7.575735897,9.034771376,AREA_C,341,6/17/2024
230,24,156.85,2,7,455,343435,999067,7.575569859,9.035358488,AREA_C,130,6/17/2024
231,13,78.11,1,7,454,343411,998992,7.575354218,9.034679471,AREA_C,145,6/17/2024
232,34,118.6,3,7,456,343357,999033,7.574861574,9.035048296,AREA_C,327,6/17/2024
233,5,42.38,2,7,455,343372,998958,7.57500068,9.034370656,AREA_C,244,6/17/2024
234,54,100.9,4,7,457,343322,998996,7.574544526,9.034712496,AREA_C,254,6/17/2024
235,13,66.73,2,7,456,343289,998949,7.574246027,9.034286344,AREA_C,279,6/17/2024
236,48,172.24,4,7,458,343238,999042,7.573778822,9.035125471,AREA_C,329,6/17/2024
237,84,201.09,7,7,460,343380,999119,7.575067727,9.035826743,AREA_C,225,6/17/2024
238,64,234.88,6,7,466,343197,999102,7.573403749,9.035666556,AREA_C,153,6/17/2024
239,34,223.29,7,7,460,343319,999131,7.574512439,9.035933094,AREA_C,240,6/17/2024
240,38,251.73,10,7,463,343423,999167,7.575457154,9.03626229,AREA_C,104,6/17/2024
241,44,304.38,17,7,477,343155,999188,7.573018653,9.036442704,AREA_C,338,6/17/2024
242,94,367.9,14,7,474,343205,999241,7.573471572,9.036923712,AREA_C,171,6/17/2024
243,94,369.86,18,7,471,343258,999265,7.573952812,9.0371426,AREA_C,299,6/18/2024
244,84,438.77,15,7,468,343360,999356,7.574877382,9.037969051,AREA_C,260,6/18/2024
245,134,446.23,0,7,464,343429,999374,7.575504376,9.038134249,AREA_C,277,6/18/2024
246,113,378.76,2,7,462,343495,999360,7.576105219,9.038009989,AREA_C,2,6/18/2024
247,84,462.39,22,7,475,343216,999348,7.573567822,9.037891622,AREA_C,22,6/18/2024
248,64,421.35,19,7,479,343151,999307,7.572978033,9.03751859,AREA_C,295,6/18/2024
249,134,463.04,23,7,483,343104,999352,7.572548913,9.037923828,AREA_C,191,6/18/2024
250,94,473.06,18,7,485,343120,999456,7.572690748,9.038864788,AREA_C,169,6/18/2024
251,124,544.23,22,7,475,343216,999435,7.573564727,9.038678298,AREA_C,53,6/18/2024
252,134,527.8,19,7,472,343290,999437,7.574237771,9.038698999,AREA_C,183,6/18/2024
253,124,374.88,2,7,462,343521,999428,7.576339304,9.03862578,AREA_C,135,6/18/2024
254,134,365,0,7,464,343573,999498,7.576809819,9.039260574,AREA_C,297,6/18/2024
255,124,440.65,3,7,467,343476,999486,7.575927916,9.039148642,AREA_C,74,6/18/2024
256,124,509.4,3,7,467,343400,999487,7.575236571,9.039155,AREA_C,251,6/18/2024
257,134,578.28,8,7,472,343334,999508,7.574635477,9.039342555,AREA_C,221,6/19/2024
258,124,598.07,3,7,467,343336,999558,7.574651891,9.039794738,AREA_C,102,6/19/2024
259,124,541.94,28,7,475,343248,999509,7.573853171,9.039348556,AREA_C,349,6/19/2024
260,134,537.82,9,7,460,343421,999630,7.575422508,9.040448785,AREA_C,60,6/19/2024
261,94,419.44,13,7,464,343549,999604,7.576587746,9.040218207,AREA_C,215,6/19/2024
262,134,467.74,27,7,476,343235,999665,7.573729369,9.040758687,AREA_C,189,6/19/2024
263,134,465.28,30,7,473,343245,999726,7.57381816,9.041310618,AREA_C,194,6/19/2024
264,134,496.23,28,7,475,343280,999804,7.574133753,9.042017152,AREA_C,64,6/19/2024
265,134,578.36,35,7,468,343352,999680,7.574793092,9.040898459,AREA_C,27,6/19/2024
266,134,578.02,21,7,472,343377,999803,7.575016124,9.04201154,AREA_C,314,6/19/2024
267,134,548.89,15,7,466,343422,999877,7.575422824,9.042682257,AREA_C,140,6/19/2024
268,134,569.17,13,7,464,343423,999942,7.575429609,9.043270039,AREA_C,299,6/19/2024
269,84,405.76,11,7,462,343556,999824,7.576643606,9.042207752,AREA_C,251,6/19/2024
270,94,380.87,10,7,461,343592,999857,7.576969899,9.042507417,AREA_C,239,6/19/2024
271,94,351.37,6,7,457,343687,999960,7.577830388,9.043442123,AREA_C,228,6/19/2024
272,84,405.94,8,7,459,343715,1000058,7.578081606,9.044329253,AREA_C,300,6/20/2024
273,84,431,9,7,458,343724,1000143,7.578160456,9.045098164,AREA_C,24,6/20/2024
274,88,414.42,8,7,459,343621,999979,7.577229359,9.043611597,AREA_C,157,6/20/2024
275,94,430.59,8,7,459,343663,1000048,7.577608953,9.044236996,AREA_C,184,6/20/2024
276,94,475.84,10,7,457,343638,1000106,7.577379486,9.044760565,AREA_C,251,6/20/2024
277,84,509.01,6,7,461,343531,1000103,7.576406286,9.044729659,AREA_C,48,6/20/2024
278,134,576.85,4,7,463,343418,1000085,7.575379043,9.044562905,AREA_C,273,6/20/2024
279,134,606.85,36,7,467,343348,1000013,7.574744863,9.043909388,AREA_C,230,6/20/2024
280,134,597.34,1,7,466,343320,1000134,7.574485861,9.04500251,AREA_C,114,6/20/2024
281,84,588.59,37,7,466,343278,1000109,7.574104705,9.044774968,AREA_C,303,6/20/2024
282,88,534.18,31,7,472,343284,999977,7.574163981,9.043581603,AREA_C,218,6/20/2024
283,88,353.01,5,7,498,343026,999532,7.571833002,9.03954867,AREA_C,70,6/20/2024
284,98,469.66,21,7,482,343200,999571,7.573414348,9.039907478,AREA_C,73,6/20/2024
285,98,393.91,12,7,491,343116,999577,7.572650055,9.039958758,AREA_C,333,6/20/2024
286,98,317.62,11,7,492,343040,999601,7.57195789,9.040173081,AREA_C,55,6/20/2024
287,74,223.62,10,7,493,342886,999590,7.57055747,9.040068159,AREA_C,32,6/20/2024
288,64,178.75,11,7,492,342900,999653,7.57068257,9.040638317,AREA_C,231,6/20/2024
289,13,242.92,14,7,489,343016,999717,7.571735447,9.041221131,AREA_C,259,6/20/2024
290,8,47.76,2,7,501,342829,999805,7.570031317,9.042010219,AREA_C,134,6/21/2024
291,13,131.19,12,7,491,342915,999796,7.570813913,9.041931888,AREA_C,203,6/21/2024
292,34,145.66,10,7,493,342868,999908,7.570382394,9.042942952,AREA_C,187,6/21/2024
293,84,188.32,20,7,483,342941,999893,7.571046956,9.042809907,AREA_C,119,6/21/2024
294,8,284.86,16,7,487,343019,999950,7.571754431,9.04332808,AREA_C,54,6/21/2024
295,94,458.75,30,7,473,343164,1000046,7.57306997,9.044201271,AREA_C,239,6/21/2024
296,94,564.72,38,7,465,343208,1000162,7.573466076,9.04525173,AREA_C,67,6/21/2024
297,98,489.34,35,7,468,343127,1000138,7.57273013,9.045031847,AREA_C,304,6/21/2024
298,74,409.46,27,7,476,343078,1000074,7.572286692,9.044451408,AREA_C,186,6/21/2024
299,94,525.76,23,7,480,343064,1000234,7.57215364,9.045897671,AREA_C,145,6/21/2024
300,74,429.38,9,7,494,342970,1000176,7.571300654,9.045369889,AREA_C,79,6/21/2024
301,84,192.46,2,7,440,342825,998133,7.570054548,9.026891454,AREA_D,64,6/21/2024
302,44,222.27,3,7,439,342855,998076,7.570329453,9.026377108,AREA_D,331,6/21/2024
303,24,264.75,4,7,438,342878,998021,7.570540616,9.025880599,AREA_D,43,6/21/2024
304,64,283.44,4,7,438,342906,997995,7.570796225,9.025646492,AREA_D,163,6/21/2024
305,64,269.03,4,7,438,342952,998005,7.571214276,9.025738542,AREA_D,261,6/21/2024
306,74,239.04,4,7,438,342918,998038,7.570903844,9.026035733,AREA_D,9,6/21/2024
307,8,179.36,3,7,439,342873,998115,7.570491789,9.026730393,AREA_D,245,7/1/2024
308,28,147.41,3,7,439,342869,998155,7.570453981,9.027091941,AREA_D,64,7/1/2024
309,28,183.85,3,7,439,342910,998096,7.570829012,9.0265599,AREA_D,149,7/1/2024
310,28,216.09,4,7,438,342986,998060,7.571521577,9.026237068,AREA_D,93,7/1/2024
311,13,114.04,2,7,440,342905,998172,7.570780827,9.027246934,AREA_D,208,7/1/2024
312,13,73.16,1,7,441,342943,998202,7.571125401,9.027519546,AREA_D,3,7/1/2024
313,44,114.74,2,7,440,342943,998160,7.571126897,9.027139772,AREA_D,265,7/1/2024
314,48,152.21,4,7,438,342964,998122,7.571319262,9.026796909,AREA_D,177,7/1/2024
315,84,208.63,4,7,438,343058,998092,7.572175339,9.026528967,AREA_D,13,7/1/2024
316,44,147.33,3,7,439,343015,998139,7.571782545,9.026952432,AREA_D,330,7/1/2024
317,8,57.28,2,7,440,342997,998234,7.571615439,9.027810809,AREA_D,19,7/1/2024
318,13,110.26,1,7,441,343042,998205,7.572025785,9.027550175,AREA_D,204,7/1/2024
319,13,154.15,3,7,439,343065,998165,7.572236413,9.027189299,AREA_D,85,7/1/2024
320,13,196.76,4,7,438,343089,998129,7.572455994,9.026864626,AREA_D,91,7/1/2024
321,8,190.08,4,7,438,343125,998187,7.572781383,9.02739035,AREA_D,214,7/1/2024
322,8,183.97,0,7,442,343136,998236,7.572879695,9.027833809,AREA_D,93,7/1/2024
323,24,60,1,7,443,343076,998275,7.572332555,9.028184335,AREA_D,275,7/1/2024
324,8,164.91,3,7,445,343119,998299,7.572722825,9.02840287,AREA_D,127,7/1/2024
325,84,193.76,3,7,445,343146,998312,7.572967951,9.028521374,AREA_D,26,7/2/2024
326,94,229.71,3,7,439,343178,998215,7.573262468,9.027645406,AREA_D,161,7/2/2024
327,98,244.77,5,7,437,343182,998180,7.573300096,9.027329068,AREA_D,139,7/2/2024
328,134,280.49,5,7,437,343210,998155,7.573555669,9.027104001,AREA_D,223,7/2/2024
329,134,226.08,0,7,442,343182,998280,7.573296541,9.028233294,AREA_D,307,7/2/2024
330,84,208.21,3,7,443,343199,998344,7.573448897,9.028812599,AREA_D,264,7/2/2024
331,74,227.73,4,7,442,343203,998309,7.573486524,9.028496261,AREA_D,71,7/2/2024
332,84,263.29,2,7,440,343218,998248,7.573625131,9.027945214,AREA_D,44,7/2/2024
333,134,295.58,7,7,439,343249,998196,7.573908951,9.027476111,AREA_D,334,7/2/2024
334,84,258.31,8,7,438,343320,998213,7.574554154,9.027632337,AREA_D,2,7/2/2024
335,84,217.61,6,7,440,343294,998262,7.574315921,9.02807449,AREA_D,143,7/2/2024
336,34,112.01,5,7,441,343328,998362,7.574621629,9.028979916,AREA_D,222,7/2/2024
337,13,106.78,3,7,443,343291,998392,7.574284015,9.029249877,AREA_D,96,7/2/2024
338,34,62.43,2,7,444,343334,998414,7.574674358,9.029450326,AREA_D,120,7/2/2024
339,13,68.25,3,7,443,343380,998400,7.575093268,9.029325358,AREA_D,59,7/2/2024
340,34,117.72,4,7,442,343380,998350,7.575095043,9.028873245,AREA_D,288,7/2/2024
341,13,150.76,4,7,442,343390,998318,7.575187138,9.028584245,AREA_D,5,7/2/2024
342,44,187.24,4,7,442,343411,998285,7.575379324,9.028286592,AREA_D,325,7/2/2024
343,84,196.98,1,7,442,343459,998290,7.57581575,9.028333497,AREA_D,144,7/2/2024
344,44,151.79,4,7,442,343447,998338,7.575704895,9.028767102,AREA_D,222,7/3/2024
345,8,52.17,2,7,444,343418,998456,7.575436925,9.029833066,AREA_D,221,7/3/2024
346,34,109.81,1,7,442,343472,998383,7.575930696,9.029174886,AREA_D,34,7/3/2024
347,44,145.99,3,7,440,343515,998326,7.576323843,9.028660994,AREA_D,59,7/3/2024
348,24,97.02,2,7,441,343515,998376,7.576322069,9.029113107,AREA_D,138,7/3/2024
349,24,76.22,0,7,443,343479,998423,7.575992948,9.029536824,AREA_D,81,7/3/2024
350,44,71.81,2,7,445,343469,998486,7.575899753,9.030106133,AREA_D,221,7/3/2024
351,44,61.2,1,7,442,343544,998409,7.576584681,9.029412524,AREA_D,217,7/3/2024
352,34,125.25,2,7,441,343581,998352,7.576923252,9.02889842,AREA_D,103,7/3/2024
353,64,293.9,5,7,437,342979,997981,7.571460718,9.025522483,AREA_D,129,7/3/2024
354,134,340.3,5,7,437,343035,997943,7.571971435,9.025180858,AREA_D,76,7/3/2024
355,134,267.37,4,7,438,343014,998013,7.571777933,9.025813073,AREA_D,321,7/3/2024
356,134,296.45,5,7,437,343041,997990,7.572024338,9.025606056,AREA_D,354,7/3/2024
357,134,328.4,6,7,436,343094,997976,7.572506914,9.025481338,AREA_D,114,7/3/2024
358,94,271.15,4,7,438,343061,998024,7.572205045,9.0259142,AREA_D,361,7/3/2024
359,84,260.71,4,7,438,343102,998058,7.572576765,9.026223086,AREA_D,74,7/3/2024
360,94,327.27,7,7,435,343138,998002,7.572906206,9.025717992,AREA_D,236,7/3/2024
361,134,291.29,6,7,436,343141,998049,7.572931823,9.026143084,AREA_D,1,7/3/2024
362,124,339.84,8,7,434,343184,998022,7.573323903,9.025900463,AREA_D,1,7/3/2024
363,124,306.22,6,7,436,343176,998061,7.573249751,9.026252828,AREA_D,140,7/3/2024
364,134,268.07,5,7,437,343150,998089,7.573012263,9.026505092,AREA_D,168,7/3/2024
365,134,355.76,7,7,435,343234,998052,7.573777629,9.026173497,AREA_D,308,7/3/2024
366,124,310.04,7,7,435,343207,998092,7.57353062,9.026534233,AREA_D,38,7/3/2024
367,144,357.58,7,7,435,343262,998089,7.574030998,9.026509049,AREA_D,31,7/4/2024
368,134,306.79,10,7,436,343313,998165,7.574492188,9.027198061,AREA_D,160,7/4/2024
369,144,356.72,11,7,435,343323,998113,7.574584993,9.026728217,AREA_D,78,7/4/2024
370,134,244,3,7,440,343495,998230,7.576145331,9.027792231,AREA_D,307,7/4/2024
371,34,183.17,4,7,439,343531,998287,7.576470761,9.028308909,AREA_D,116,7/4/2024
372,84,237.61,5,7,438,343556,998233,7.576700074,9.027821508,AREA_D,157,7/4/2024
373,18,157.43,4,7,439,343580,998318,7.576915361,9.028590947,AREA_D,94,7/4/2024
374,28,203.97,3,7,440,343605,998277,7.577144213,9.028221095,AREA_D,37,7/4/2024
375,28,136.36,1,7,442,343626,998365,7.577332107,9.029017555,AREA_D,328,7/4/2024
376,24,45.04,1,7,444,343541,998515,7.576553633,9.030370899,AREA_D,173,7/4/2024
377,13,47.68,2,7,445,343586,998478,7.576964263,9.030037922,AREA_D,154,7/4/2024
378,24,79.16,0,7,443,343610,998435,7.577184091,9.02964995,AREA_D,347,7/4/2024
379,34,112.36,1,7,444,343644,998430,7.57749353,9.029605937,AREA_D,103,7/4/2024
380,38,82.86,0,7,447,343612,998513,7.577199517,9.030355318,AREA_D,204,7/4/2024
381,48,93.41,3,7,446,343596,998544,7.577052882,9.030635064,AREA_D,118,7/4/2024
382,13,54.82,0,7,447,343648,998504,7.57752729,9.030275206,AREA_D,327,7/4/2024
383,44,82.46,2,7,445,343659,998462,7.577628835,9.029895819,AREA_D,352,7/5/2024
384,34,118.11,2,7,445,343686,998420,7.577875914,9.029516994,AREA_D,3,7/5/2024
385,44,55.58,0,7,447,343699,998483,7.577991928,9.030087116,AREA_D,341,7/5/2024
386,24,53.54,1,7,446,343662,998583,7.577651833,9.030990039,AREA_D,139,7/5/2024
387,8,48.84,1,7,448,343712,998608,7.578105746,9.031217858,AREA_D,363,7/5/2024
388,28,88.2,2,7,449,343769,998627,7.578623544,9.031391669,AREA_D,252,7/5/2024
389,28,42.2,0,7,447,343741,998564,7.578371089,9.030821019,AREA_D,135,7/5/2024
390,13,38.48,0,7,447,343726,998522,7.578236137,9.030440715,AREA_D,14,7/5/2024
391,13,47.76,1,7,448,343791,998584,7.578825179,9.031003626,AREA_D,267,7/5/2024
392,13,15.62,0,7,447,343763,998529,7.57857244,9.030505315,AREA_D,54,7/5/2024
393,24,23.19,1,7,448,343798,998536,7.578890551,9.030569843,AREA_D,137,7/5/2024
394,13,46.49,1,7,448,343819,998554,7.579080929,9.030733343,AREA_D,215,7/5/2024
395,44,65.73,0,7,447,343839,998524,7.579263911,9.030462779,AREA_D,135,7/5/2024
396,13,52.2,1,7,448,343790,998489,7.578819448,9.030144574,AREA_D,298,7/5/2024
397,13,67.36,1,7,448,343754,998475,7.57849249,9.030016715,AREA_D,190,7/5/2024
398,44,56.73,0,7,447,343818,998502,7.579073675,9.03026311,AREA_D,287,7/5/2024
399,8,135.2,2,7,445,343909,998521,7.579900735,9.030438116,AREA_D,249,7/5/2024
400,34,143.39,3,7,444,343907,998483,7.579883888,9.030094439,AREA_D,348,7/5/2024
401,48,121.56,3,7,417,346278,998632,7.601445328,9.031524538,ASO,110,7/5/2024
402,8,66.03,2,7,422,346159,998665,7.600361743,9.031818811,ASO,174,7/5/2024
403,48,155.97,5,7,415,346279,998701,7.601452018,9.032148496,ASO,117,7/5/2024
404,8,116.73,3,7,423,346181,998714,7.600560147,9.032262649,ASO,38,7/5/2024
405,8,151.73,2,7,421,346149,998761,7.600267432,9.03268653,ASO,74,7/9/2024
406,13,44.18,3,7,426,346068,998671,7.599533789,9.031869908,ASO,80,7/9/2024
407,8,69.32,1,7,422,346055,998737,7.599413236,9.032466252,ASO,138,7/9/2024
408,8,91.55,2,7,425,345990,998760,7.598821186,9.032671969,ASO,159,7/9/2024
409,13,37.7,0,7,423,345989,998689,7.59881457,9.032029928,ASO,9,7/9/2024
410,13,94.34,3,7,419,345925,998731,7.598230953,9.032407484,ASO,59,7/9/2024
411,48,103.46,2,7,414,345839,998748,7.597448094,9.032558215,ASO,66,7/9/2024
412,13,196.36,2,7,414,345784,998825,7.596945116,9.033252564,ASO,268,7/9/2024
413,13,187.96,6,7,422,345894,998838,7.597945234,9.033373938,ASO,172,7/9/2024
414,24,220.1,1,7,424,345955,998884,7.59849849,9.033792005,ASO,60,7/9/2024
415,34,163.62,0,7,423,345966,998828,7.598600504,9.033286016,ASO,58,7/9/2024
416,24,138.36,3,7,426,346034,998813,7.599219564,9.033152742,ASO,170,7/9/2024
417,88,213.04,2,7,425,346045,998887,7.599317037,9.033822258,ASO,100,7/9/2024
418,20,145.72,2,7,421,346116,998788,7.599966318,9.032929529,ASO,342,7/10/2024
419,30,256.45,2,7,421,346182,998877,7.600563556,9.033736588,ASO,233,7/10/2024
420,20,180.25,2,7,422,346218,998770,7.60089475,9.032770304,ASO,139,7/10/2024
421,20,214.46,1,7,419,346266,998786,7.601330805,9.032916646,ASO,208,7/10/2024
422,88,319.04,2,7,422,346294,998889,7.601581905,9.03384898,ASO,38,7/10/2024
423,80,311.67,8,7,412,346368,998832,7.602257007,9.033336129,ASO,13,7/10/2024
424,30,247.03,6,7,414,346361,998744,7.6021964,9.032540159,ASO,105,7/10/2024
425,88,145.5,1,7,421,345832,998995,7.597375784,9.034791432,ASO,291,7/10/2024
426,40,243.13,5,7,421,345867,998894,7.597697681,9.033879371,ASO,201,7/10/2024
427,88,277.12,3,7,426,346016,998952,7.599050978,9.034409004,ASO,99,7/10/2024
428,88,259.28,2,7,424,345954,998934,7.598487646,9.034244088,ASO,292,7/10/2024
429,13,223.83,1,7,423,345915,998949,7.598132373,9.034378368,ASO,125,7/10/2024
430,20,221.54,7,7,429,345994,999050,7.598847439,9.03529439,ASO,220,7/10/2024
431,13,254.95,6,7,428,346039,999084,7.599255579,9.035603393,ASO,205,7/10/2024
432,30,256.85,3,7,426,346123,998912,7.600025663,9.034051024,ASO,7,7/10/2024
433,13,304.61,2,7,422,346169,999010,7.600440665,9.034938771,ASO,131,7/10/2024
434,40,322.06,7,7,427,346106,999074,7.599865372,9.035515296,ASO,201,7/10/2024
435,38,318.11,5,7,428,346075,998989,7.599586359,9.034745619,ASO,360,7/10/2024
436,88,320.63,1,7,421,346195,998963,7.600678806,9.034514682,ASO,158,7/10/2024
437,40,256.73,4,7,424,346212,999034,7.600830963,9.035157279,ASO,70,7/11/2024
438,20,260.6,4,7,424,346269,998985,7.601351154,9.03471618,ASO,285,7/11/2024
439,40,318.02,3,7,423,346260,998925,7.601271381,9.034173326,ASO,128,7/11/2024
440,13,301.88,2,7,418,346374,998911,7.60230883,9.034050684,ASO,334,7/11/2024
441,40,234.06,2,7,422,346366,998980,7.602233656,9.03467433,ASO,336,7/11/2024
442,13,234.36,4,7,424,346319,998991,7.601805753,9.034772168,ASO,110,7/11/2024
443,13,132,1,7,421,346369,999083,7.602257355,9.035605798,ASO,81,7/11/2024
444,20,206.63,7,7,427,346226,999096,7.600956146,9.035718391,ASO,109,7/11/2024
445,30,138.22,4,7,424,346288,999127,7.601519029,9.036000854,ASO,180,7/11/2024
446,20,80.99,2,7,422,346353,999144,7.602109689,9.036156827,ASO,344,7/11/2024
447,8,26.17,0,7,420,346378,999194,7.602335351,9.036609812,ASO,234,7/11/2024
448,20,109.66,4,7,424,346289,999231,7.601524498,9.036941294,ASO,217,7/11/2024
449,8,174.52,9,7,429,346224,999189,7.600934709,9.036559261,ASO,347,7/11/2024
450,20,255.15,11,7,431,346149,999272,7.600249596,9.037307175,ASO,168,7/11/2024
451,20,297.06,11,7,431,346100,999218,7.599805767,9.036817186,ASO,331,7/11/2024
452,20,276.74,10,7,430,346128,999147,7.60006294,9.036176151,ASO,195,7/11/2024
453,8,261.28,9,7,432,346034,999259,7.599203985,9.037185631,ASO,269,7/11/2024
454,8,209.29,8,7,431,345982,999236,7.598731785,9.036975851,ASO,246,7/11/2024
455,40,238.03,6,7,428,346027,999138,7.599144539,9.036091263,ASO,7,7/11/2024
456,30,160.65,8,7,430,345942,999183,7.59836979,9.036495216,ASO,335,7/11/2024
457,13,152.07,6,7,428,345940,999116,7.598353939,9.03588931,ASO,351,7/11/2024
458,8,112.64,4,7,427,345885,999235,7.597849488,9.036963437,ASO,104,7/11/2024
459,8,177.19,4,7,426,345950,999060,7.598446858,9.035383285,ASO,211,7/15/2024
460,8,159.15,2,7,424,345912,999033,7.598102148,9.035137822,ASO,203,7/15/2024
461,8,97.59,2,7,424,345859,999066,7.597618897,9.035434377,ASO,87,7/15/2024
462,20,80.06,3,7,425,345864,999106,7.597662979,9.035796245,ASO,54,7/15/2024
463,8,70.01,1,7,421,345815,999069,7.597218561,9.035459974,ASO,149,7/15/2024
464,40,183.13,4,7,418,345782,998951,7.596922516,9.03439183,ASO,298,7/15/2024
465,8,116.71,4,7,418,345750,999024,7.596628885,9.035050808,ASO,323,7/15/2024
466,8,86.05,5,7,417,345735,999067,7.596490938,9.035439107,ASO,169,7/15/2024
467,20,46.53,3,7,419,345743,999127,7.596561607,9.035981926,ASO,196,7/15/2024
468,13,52.33,3,7,420,345736,999210,7.596495029,9.036732196,ASO,324,7/15/2024
469,13,70.72,4,7,426,345828,999193,7.597332473,9.036581677,ASO,21,7/15/2024
470,8,67.12,3,7,426,345805,999306,7.597119307,9.037602662,ASO,258,7/15/2024
471,20,141.82,4,7,427,345898,999314,7.597964976,9.037678235,ASO,19,7/15/2024
472,13,211.68,8,7,431,345976,999307,7.598674726,9.037617649,ASO,27,7/15/2024
473,13,221.62,10,7,433,345956,999372,7.598490529,9.038204707,ASO,332,7/15/2024
474,30,155.08,6,7,429,345862,999374,7.597635413,9.038219524,ASO,353,7/15/2024
475,13,248.6,11,7,434,345922,999446,7.598178669,9.038872659,ASO,132,7/15/2024
476,13,260.95,10,7,433,345960,999429,7.598524922,9.03872026,ASO,169,7/15/2024
477,13,297.67,10,7,433,346050,999356,7.599346135,9.038063295,ASO,224,7/15/2024
478,20,368.4,15,7,435,346103,999434,7.599825512,9.038770439,ASO,40,7/16/2024
479,38,315.36,11,7,434,346034,999424,7.599198219,9.038677619,ASO,294,7/16/2024
480,80,346.99,9,7,432,346038,999471,7.599232962,9.039102749,ASO,57,7/16/2024
481,40,317.16,10,7,433,345978,999489,7.598686557,9.039263426,ASO,195,7/16/2024
482,40,409.42,6,7,429,346063,999536,7.599458097,9.03969137,ASO,214,7/16/2024
483,88,461.86,7,7,427,346114,999577,7.599920575,9.040063878,ASO,269,7/16/2024
484,70,371.01,12,7,432,346172,999507,7.600450605,9.039432926,ASO,175,7/16/2024
485,40,398.42,12,7,432,346196,999556,7.600667205,9.039876835,ASO,308,7/16/2024
486,88,463.79,9,7,429,346194,999629,7.600646463,9.040536857,ASO,16,7/16/2024
487,40,308.15,12,7,432,346120,999347,7.599983186,9.037984345,ASO,107,7/16/2024
488,88,337.38,11,7,431,346164,999456,7.600379615,9.038971489,ASO,53,7/16/2024
489,48,324.49,9,7,429,346233,999492,7.601006001,9.039299408,ASO,78,7/16/2024
490,48,270.65,7,7,427,346282,999457,7.60145294,9.038984625,ASO,108,7/16/2024
491,40,180.23,7,7,427,346316,999373,7.601765143,9.038226246,ASO,86,7/16/2024
492,80,391.76,6,7,426,346287,999588,7.601493851,9.040169348,ASO,262,7/16/2024
493,38,322.41,6,7,426,346312,999523,7.601723526,9.039582461,ASO,120,7/16/2024
494,20,337,4,7,424,346371,999548,7.602259335,9.039810566,ASO,293,7/16/2024
495,80,319.9,3,7,423,346440,999529,7.602887642,9.039641153,ASO,26,7/16/2024
496,42,253.51,3,7,423,346413,999465,7.602644273,9.039061506,ASO,66,7/17/2024
497,42,229.11,4,7,424,346366,999439,7.602217655,9.038824775,ASO,285,7/17/2024
498,8,177.55,5,7,425,346411,999389,7.60262873,9.038374217,ASO,99,7/17/2024
499,8,106.47,3,7,423,346407,999318,7.60259482,9.03773207,ASO,18,7/17/2024
500,22,77.01,4,7,424,346336,999259,7.601951044,9.03719611,ASO,150,7/17/2024
501,8,87.09,0,7,451,345619,1001051,7.59536622,9.053375059,ASO_B,50,7/17/2024
502,48,202.25,5,7,446,345731,1001135,7.596382094,9.054138521,ASO_B,92,7/17/2024
503,22,303.64,11,7,440,345725,1001250,7.59632348,9.05517818,ASO_B,54,7/17/2024
504,8,241.25,11,7,442,345842,1001141,7.59739161,9.054196644,ASO_B,162,7/17/2024
505,8,116.1,0,7,453,345829,1000999,7.597278331,9.052912179,ASO_B,160,7/17/2024
506,8,142.04,2,7,451,345719,1000781,7.59628535,9.050937117,ASO_B,255,7/17/2024
507,22,160.8,5,7,446,345607,1000804,7.595265729,9.051141185,ASO_B,58,7/17/2024
508,8,169.12,2,7,451,345858,1000797,7.59754921,9.051086637,ASO_B,85,7/17/2024
509,22,115.69,5,7,450,345907,1000905,7.597991159,9.052064916,ASO_B,361,7/17/2024
510,6,126.15,3,7,439,346141,1000997,7.600116543,9.052904953,ASO_B,206,7/17/2024
511,38,213.46,16,7,429,346153,1001111,7.600221715,9.053936198,ASO_B,147,7/17/2024
512,13,104,3,7,439,346209,1000914,7.600738015,9.052156802,ASO_B,272,7/17/2024
513,13,212.21,16,7,428,346372,1000898,7.60222132,9.052017786,ASO_B,221,7/17/2024
514,8,76.69,0,7,442,346172,1000825,7.600404553,9.051350747,ASO_B,69,7/17/2024
515,8,99.01,0,7,445,346013,1000850,7.598957322,9.051571277,ASO_B,69,7/17/2024
516,38,260,2,7,451,345875,1000697,7.597707355,9.050182995,ASO_B,123,7/18/2024
517,8,46.01,4,7,440,346238,1000682,7.601009925,9.050059984,ASO_B,345,7/18/2024
518,22,105.91,9,7,435,346322,1000732,7.601772288,9.050515019,ASO_B,41,7/18/2024
519,38,129.99,4,7,446,346074,1000750,7.599515712,9.050669164,ASO_B,288,7/18/2024
520,6,151.17,2,7,446,345975,1000559,7.598621839,9.048938632,ASO_B,286,7/18/2024
521,6,78.6,2,7,443,346202,1000550,7.600687062,9.048865143,ASO_B,301,7/18/2024
522,38,148.5,1,7,445,346086,1000579,7.599630852,9.04912334,ASO_B,343,7/18/2024
523,13,158.9,6,7,447,346126,1000520,7.599996776,9.048591232,ASO_B,184,7/18/2024
524,48,208.24,11,7,425,346532,1000624,7.603686334,9.04954573,ASO_B,234,7/18/2024
525,8,99.41,0,7,440,346261,1000293,7.601232734,9.046543307,ASO_B,222,7/18/2024
526,13,160.25,0,7,433,346467,1000305,7.603106187,9.046658963,ASO_B,98,7/18/2024
527,48,220.51,5,7,428,346672,1000266,7.604972323,9.046313413,ASO_B,317,7/18/2024
528,42,149.91,3,7,430,346633,1000112,7.604622925,9.044919538,ASO_B,195,7/18/2024
529,8,78.23,1,7,432,346421,1000104,7.602694761,9.044839853,ASO_B,169,7/18/2024
530,13,47.17,1,7,434,346504,1000190,7.603446766,9.045620373,ASO_B,161,7/18/2024
531,32,147.96,3,7,430,346521,1000002,7.603607959,9.043920998,ASO_B,101,7/18/2024
532,13,87.37,5,7,460,344755,1000815,7.587515092,9.051210848,ASO_B,186,7/18/2024
533,8,89.27,1,7,455,344935,1000860,7.58915088,9.051624062,ASO_B,258,7/18/2024
534,13,208.89,6,7,448,345100,1000850,7.590652162,9.051539417,ASO_B,160,7/22/2024
535,38,213.78,4,7,450,344963,1000708,7.58941094,9.050250612,ASO_B,202,7/22/2024
536,22,229.31,6,7,452,345150,1000674,7.591113184,9.049949719,ASO_B,55,7/22/2024
537,38,152.74,3,7,449,345026,1000649,7.589986098,9.049719322,ASO_B,302,7/22/2024
538,42,185.98,2,7,448,344873,1000631,7.588594969,9.049551201,ASO_B,127,7/22/2024
539,13,143.68,2,7,448,345115,1000588,7.590797833,9.049170856,ASO_B,338,7/22/2024
540,22,88.51,1,7,447,345078,1000451,7.590466086,9.047930764,ASO_B,274,7/22/2024
541,8,126.57,1,7,443,345320,1000351,7.592670943,9.047034993,ASO_B,158,7/22/2024
542,13,295.1,6,7,445,345460,1000718,7.593931557,9.050358415,ASO_B,338,7/22/2024
543,13,202.06,5,7,450,345256,1000812,7.59207256,9.051201266,ASO_B,364,7/22/2024
544,22,295.43,7,7,448,345280,1000720,7.592294112,9.050370211,ASO_B,357,7/22/2024
545,22,310.11,1,7,443,345394,1000600,7.593335332,9.049289116,ASO_B,51,7/22/2024
546,8,233.14,3,7,445,345406,1000460,7.593449408,9.04802361,ASO_B,198,7/22/2024
547,13,187.78,3,7,448,345442,1000914,7.593760934,9.052130082,ASO_B,329,7/22/2024
548,38,308.1,5,7,437,345462,1000211,7.593967552,9.045774025,ASO_B,63,7/22/2024
549,88,344.48,4,7,440,345572,1000307,7.59496479,9.046645926,ASO_B,88,7/22/2024
550,22,339.53,0,7,442,345494,1000522,7.594247721,9.048587306,ASO_B,351,7/22/2024
551,22,304.31,1,7,445,345602,1000521,7.595230176,9.048582031,ASO_B,137,7/22/2024
552,42,204.79,3,7,448,345520,1000787,7.594474926,9.05098443,ASO_B,257,7/22/2024
553,88,290.72,6,7,438,345682,1000232,7.595968028,9.045971586,ASO_B,281,7/23/2024
554,13,132.7,3,7,441,345765,1000397,7.59671725,9.047466463,ASO_B,275,7/23/2024
555,8,121.75,1,7,445,345803,1000514,7.597058816,9.04852574,ASO_B,171,7/23/2024
556,22,195.01,3,7,441,345803,1000259,7.59706775,9.046219943,ASO_B,345,7/23/2024
557,22,149.6,0,7,444,345843,1000291,7.597430487,9.046510691,ASO_B,316,7/23/2024
558,42,410.67,5,7,437,345499,1000088,7.594308436,9.04466311,ASO_B,11,7/23/2024
559,82,320.65,6,7,437,345782,999999,7.596885832,9.043868204,ASO_B,243,7/23/2024
560,92,406.23,9,7,434,345760,999897,7.596689284,9.04294512,ASO_B,138,7/24/2024
561,82,546.36,7,7,436,345665,999794,7.59582874,9.04201045,ASO_B,253,7/24/2024
562,8,60.21,2,7,442,346061,1000326,7.599412288,9.046834757,ASO_B,143,7/24/2024
563,22,73.35,3,7,440,346101,1000228,7.599779573,9.045949997,ASO_B,361,7/24/2024
564,13,113.15,6,7,437,345934,1000145,7.598263373,9.045193676,ASO_B,148,7/24/2024
565,8,81.22,4,7,440,346114,1000158,7.599900274,9.045317484,ASO_B,230,7/24/2024
566,8,80.75,3,7,440,346046,1000116,7.599283185,9.044935342,ASO_B,220,7/25/2024
567,38,229.03,6,7,437,345828,1000098,7.597300799,9.044764997,ASO_B,123,7/25/2024
568,38,471.35,10,7,433,345726,999716,7.596386348,9.041307272,ASO_B,362,7/25/2024
569,82,390.93,5,7,431,345970,999777,7.598603716,9.041867344,ASO_B,241,7/25/2024
570,82,429.75,11,7,434,345864,999667,7.597643354,9.040869,ASO_B,250,7/25/2024
571,42,312.82,3,7,433,345981,999865,7.598700698,9.042663453,ASO_B,354,7/29/2024
572,42,319.86,10,7,433,345975,999495,7.598659058,9.039317576,ASO_B,25,7/29/2024
573,82,481.27,8,7,428,346137,999617,7.600128393,9.04042637,ASO_B,325,7/29/2024
574,82,373.61,7,7,429,346103,999742,7.599814751,9.041555484,ASO_B,152,7/29/2024
575,13,152.08,2,7,434,346173,999956,7.60044402,9.043492978,ASO_B,210,7/29/2024
576,22,178.19,7,7,429,346341,1000036,7.601969421,9.044222198,ASO_B,172,7/29/2024
577,22,240.05,8,7,428,346318,999913,7.601764496,9.04310919,ASO_B,6,7/29/2024
578,38,262.49,6,7,427,346503,999884,7.603448337,9.042853375,ASO_B,142,7/29/2024
579,82,394.87,9,7,424,346387,999764,7.602397343,9.041764271,ASO_B,99,7/29/2024
580,42,365.17,1,7,421,346445,999574,7.602931555,9.040048232,ASO_B,31,7/29/2024
581,22,183.36,4,7,451,344799,1000684,7.587919959,9.05002785,ASO_B,180,7/30/2024
582,42,227.27,5,7,450,344646,1000573,7.586532115,9.049018788,ASO_B,201,7/30/2024
583,48,253.12,4,7,443,344749,1000506,7.587471414,9.048416567,ASO_B,135,7/30/2024
584,8,86.93,0,7,446,344923,1000532,7.589053282,9.048657765,ASO_B,226,7/30/2024
585,8,90.43,5,7,434,344942,1000324,7.589233442,9.04677763,ASO_B,91,7/30/2024
586,8,174.18,4,7,435,345037,1000272,7.590099433,9.046310756,ASO_B,241,7/30/2024
587,13,217.86,9,7,433,345136,1000153,7.591004164,9.045238183,ASO_B,76,7/30/2024
588,42,280.06,11,7,431,345200,1000083,7.591588794,9.044607458,ASO_B,316,7/30/2024
589,8,168.05,1,7,443,345298,1000231,7.592475038,9.045949146,ASO_B,202,7/30/2024
590,22,336.01,7,7,435,345362,1000072,7.593062793,9.044513652,ASO_B,16,7/30/2024
591,42,391.66,11,7,431,345307,999988,7.592565444,9.043752176,ASO_B,189,7/30/2024
592,42,470.12,7,7,435,345413,999947,7.593531097,9.043385141,ASO_B,96,8/1/2024
593,62,505.18,5,7,438,345576,999985,7.59501247,9.043734435,ASO_B,103,8/1/2024
594,92,523.07,4,7,436,345492,999860,7.594252761,9.042601214,ASO_B,357,8/1/2024
595,82,419,12,7,428,345387,999854,7.593297857,9.042543297,ASO_B,253,8/1/2024
596,72,507.63,17,7,424,345505,999705,7.594376451,9.041200107,ASO_B,268,8/1/2024
597,82,348.3,8,7,431,345685,999584,7.596018024,9.040112256,ASO_B,341,8/1/2024
598,48,345.61,2,7,425,345585,999537,7.595110044,9.039683783,ASO_B,294,8/1/2024
599,42,274.9,1,7,424,345598,999459,7.595231029,9.038978934,ASO_B,337,8/1/2024
600,22,167.6,3,7,420,345653,999364,7.59573465,9.038121827,ASO_B,11,8/1/2024
601,48,292.36,3,7,455,344081,1000300,7.581402289,9.046530383,ASO_C,99,8/1/2024
602,82,383.94,5,7,447,343964,1000252,7.580339714,9.046092233,ASO_C,313,8/2/2024
603,82,357.19,12,7,455,343993,1000339,7.580600425,9.046879933,ASO_C,282,8/2/2024
604,42,291.78,6,7,461,343966,1000411,7.580352271,9.047530025,ASO_C,332,8/2/2024
605,62,367.35,8,7,460,344088,1000428,7.58146143,9.047688041,ASO_C,204,8/2/2024
606,82,253.65,6,7,458,344180,1000357,7.582300813,9.047049278,ASO_C,111,8/2/2024
607,72,281.83,3,7,464,343997,1000504,7.580630963,9.048372049,ASO_C,259,8/2/2024
608,82,273.75,5,7,457,344254,1000419,7.582971753,9.047612503,ASO_C,146,8/2/2024
609,82,300.83,10,7,462,344327,1000482,7.583633563,9.048184734,ASO_C,101,8/2/2024
610,82,349.21,5,7,457,344378,1000540,7.58409543,9.04871098,ASO_C,120,8/2/2024
611,82,426.48,4,7,460,344217,1000640,7.582627363,9.049609545,ASO_C,360,8/2/2024
612,72,429.36,4,7,463,344151,1000619,7.58202774,9.049417335,ASO_C,134,8/2/2024
613,48,392.21,12,7,464,344161,1000508,7.582122635,9.048413994,ASO_C,107,8/2/2024
614,82,342.53,4,7,463,344066,1000593,7.581255463,9.049179242,ASO_C,16,8/2/2024
615,82,391.09,10,7,463,344098,1000702,7.581542687,9.050165977,ASO_C,339,8/3/2024
616,48,278.71,0,7,456,344478,1000562,7.585004298,9.048913424,ASO_C,12,8/3/2024
617,82,212.95,5,7,451,344559,1000601,7.585739733,9.049268918,ASO_C,297,8/3/2024
618,42,278.63,5,7,461,344346,1000716,7.583798119,9.050301297,ASO_C,98,8/3/2024
619,82,323.54,4,7,460,344290,1000754,7.583287371,9.050642934,ASO_C,288,8/3/2024
620,42,421.23,8,7,464,344188,1000794,7.582358112,9.051001036,ASO_C,67,8/3/2024
621,82,345.01,6,7,467,344097,1000805,7.581529941,9.051097297,ASO_C,25,8/3/2024
622,42,308.52,4,7,460,344309,1000880,7.583455745,9.05178293,ASO_C,169,8/3/2024
623,8,401.4,8,7,465,344171,1000897,7.582199823,9.051931792,ASO_C,205,8/3/2024
624,48,326.7,8,7,465,344087,1000994,7.581432278,9.052805934,ASO_C,322,8/3/2024
625,82,417.54,9,7,464,344180,1000994,7.582278256,9.05280921,ASO_C,348,8/4/2024
626,8,127,3,7,459,344482,1000807,7.585032025,9.051128926,ASO_C,271,8/4/2024
627,82,36.24,1,7,454,344640,1000768,7.586470651,9.050781825,ASO_C,303,8/4/2024
628,82,103.09,2,7,453,344625,1000702,7.586336534,9.050184507,ASO_C,107,8/4/2024
629,88,189.31,6,7,449,345417,1000923,7.593533203,9.052210589,ASO_C,128,8/4/2024
630,48,200.46,5,7,450,345345,1000837,7.592881274,9.051430434,ASO_C,88,8/4/2024
631,13,175.82,5,7,450,345136,1000881,7.590978547,9.051820988,ASO_C,364,8/4/2024
632,22,94.83,0,7,454,345007,1000924,7.589803577,9.052205291,ASO_C,98,8/4/2024
633,38,50.16,2,7,452,345061,1001075,7.590289472,9.053572571,ASO_C,35,8/4/2024
634,38,83.76,2,7,456,344869,1000877,7.588549909,9.051775468,ASO_C,40,8/4/2024
635,38,57.94,0,7,460,344753,1000848,7.587495734,9.051509174,ASO_C,11,8/4/2024
636,32,131.03,1,7,457,344830,1001053,7.588188936,9.053365546,ASO_C,180,8/4/2024
637,8,143.89,3,7,457,344887,1001152,7.58870395,9.054262732,ASO_C,200,8/4/2024
638,38,167.29,6,7,458,344980,1001278,7.589545493,9.055405322,ASO_C,215,8/5/2024
639,38,124.33,2,7,456,344955,1001190,7.589321179,9.054608723,ASO_C,209,8/5/2024
640,82,64.5,2,7,456,344612,1000962,7.586209097,9.052535047,ASO_C,279,8/5/2024
641,32,23,1,7,459,344620,1001049,7.586278796,9.053322007,ASO_C,84,8/5/2024
642,82,136.74,0,7,458,344831,1001198,7.588192917,9.054676714,ASO_C,37,8/5/2024
643,38,224.61,1,7,459,344851,1001302,7.58837118,9.055617815,ASO_C,243,8/5/2024
644,38,434.95,8,7,450,344845,1001537,7.588308308,9.057742545,ASO_C,166,8/5/2024
645,32,446.16,1,7,457,344708,1001567,7.587061001,9.058009006,ASO_C,117,8/5/2024
646,32,586.78,5,7,453,344661,1001705,7.58662858,9.059255191,ASO_C,333,8/5/2024
647,38,485.49,3,7,461,344613,1001595,7.586195826,9.058258853,ASO_C,31,8/5/2024
648,38,137.41,0,7,456,344498,1000889,7.585174671,9.051870956,ASO_C,55,8/5/2024
649,72,207.52,1,7,455,344430,1000913,7.584555258,9.052085581,ASO_C,27,8/5/2024
650,8,148.22,0,7,458,344473,1001007,7.584943085,9.052937067,ASO_C,223,8/5/2024
651,8,135.03,3,7,461,344577,1001154,7.585883933,9.054269938,ASO_C,239,8/5/2024
652,13,234.05,4,7,462,344454,1001191,7.584763744,9.05460018,ASO_C,355,8/5/2024
653,38,85.23,1,7,459,344750,1001200,7.587456021,9.054691957,ASO_C,316,8/5/2024
654,32,154.39,3,7,461,344729,1001275,7.587262344,9.055369393,ASO_C,99,8/5/2024
655,82,254.33,7,7,465,344507,1001263,7.585243318,9.055253088,ASO_C,278,8/5/2024
656,38,245.8,7,7,465,344571,1001318,7.585823557,9.055752663,ASO_C,107,8/6/2024
657,22,254.47,5,7,463,344661,1001369,7.586640453,9.056216981,ASO_C,149,8/6/2024
658,82,327.07,3,7,461,344725,1001448,7.587219848,9.056933569,ASO_C,365,8/6/2024
659,82,308.87,2,7,460,344844,1001403,7.58830394,9.056530842,ASO_C,320,8/6/2024
660,13,364.97,4,7,462,344647,1001479,7.586509213,9.057211142,ASO_C,231,8/6/2024
661,32,382.93,4,7,462,344572,1001475,7.585827104,9.057172338,ASO_C,352,8/6/2024
662,82,339.04,2,7,450,344996,1001517,7.589682613,9.057566994,ASO_C,94,8/6/2024
663,38,234.48,3,7,449,345097,1001438,7.590604163,9.05685619,ASO_C,286,8/6/2024
664,32,92.02,2,7,454,345063,1001268,7.590300866,9.055317807,ASO_C,152,8/6/2024
665,38,156.32,3,7,449,345141,1001362,7.591007093,9.056170515,ASO_C,124,8/6/2024
666,32,71.17,1,7,451,345155,1001273,7.591137581,9.055366239,ASO_C,307,8/6/2024
667,18,155.79,8,7,444,345267,1001282,7.592156088,9.055451539,ASO_C,221,8/6/2024
668,18,89.84,3,7,449,345217,1001180,7.591704846,9.054527474,ASO_C,163,8/6/2024
669,32,137.75,4,7,451,345311,1001138,7.592561406,9.054150984,ASO_C,67,8/6/2024
670,32,180.25,4,7,451,345411,1001097,7.593472509,9.053783744,ASO_C,288,8/6/2024
671,32,259.33,8,7,447,345393,1001231,7.593304059,9.054994786,ASO_C,266,8/6/2024
672,22,336.03,9,7,442,345506,1001279,7.594330294,9.055432765,ASO_C,61,8/7/2024
673,38,106.98,0,7,451,345523,1001002,7.594494666,9.052928634,ASO_C,266,8/7/2024
674,72,211.48,6,7,445,345648,1001174,7.595625705,9.054488277,ASO_C,253,8/7/2024
675,22,322.91,13,7,438,345720,1001272,7.596277225,9.055376937,ASO_C,198,8/7/2024
676,72,297.43,4,7,462,344323,1001010,7.583578496,9.052958919,ASO_C,306,8/7/2024
677,82,375.95,6,7,464,344247,1001073,7.582884927,9.053525909,ASO_C,116,8/7/2024
678,32,252.17,3,7,461,344386,1001120,7.584147687,9.053955787,ASO_C,119,8/7/2024
679,82,406.12,8,7,466,344273,1001237,7.583115631,9.055009758,ASO_C,191,8/7/2024
680,48,418.08,8,7,466,344222,1001154,7.582654644,9.054257453,ASO_C,73,8/7/2024
681,42,378.08,13,7,469,344109,1001158,7.581626589,9.054289642,ASO_C,79,8/7/2024
682,42,388.6,5,7,463,344418,1001368,7.584430004,9.056199399,ASO_C,125,8/7/2024
683,82,644.24,3,7,455,344593,1001753,7.586008306,9.059686832,ASO_C,70,8/7/2024
684,32,619.08,0,7,458,344547,1001716,7.585591165,9.059350651,ASO_C,132,8/7/2024
685,62,421.46,5,7,463,344319,1001321,7.583531101,9.055770929,ASO_C,361,8/7/2024
686,38,538.35,4,7,462,344326,1001490,7.583588794,9.05729932,ASO_C,222,8/7/2024
687,22,531.98,9,7,467,344419,1001561,7.584432271,9.057944595,ASO_C,221,8/7/2024
688,18,616.76,6,7,464,344435,1001669,7.584573996,9.058921724,ASO_C,248,8/7/2024
689,42,736.77,1,7,459,344432,1001800,7.584542069,9.060106158,ASO_C,36,8/7/2024
690,42,640.86,15,7,461,344323,1001719,7.583553394,9.059369897,ASO_C,303,
691,48,401.31,15,7,467,344113,1001273,7.581658899,9.055329645,ASO_C,214,
692,8,434.63,8,7,468,344151,1001368,7.582001203,9.05619,ASO_C,229,
693,82,393.39,11,7,465,344122,1001443,7.581734742,9.056867149,ASO_C,47,
694,42,428.78,9,7,467,344157,1001515,7.582050573,9.057519426,ASO_C,341,
695,82,416.48,7,7,469,344130,1001592,7.581802233,9.058214729,ASO_C,172,
696,82,482.9,13,7,463,344135,1001739,7.581842504,9.05954412,ASO_C,263,
697,48,515.38,16,7,460,344134,1001796,7.581831386,9.060059494,ASO_C,294,
698,42,644.1,16,7,460,344272,1001824,7.583085742,9.06031754,ASO_C,362,
699,8,560.29,14,7,462,344210,1001765,7.582523836,9.059781862,ASO_C,176,
700,18,507.99,10,7,466,344193,1001685,7.582372027,9.059057881,ASO_C,40,
701,42,39.96,1,7,445,344372,998512,7.584112492,9.030373001,CHRIS_PARK,173,
702,42,84.58,2,7,448,344329,998568,7.583719388,9.030877861,CHRIS_PARK,195,
703,32,130.18,2,7,448,344311,998622,7.583553753,9.031365513,CHRIS_PARK,163,
704,62,108.71,2,7,448,344355,998629,7.583953731,9.031430353,CHRIS_PARK,11,
705,18,53.85,5,7,441,344458,998547,7.584893513,9.030692498,CHRIS_PARK,328,
706,48,105.65,9,7,437,344507,998564,7.585338617,9.030847935,CHRIS_PARK,328,
707,48,162.2,12,7,434,344536,998630,7.585600074,9.031445743,CHRIS_PARK,178,
708,42,86.03,2,7,444,344435,998614,7.584681941,9.031297525,CHRIS_PARK,188,
709,18,171.35,7,7,439,344487,998684,7.585152465,9.03193231,CHRIS_PARK,311,
710,18,173.42,4,7,446,344416,998719,7.584505412,9.0322463,CHRIS_PARK,289,
711,18,194.1,2,7,448,344435,998814,7.584674885,9.033105985,CHRIS_PARK,264,
712,42,241.66,7,7,439,344522,998745,7.585468675,9.032485117,CHRIS_PARK,235,
713,18,279.87,9,7,437,344579,998753,7.585986868,9.032559453,CHRIS_PARK,50,
714,32,194,5,7,445,344442,998761,7.584740427,9.032626989,CHRIS_PARK,186,
715,32,258.7,8,7,442,344501,998816,7.585275154,9.033126384,CHRIS_PARK,333,
716,32,189.74,5,7,455,344404,998870,7.584390931,9.033611266,CHRIS_PARK,98,
717,38,80.6,1,7,451,344327,998778,7.583693782,9.032776673,CHRIS_PARK,82,
718,42,35.13,1,7,451,344251,998797,7.583001811,9.032945808,CHRIS_PARK,355,
719,42,110.32,1,7,451,344231,998871,7.582817276,9.033614235,CHRIS_PARK,87,
720,38,115.52,1,7,451,344289,998870,7.583344883,9.03360723,CHRIS_PARK,88,
721,32,165.68,4,7,454,344359,998885,7.583981078,9.033745321,CHRIS_PARK,230,
722,62,263.22,2,7,448,344478,998890,7.585063334,9.033794708,CHRIS_PARK,320,
723,8,312.29,4,7,446,344487,998963,7.585142624,9.034455111,CHRIS_PARK,197,
724,82,249.01,2,7,452,344446,998913,7.584771448,9.034001558,CHRIS_PARK,138,
725,62,259.12,3,7,453,344397,998974,7.584323587,9.034551419,CHRIS_PARK,267,
726,42,200.08,4,7,454,344330,999013,7.583712772,9.034901717,CHRIS_PARK,316,
727,92,150.44,7,7,457,344281,998951,7.583269253,9.034339374,CHRIS_PARK,227,
728,42,78.64,5,7,455,344211,998988,7.58263122,9.03467148,CHRIS_PARK,242,
729,42,244.14,2,7,452,344364,999057,7.584020485,9.035300771,CHRIS_PARK,22,
730,18,269.22,0,7,450,344374,999098,7.584109999,9.035671856,CHRIS_PARK,248,
731,32,282.78,14,7,432,344688,998512,7.586986826,9.030384075,CHRIS_PARK,271,
732,32,339.24,0,7,433,344754,998546,7.587585965,9.030693824,CHRIS_PARK,141,
733,72,320.98,15,7,431,344710,998636,7.587182571,9.031506092,CHRIS_PARK,148,
734,42,299.29,0,7,435,344694,998695,7.587034957,9.032039028,CHRIS_PARK,250,
735,82,300.2,8,7,438,344647,998712,7.586606844,9.032191101,CHRIS_PARK,58,
736,82,282.4,2,7,437,344660,998762,7.586723331,9.032643671,CHRIS_PARK,351,
737,82,254.61,2,7,437,344658,998829,7.586702778,9.033249436,CHRIS_PARK,112,
738,42,275.15,4,7,439,344628,998861,7.586428768,9.033537739,CHRIS_PARK,77,
739,42,210.09,3,7,438,344688,998908,7.586972877,9.033964829,CHRIS_PARK,148,
740,82,217.52,5,7,440,344684,998953,7.586934907,9.034371592,CHRIS_PARK,75,
741,18,329.16,10,7,440,344566,998847,7.585865305,9.033408974,CHRIS_PARK,31,
742,32,251.48,2,7,440,344628,998982,7.586424504,9.034631857,CHRIS_PARK,177,
743,42,196.02,4,7,442,344593,999083,7.586102579,9.035543903,CHRIS_PARK,72,
744,18,175.97,1,7,439,344656,999053,7.586676692,9.035274842,CHRIS_PARK,240,
745,18,208.24,1,7,439,344690,999003,7.586987722,9.034823918,CHRIS_PARK,166,
746,18,150.44,3,7,438,344751,998946,7.587544593,9.034310642,CHRIS_PARK,204,
747,18,138.22,2,7,437,344786,998995,7.587861231,9.034754941,CHRIS_PARK,132,
748,18,246.66,1,7,450,344335,999196,7.583751789,9.036556632,CHRIS_PARK,17,
749,82,180.4,1,7,450,344341,999262,7.583804035,9.037153634,CHRIS_PARK,356,
750,82,261.02,10,7,449,344397,999165,7.584316844,9.036278497,CHRIS_PARK,271,
751,42,205.64,8,7,447,344454,999179,7.58483483,9.03640709,CHRIS_PARK,158,
752,18,222.65,1,7,448,344407,999226,7.584405652,9.036830428,CHRIS_PARK,42,
753,42,148.82,2,7,447,344451,999330,7.584802212,9.037772371,CHRIS_PARK,261,
754,82,162.56,1,7,448,344402,999287,7.584358017,9.037381833,CHRIS_PARK,212,
755,92,103.35,4,7,443,344530,999250,7.585523632,9.037051759,CHRIS_PARK,74,
756,32,155.94,8,7,447,344472,999253,7.584995949,9.037076851,CHRIS_PARK,8,
757,82,116.47,4,7,443,344514,999345,7.585374741,9.037910216,CHRIS_PARK,204,
758,48,113.22,3,7,446,344456,999395,7.584845398,9.038360296,CHRIS_PARK,231,
759,32,89.55,1,7,448,344389,999360,7.584237189,9.038041464,CHRIS_PARK,76,
760,8,114.79,2,7,447,344317,999333,7.583583218,9.037794794,CHRIS_PARK,88,
761,38,159.67,2,7,451,344271,999305,7.583165784,9.037539994,CHRIS_PARK,96,
762,82,81.34,0,7,449,344297,999383,7.583399528,9.038246206,CHRIS_PARK,247,
763,82,52.63,1,7,448,344340,999391,7.583790381,9.038320054,CHRIS_PARK,276,
764,82,40.61,0,7,449,344385,999467,7.584197026,9.039008849,CHRIS_PARK,150,
765,42,84.6,5,7,444,344424,999488,7.584551036,9.039200106,CHRIS_PARK,100,
766,32,105.91,6,7,443,344457,999462,7.584852129,9.038966165,CHRIS_PARK,35,
767,42,156.04,7,7,442,344503,999485,7.585269743,9.039175751,CHRIS_PARK,56,
768,82,167.72,4,7,443,344544,999448,7.585643993,9.038842625,CHRIS_PARK,49,
769,82,60.78,1,7,439,344536,999528,7.5855684,9.039565728,CHRIS_PARK,37,
770,22,118.36,1,7,437,344478,999530,7.585040749,9.039581778,CHRIS_PARK,41,
771,82,91.92,2,7,447,344388,999527,7.584222195,9.039551491,CHRIS_PARK,135,
772,42,111.83,7,7,445,344415,999580,7.584465921,9.040031681,CHRIS_PARK,50,
773,18,84.58,1,7,437,344541,999568,7.58561247,9.039927595,CHRIS_PARK,97,
774,82,126.04,3,7,435,344584,999546,7.586004384,9.039730173,CHRIS_PARK,289,
775,32,130,7,7,431,344626,999595,7.586384698,9.040174718,CHRIS_PARK,61,
776,32,26.4,1,7,437,344517,999621,7.58539229,9.040405995,CHRIS_PARK,234,
777,38,65.07,7,7,445,344441,999642,7.584700234,9.040593216,CHRIS_PARK,210,
778,82,45.22,4,7,442,344480,999682,7.585053575,9.040956277,CHRIS_PARK,303,
779,82,149.01,2,7,436,344655,999647,7.586646655,9.040645935,CHRIS_PARK,86,
780,18,189.69,14,7,429,344694,999683,7.58700014,9.040972825,CHRIS_PARK,282,
781,62,92.72,2,7,440,344595,999671,7.586100033,9.040860846,CHRIS_PARK,298,
782,8,83.2,3,7,441,344487,999726,7.585115695,9.041354383,CHRIS_PARK,110,
783,42,134.63,7,7,445,344423,999751,7.584532651,9.041578194,CHRIS_PARK,84,
784,72,174.87,4,7,443,344544,999142,7.585654788,9.036075681,CHRIS_PARK,320,
785,13,147.41,4,7,443,344534,999180,7.585562486,9.036418938,CHRIS_PARK,242,
786,72,10.05,1,7,440,344611,999298,7.586258729,9.037488629,CHRIS_PARK,281,
787,32,51.01,1,7,440,344620,999350,7.586338761,9.037959144,CHRIS_PARK,127,
788,32,97.35,1,7,440,344567,999380,7.585855605,9.038228555,CHRIS_PARK,177,
789,88,113.16,0,7,439,344599,999410,7.586145625,9.038500946,CHRIS_PARK,171,
790,82,144.26,1,7,437,344729,999060,7.587340463,9.035340695,CHRIS_PARK,123,
791,82,146.7,3,7,441,344616,999139,7.586309816,9.036051078,CHRIS_PARK,90,
792,22,35.74,2,7,440,344714,999192,7.58719937,9.036533754,CHRIS_PARK,33,
793,22,40.8,2,7,436,344787,999191,7.587863425,9.036527268,CHRIS_PARK,57,
794,42,73.41,3,7,435,344778,999136,7.587783496,9.036029626,CHRIS_PARK,26,
795,82,111.36,3,7,435,344797,999103,7.587957485,9.035731895,CHRIS_PARK,71,
796,32,34.13,1,7,436,344782,999261,7.587815478,9.037160055,CHRIS_PARK,265,
797,82,64.03,1,7,440,344671,999259,7.586805874,9.037138082,CHRIS_PARK,174,
798,42,86.21,1,7,440,344615,999213,7.58629811,9.036720174,CHRIS_PARK,67,
799,82,92.27,4,7,443,344713,999306,7.587186257,9.037564542,CHRIS_PARK,60,
800,82,106.78,3,7,438,344760,999331,7.587612896,9.037792246,CHRIS_PARK,127,
801,22,205.64,5,7,442,343950,998431,7.580276854,9.029625753,CUSTOM_QUARTERS,72,
802,38,296.2,8,7,439,344031,998390,7.581015077,9.029257867,CUSTOM_QUARTERS,123,
803,38,325.53,7,7,439,344103,998414,7.581669137,9.029477413,CUSTOM_QUARTERS,7,
804,38,310.64,6,7,440,344165,998337,7.582235806,9.028783334,CUSTOM_QUARTERS,26,
805,38,254.26,5,7,441,344161,998465,7.5821949,9.029940607,CUSTOM_QUARTERS,59,
806,38,255.38,8,7,442,344131,998535,7.581919547,9.030572513,CUSTOM_QUARTERS,284,
807,13,262.15,7,7,440,344037,998530,7.581064702,9.030523998,CUSTOM_QUARTERS,136,
808,82,171.29,3,7,444,343940,998585,7.580180445,9.031017912,CUSTOM_QUARTERS,197,
809,42,200.86,6,7,440,344261,998394,7.583107004,9.029302116,CUSTOM_QUARTERS,41,
810,42,104.24,4,7,442,344338,998454,7.583805275,9.029847355,CUSTOM_QUARTERS,278,
811,42,170.66,4,7,442,344247,998471,7.582976942,9.029997881,CUSTOM_QUARTERS,331,
812,48,45.49,1,7,445,344431,998571,7.584647074,9.030908566,CUSTOM_QUARTERS,329,
813,13,112.22,1,7,447,344399,998645,7.584353391,9.031576574,CUSTOM_QUARTERS,331,
814,82,104.62,2,7,448,344321,998594,7.583645702,9.03111268,CUSTOM_QUARTERS,230,
815,32,164.08,2,7,444,344242,998538,7.582929096,9.030603539,CUSTOM_QUARTERS,336,
816,82,176.85,7,7,443,344187,998596,7.582426767,9.03112606,CUSTOM_QUARTERS,14,
817,42,99.46,5,7,445,344265,998664,7.583133854,9.031743675,CUSTOM_QUARTERS,140,
818,82,223.52,7,7,443,344086,998608,7.581507647,9.031231019,CUSTOM_QUARTERS,164,
819,32,260.76,5,7,445,344013,998649,7.580842189,9.031599186,CUSTOM_QUARTERS,248,
820,82,277.42,4,7,451,343963,998743,7.580384062,9.032447402,CUSTOM_QUARTERS,240,
821,82,202.94,4,7,446,344047,998734,7.581148447,9.032368975,CUSTOM_QUARTERS,72,
822,22,126.62,4,7,446,344156,998675,7.582141999,9.031839312,CUSTOM_QUARTERS,108,
823,32,60.96,0,7,450,344208,998808,7.582610293,9.033043763,CUSTOM_QUARTERS,266,
824,32,89.68,5,7,445,344159,998773,7.582165823,9.032725561,CUSTOM_QUARTERS,34,
825,18,151.43,4,7,446,344099,998789,7.581619495,9.032868129,CUSTOM_QUARTERS,210,
826,82,100.09,0,7,450,344170,998885,7.582261921,9.033738684,CUSTOM_QUARTERS,14,
827,82,43.17,1,7,451,344091,998988,7.581539689,9.034667263,CUSTOM_QUARTERS,89,
828,32,131.14,0,7,456,343943,999000,7.580193044,9.034770564,CUSTOM_QUARTERS,271,
829,8,180.94,4,7,452,343947,998932,7.580231836,9.03415583,CUSTOM_QUARTERS,126,
830,42,132.26,1,7,449,344009,998932,7.580795792,9.034158011,CUSTOM_QUARTERS,363,
831,32,205.3,2,7,449,343893,998707,7.579748615,9.032119417,CUSTOM_QUARTERS,246,
832,42,239.78,12,7,461,343778,998858,7.578697223,9.033480751,CUSTOM_QUARTERS,70,
833,42,169,12,7,461,343741,998797,7.578362832,9.032927869,CUSTOM_QUARTERS,331,
834,42,38.83,0,7,449,343714,998633,7.578123052,9.031443985,CUSTOM_QUARTERS,350,
835,32,88.24,1,7,450,343641,998722,7.577455889,9.032246174,CUSTOM_QUARTERS,265,
836,42,166.37,3,7,446,343648,998805,7.577516618,9.032996929,CUSTOM_QUARTERS,21,
837,8,202.81,5,7,448,343563,998819,7.576742959,9.033120524,CUSTOM_QUARTERS,250,
838,88,253.16,4,7,449,343639,998927,7.577430426,9.034099769,CUSTOM_QUARTERS,270,
839,88,322.1,3,7,453,343740,998974,7.578347462,9.034528316,CUSTOM_QUARTERS,92,
840,38,237.89,0,7,456,343890,998903,7.579714387,9.033891597,CUSTOM_QUARTERS,297,
841,42,132.85,0,7,453,343459,999029,7.575789515,9.035015729,CUSTOM_QUARTERS,41,
842,42,283.73,4,7,457,343623,999074,7.577279674,9.035428418,CUSTOM_QUARTERS,2,
843,42,268.2,8,7,461,343475,999171,7.575930009,9.036300295,CUSTOM_QUARTERS,5,
844,88,234.4,5,7,459,343765,999067,7.578571567,9.035370128,CUSTOM_QUARTERS,227,
845,88,255.34,9,7,455,343680,999103,7.577797123,9.035692654,CUSTOM_QUARTERS,258,
846,42,245.6,2,7,455,343552,999099,7.576632965,9.03565197,CUSTOM_QUARTERS,339,
847,8,278.26,7,7,457,343613,999161,7.577185627,9.036214742,CUSTOM_QUARTERS,197,
848,18,158.45,8,7,456,343756,999164,7.578486264,9.036246911,CUSTOM_QUARTERS,284,
849,42,60.27,6,7,458,343745,999287,7.578381845,9.037358723,CUSTOM_QUARTERS,221,
850,32,268.88,2,7,462,343601,999228,7.577074096,9.036820151,CUSTOM_QUARTERS,62,
851,62,367.14,1,7,463,343498,999289,7.576135029,9.037368094,CUSTOM_QUARTERS,186,
852,62,322.61,1,7,463,343572,999414,7.576803705,9.038500989,CUSTOM_QUARTERS,259,
853,42,276.59,1,7,465,343595,999339,7.577015579,9.037823631,CUSTOM_QUARTERS,85,
854,32,193.02,3,7,461,343675,999313,7.577744193,9.037591354,CUSTOM_QUARTERS,273,
855,88,170.06,7,7,457,343846,999448,7.57929485,9.038818088,CUSTOM_QUARTERS,285,
856,42,92.42,3,7,461,343886,999369,7.579661496,9.038105157,CUSTOM_QUARTERS,310,
857,42,217.86,6,7,458,343923,999489,7.579993804,9.039191533,CUSTOM_QUARTERS,364,
858,32,208.2,3,7,461,343710,999418,7.578058834,9.038542026,CUSTOM_QUARTERS,185,
859,72,354.35,0,7,464,343609,999524,7.577136359,9.039496944,CUSTOM_QUARTERS,254,
860,72,340.07,9,7,460,343641,999585,7.577425272,9.040049651,CUSTOM_QUARTERS,102,
861,42,259.7,7,7,458,343738,999577,7.578307887,9.039980734,CUSTOM_QUARTERS,70,
862,82,257.74,6,7,457,343785,999529,7.578737111,9.039548362,CUSTOM_QUARTERS,87,
863,82,174.89,4,7,455,343795,999646,7.578823924,9.04060666,CUSTOM_QUARTERS,59,
864,42,308.3,5,7,456,343648,999665,7.577486106,9.040773279,CUSTOM_QUARTERS,347,
865,42,274.15,10,7,461,343676,999736,7.57773828,9.041416268,CUSTOM_QUARTERS,134,
866,42,212.48,5,7,456,343739,999702,7.578312549,9.041111053,CUSTOM_QUARTERS,8,
867,42,117.28,4,7,455,343835,999704,7.579185717,9.041132522,CUSTOM_QUARTERS,210,
868,13,37.64,2,7,449,343921,999703,7.579968029,9.04112651,CUSTOM_QUARTERS,157,
869,82,95.52,1,7,452,343918,999817,7.579936701,9.042157223,CUSTOM_QUARTERS,358,
870,18,169.1,2,7,453,343787,999772,7.578746686,9.041745704,CUSTOM_QUARTERS,261,
871,82,278,7,7,458,343691,999828,7.577871459,9.042248686,CUSTOM_QUARTERS,93,
872,8,254.75,4,7,455,343763,999900,7.578523835,9.042902268,CUSTOM_QUARTERS,89,
873,32,346.9,5,7,456,343717,999984,7.578102425,9.043660196,CUSTOM_QUARTERS,216,
874,88,417,9,7,460,343743,1000089,7.578335203,9.044610552,CUSTOM_QUARTERS,91,
875,88,405.19,12,7,455,343755,1000170,7.578441484,9.045343398,CUSTOM_QUARTERS,339,
876,18,413.7,6,7,457,343812,1000117,7.578961856,9.044866169,CUSTOM_QUARTERS,71,
877,62,349.95,6,7,457,343828,1000055,7.579109596,9.044306112,CUSTOM_QUARTERS,44,
878,32,202.08,4,7,455,343884,999918,7.579623847,9.043069295,CUSTOM_QUARTERS,103,
879,88,294.33,5,7,456,343913,1000019,7.57988406,9.043983586,CUSTOM_QUARTERS,128,
880,42,424.84,3,7,454,343901,1000149,7.579770295,9.045158659,CUSTOM_QUARTERS,139,
881,8,52.4,0,7,456,344007,999047,7.58077353,9.035197803,CUSTOM_QUARTERS,157,
882,8,196.73,1,7,451,344303,999077,7.583464916,9.035479475,CUSTOM_QUARTERS,35,
883,42,278.23,0,7,450,344346,999157,7.583853224,9.036204369,CUSTOM_QUARTERS,188,
884,42,171.01,7,7,457,344234,999116,7.582835906,9.035829701,CUSTOM_QUARTERS,26,
885,42,102.96,7,7,457,344153,999079,7.582100429,9.03549229,CUSTOM_QUARTERS,254,
886,42,91.55,1,7,457,344101,999156,7.581624708,9.036186718,CUSTOM_QUARTERS,352,
887,88,98.68,2,7,454,344009,999179,7.580787051,9.036391454,CUSTOM_QUARTERS,159,
888,88,258.05,1,7,451,344377,999062,7.584138558,9.035346439,CUSTOM_QUARTERS,138,
889,8,187.95,1,7,448,344380,999256,7.584158997,9.037100749,CUSTOM_QUARTERS,186,
890,42,227.38,6,7,455,344183,999291,7.582365817,9.037410309,CUSTOM_QUARTERS,14,
891,7,167.24,3,7,459,344135,999225,7.581931536,9.036811831,CUSTOM_QUARTERS,229,
892,17,190.38,5,7,459,344053,999309,7.58118268,9.037568499,CUSTOM_QUARTERS,178,
893,32,88.57,4,7,460,343945,999241,7.580202703,9.036949823,CUSTOM_QUARTERS,291,
894,72,60.77,0,7,464,343972,999335,7.580444971,9.037800748,CUSTOM_QUARTERS,363,
895,42,200.83,8,7,456,344068,999401,7.581315866,9.038400916,CUSTOM_QUARTERS,195,
896,32,205.06,8,7,456,344003,999455,7.580722703,9.038886912,CUSTOM_QUARTERS,107,
897,17,158.38,7,7,455,344133,999420,7.581906446,9.038575006,CUSTOM_QUARTERS,345,
898,7,150.12,5,7,453,344020,999568,7.580873337,9.039909288,CUSTOM_QUARTERS,127,
899,82,38.08,0,7,449,344318,999427,7.583588993,9.038644804,CUSTOM_QUARTERS,296,
900,17,103.58,2,7,447,344380,999542,7.584148895,9.039686845,CUSTOM_QUARTERS,88,
901,7,312.75,9,7,458,343937,1000345,7.580090815,9.046932213,GWAGWALAPE,32,
902,32,236.03,0,7,467,343960,1000570,7.580292055,9.048967535,GWAGWALAPE,29,
903,42,278.79,0,7,467,343985,1000672,7.58051585,9.049890728,GWAGWALAPE,83,
904,72,166.71,0,7,467,343868,1000658,7.57945206,9.049760011,GWAGWALAPE,172,
905,72,227.27,2,7,471,343915,1000740,7.579876685,9.050503135,GWAGWALAPE,324,
906,42,281.37,7,7,466,344042,1000843,7.581028287,9.051438965,GWAGWALAPE,282,
907,82,279.51,5,7,468,344045,1000965,7.581051251,9.052542228,GWAGWALAPE,313,
908,72,156.26,8,7,474,343878,1001097,7.579527446,9.053729919,GWAGWALAPE,92,
909,42,244.44,2,7,471,343963,1001065,7.580301789,9.053443565,GWAGWALAPE,40,
910,17,317.65,5,7,468,344050,1001065,7.581093189,9.053446632,GWAGWALAPE,204,
911,72,317.83,12,7,470,344048,1001127,7.581072797,9.054007182,GWAGWALAPE,342,
912,72,343.01,12,7,470,344067,1001219,7.58124237,9.054839741,GWAGWALAPE,363,
913,42,394.97,9,7,467,344097,1001330,7.581511333,9.055844491,GWAGWALAPE,331,
914,17,324.3,7,7,469,344023,1001337,7.580837935,9.055905178,GWAGWALAPE,294,
915,17,343.83,9,7,467,344071,1001432,7.581271203,9.056765886,GWAGWALAPE,4,
916,42,349.26,6,7,470,344058,1001596,7.58114713,9.05824836,GWAGWALAPE,108,
917,7,375.37,10,7,466,344010,1001726,7.580705876,9.059422163,GWAGWALAPE,198,
918,17,90.67,8,7,474,343821,1001139,7.579007451,9.054107683,GWAGWALAPE,243,
919,42,149.16,5,7,477,343724,1001299,7.578119399,9.055551019,GWAGWALAPE,159,
920,32,119,9,7,473,343810,1001239,7.578903837,9.055011521,GWAGWALAPE,135,
921,7,223.45,10,7,472,343889,1001308,7.579620018,9.055638226,GWAGWALAPE,111,
922,72,247,2,7,474,343958,1001381,7.580245093,9.056300746,GWAGWALAPE,65,
923,17,111.14,1,7,477,343786,1001380,7.57868051,9.056285633,GWAGWALAPE,229,
924,37,163.23,2,7,474,343892,1001456,7.579642054,9.056976587,GWAGWALAPE,241,
925,32,159.89,3,7,473,343809,1001615,7.578881384,9.058411376,GWAGWALAPE,199,
926,42,281.17,9,7,467,343910,1001692,7.579797414,9.059111197,GWAGWALAPE,79,
927,42,81.27,1,7,475,343756,1001553,7.578401464,9.057848884,GWAGWALAPE,122,
928,42,199.46,6,7,470,343653,1001660,7.577460703,9.058812766,GWAGWALAPE,189,
929,7,149.69,4,7,480,343592,1001534,7.576910289,9.057671284,GWAGWALAPE,190,
930,42,223.37,5,7,481,343516,1001540,7.576218731,9.05772285,GWAGWALAPE,87,
931,92,295.1,6,7,470,343484,1001639,7.575924113,9.0586169,GWAGWALAPE,92,
932,82,336.15,15,7,452,343686,1000240,7.577811351,9.045973922,GWAGWALAPE,225,
933,7,320.33,13,7,454,343604,1000277,7.577064136,9.046305591,GWAGWALAPE,225,
934,42,272.39,3,7,464,343538,1000375,7.576460293,9.047189401,GWAGWALAPE,92,
935,82,256.01,14,7,453,343726,1000318,7.578172437,9.046680631,GWAGWALAPE,360,
936,42,188.49,6,7,461,343662,1000396,7.577587499,9.047383668,GWAGWALAPE,302,
937,17,109.07,3,7,464,343720,1000465,7.578112639,9.048009632,GWAGWALAPE,355,
938,62,144.25,0,7,467,343599,1000502,7.577010659,9.048339923,GWAGWALAPE,162,
939,32,63.81,1,7,466,343778,1000540,7.578637569,9.048689848,GWAGWALAPE,194,
940,17,67.54,1,7,468,343664,1000543,7.57760047,9.048712951,GWAGWALAPE,15,
941,17,38.83,1,7,468,343732,1000612,7.578216576,9.049339268,GWAGWALAPE,248,
942,42,96.02,3,7,470,343668,1000652,7.577632983,9.049698699,GWAGWALAPE,238,
943,42,188.74,16,7,483,343554,1000656,7.576595846,9.04973084,GWAGWALAPE,138,
944,82,146.25,6,7,473,343689,1000716,7.577821735,9.050278145,GWAGWALAPE,243,
945,72,179.51,2,7,475,343654,1000778,7.577501156,9.050837529,GWAGWALAPE,274,
946,42,139.04,1,7,472,343753,1000777,7.578401743,9.050831983,GWAGWALAPE,148,
947,37,243.4,10,7,483,343576,1000768,7.576791986,9.050744351,GWAGWALAPE,29,
948,37,71.03,0,7,473,343811,1000857,7.578926498,9.051557411,GWAGWALAPE,14,
949,17,115.97,3,7,476,343669,1000858,7.57763476,9.05156144,GWAGWALAPE,203,
950,72,187,12,7,485,343583,1000916,7.5768504,9.052082852,GWAGWALAPE,91,
951,37,107.84,7,7,480,343672,1000960,7.577658425,9.052483856,GWAGWALAPE,250,
952,72,131.32,5,7,477,343694,1001024,7.577856274,9.053063338,GWAGWALAPE,90,
953,37,201.23,6,7,488,343568,1001032,7.576709827,9.053131224,GWAGWALAPE,227,
954,22,214.7,11,7,493,343518,1001123,7.576251763,9.053952301,GWAGWALAPE,148,
955,37,272.03,17,7,499,343475,1001058,7.575862925,9.053363034,GWAGWALAPE,161,
956,47,419.31,26,7,508,343314,1001106,7.574396674,9.053791363,GWAGWALAPE,76,
957,72,405.05,27,7,509,343339,1001048,7.574626153,9.053267798,GWAGWALAPE,285,
958,42,792.91,37,11,519,342940,1001095,7.570994964,9.053678639,GWAGWALAPE,31,
959,47,648.04,25,7,507,343083,1001143,7.572294055,9.05411774,GWAGWALAPE,8,
960,72,569.08,25,7,507,343166,1001082,7.573051243,9.053569106,GWAGWALAPE,148,
961,37,494.01,19,7,501,343237,1001153,7.573694565,9.054213622,GWAGWALAPE,317,
962,47,465.7,19,7,501,343285,1001284,7.574126531,9.055399856,GWAGWALAPE,93,
963,47,611.74,23,7,505,343124,1001226,7.572664052,9.0548697,GWAGWALAPE,19,
964,32,730.95,30,7,512,343013,1001287,7.571652157,9.055417339,GWAGWALAPE,96,
965,47,644.66,33,7,509,343104,1001322,7.572478696,9.055737046,GWAGWALAPE,92,
966,72,475.62,24,7,500,343269,1001359,7.573978313,9.056077458,GWAGWALAPE,287,
967,47,576.34,29,7,505,343157,1001414,7.572957533,9.056570811,GWAGWALAPE,41,
968,72,472.02,22,11,498,343258,1001480,7.573873937,9.057171179,GWAGWALAPE,336,
969,47,390.23,26,7,508,343342,1001181,7.574648705,9.054470523,GWAGWALAPE,290,
970,47,328.87,26,7,508,343426,1001273,7.575409541,9.055305384,GWAGWALAPE,112,
971,72,241.15,11,7,493,343526,1001277,7.576319056,9.055345091,GWAGWALAPE,319,
972,72,141.82,1,7,483,343616,1001233,7.577139314,9.054950414,GWAGWALAPE,87,
973,7,68.88,1,7,481,343670,1001182,7.577632342,9.054491167,GWAGWALAPE,25,
974,32,129.6,3,7,479,343694,1001352,7.577844617,9.056029199,GWAGWALAPE,43,
975,72,256.73,22,7,498,343502,1001358,7.576097856,9.056076665,GWAGWALAPE,175,
976,42,320.25,21,7,497,343414,1001424,7.575295005,9.056670339,GWAGWALAPE,64,
977,77,99.92,7,7,483,343638,1001437,7.577332185,9.056795812,GWAGWALAPE,76,
978,77,349.89,6,7,482,343395,1001577,7.575116719,9.05805313,GWAGWALAPE,153,
979,72,562.47,9,7,467,344103,1001897,7.581545805,9.060971671,GWAGWALAPE,281,
980,72,711.4,6,7,470,344157,1002045,7.58203178,9.062311831,GWAGWALAPE,177,
981,77,678.28,13,7,463,344257,1001903,7.582946491,9.061031352,GWAGWALAPE,354,
982,42,801.24,21,7,455,344416,1001890,7.584393336,9.0609194,GWAGWALAPE,322,
983,72,848.38,3,7,455,344493,1001939,7.585092052,9.061365181,GWAGWALAPE,59,
984,77,777.41,12,7,464,344315,1001988,7.583471092,9.061801988,GWAGWALAPE,309,
985,42,867.16,10,7,466,344225,1002188,7.582645291,9.063607273,GWAGWALAPE,310,
986,77,818.21,12,7,464,344300,1002063,7.583331982,9.062479631,GWAGWALAPE,293,
987,37,888.79,18,7,458,344425,1002030,7.58447025,9.062185637,GWAGWALAPE,21,
988,37,738.36,5,7,453,344614,1001852,7.586195837,9.060582757,GWAGWALAPE,57,
989,47,675.67,8,7,450,344658,1001794,7.586598145,9.06005985,GWAGWALAPE,91,
990,47,636.03,1,7,457,344780,1001754,7.58770936,9.059702443,GWAGWALAPE,334,
991,42,581.61,1,7,453,344846,1001713,7.588311192,9.059334025,GWAGWALAPE,278,
992,42,504.73,7,7,451,344806,1001618,7.587950677,9.058473603,GWAGWALAPE,281,
993,7,554.22,1,7,451,344942,1001727,7.589183985,9.059463984,GWAGWALAPE,201,
994,82,476.18,3,7,449,345024,1001670,7.589931927,9.058951448,GWAGWALAPE,101,
995,47,419.65,0,7,452,344933,1001576,7.589107441,9.058098281,GWAGWALAPE,232,
996,72,572.07,12,7,440,345096,1001777,7.590583121,9.059921497,GWAGWALAPE,269,
997,47,479.15,4,7,448,345119,1001685,7.590795588,9.059090411,GWAGWALAPE,274,
998,32,353.14,5,7,447,345121,1001559,7.590818221,9.05795115,GWAGWALAPE,295,
999,47,542.37,10,7,442,345255,1001734,7.592031019,9.059538245,GWAGWALAPE,67,
1000,72,349.41,7,7,445,345269,1001527,7.59216566,9.057666976,GWAGWALAPE,150,
1001,42,89.81,1,7,427,345323,999009,7.592745357,9.034900298,KABAYI,16,
1002,77,127.12,3,7,425,345284,998952,7.592392608,9.034383525,KABAYI,284,
1003,82,155.24,1,7,419,345263,998846,7.59220531,9.033424305,KABAYI,21,
1004,82,230.2,6,7,427,345176,998915,7.591411527,9.034045189,KABAYI,97,
1005,42,190.37,10,7,423,345098,998911,7.590702171,9.034006296,KABAYI,28,
1006,32,195.8,3,7,427,345162,998996,7.591281336,9.034777129,KABAYI,216,
1007,7,190.34,9,7,426,345075,998984,7.590490395,9.034665582,KABAYI,210,
1008,37,113.44,14,7,421,344993,998976,7.589744795,9.034590378,KABAYI,25,
1009,47,186.42,2,7,432,345134,999090,7.591023342,9.035626129,KABAYI,176,
1010,32,82.46,2,7,432,345243,999145,7.592012891,9.036127263,KABAYI,280,
1011,82,156.71,6,7,432,344990,999180,7.589710332,9.036434905,KABAYI,135,
1012,42,218.08,8,7,430,345034,999097,7.590113482,9.035685931,KABAYI,165,
1013,42,166.4,4,7,434,345114,999149,7.590839346,9.036158927,KABAYI,60,
1014,32,133.65,1,7,437,345170,999216,7.591346377,9.036766719,KABAYI,60,
1015,42,107.87,3,7,435,345056,999205,7.5903098,9.03666327,KABAYI,215,
1016,32,78.26,3,7,435,344999,999297,7.589788082,9.037493171,KABAYI,67,
1017,42,124.53,7,7,428,344862,999340,7.588540391,9.037877198,KABAYI,182,
1018,32,127.53,4,7,434,344934,999398,7.589193276,9.038404171,KABAYI,281,
1019,42,156.59,12,7,429,344855,999448,7.588472915,9.038853522,KABAYI,199,
1020,12,81.02,3,7,444,344959,999488,7.589417514,9.039218854,KABAYI,123,
1021,72,47.01,3,7,438,344902,999547,7.588896952,9.039750356,KABAYI,17,
1022,37,77.16,3,7,438,344844,999585,7.588368031,9.040091933,KABAYI,127,
1023,22,86,0,7,440,344978,999677,7.589583691,9.040928516,KABAYI,37,
1024,77,170.11,10,7,431,344751,999596,7.587521693,9.040188141,KABAYI,111,
1025,22,104.81,6,7,437,344838,999662,7.588310742,9.040787981,KABAYI,44,
1026,72,79.16,3,7,440,344795,999728,7.587917277,9.041383267,KABAYI,123,
1027,77,158.86,15,7,428,344710,999733,7.587143917,9.0414255,KABAYI,22,
1028,72,113.6,5,7,439,344754,999787,7.58754225,9.041915327,KABAYI,178,
1029,47,69.66,1,7,445,344920,999850,7.589050016,9.042490806,KABAYI,305,
1030,47,141.43,2,7,446,344767,999907,7.587656272,9.043000859,KABAYI,157,
1031,72,133.6,3,7,446,344850,1000023,7.588407179,9.044052674,KABAYI,208,
1032,37,182.92,9,7,436,344637,999816,7.586476961,9.042173452,KABAYI,262,
1033,72,138.5,11,7,434,344532,999851,7.585520615,9.042486249,KABAYI,27,
1034,37,76.58,1,7,446,344617,999927,7.586291119,9.043176446,KABAYI,280,
1035,37,46.62,0,7,449,344694,1000051,7.586987162,9.044300392,KABAYI,328,
1036,37,114.34,3,7,446,344744,999977,7.587444589,9.043633014,KABAYI,76,
1037,37,49.48,0,7,449,344791,1000091,7.587868098,9.044665484,KABAYI,126,
1038,37,143.54,7,7,438,344434,999931,7.584626352,9.043206193,KABAYI,208,
1039,72,85.01,3,7,452,344636,1000088,7.586458268,9.044632923,KABAYI,359,
1040,37,156.01,9,7,443,344338,1000001,7.583750632,9.043835781,KABAYI,180,
1041,42,101.91,5,7,448,344442,1000091,7.58469347,9.04465324,KABAYI,350,
1042,37,92.89,4,7,451,344598,1000186,7.586109148,9.045517735,KABAYI,337,
1043,37,44.65,0,7,455,344658,1000301,7.586650872,9.046559704,KABAYI,257,
1044,42,105.8,0,7,452,344512,1000205,7.585326189,9.04568652,KABAYI,153,
1045,72,60.31,11,7,441,344229,1000102,7.58275556,9.04474522,KABAYI,212,
1046,72,107.28,4,7,456,344429,1000297,7.584567938,9.046515496,KABAYI,25,
1047,47,157.54,1,7,454,344489,1000362,7.585111426,9.047105352,KABAYI,167,
1048,72,200.01,4,7,456,344409,1000392,7.584382652,9.04737381,KABAYI,170,
1049,12,236.08,4,7,451,344583,1000509,7.585961298,9.04843787,KABAYI,177,
1050,32,222,1,7,456,344487,1000453,7.585090018,9.04792813,KABAYI,149,
1051,37,286.5,7,7,459,344390,1000478,7.58420678,9.04815078,KABAYI,133,
1052,47,285.95,1,7,457,344430,1000585,7.584566855,9.04911971,KABAYI,92,
1053,47,162.56,5,7,457,344342,1000341,7.583774996,9.046910299,KABAYI,271,
1054,47,256.56,6,7,458,344248,1000398,7.582917918,9.047422404,KABAYI,213,
1055,47,171.09,5,7,457,344268,1000314,7.583102818,9.046663555,KABAYI,147,
1056,47,150.36,0,7,452,344204,1000229,7.582523657,9.04589271,KABAYI,182,
1057,72,249.83,2,7,454,344134,1000304,7.581884256,9.046568418,KABAYI,143,
1058,37,325.07,5,7,447,344019,1000229,7.580840829,9.045886198,KABAYI,362,
1059,72,319.27,1,7,432,344761,998573,7.587648687,9.030938211,KABAYI,313,
1060,72,259.12,0,7,433,344786,998674,7.587872532,9.031852359,KABAYI,202,
1061,37,179.64,1,7,434,344863,998694,7.588572223,9.032035899,KABAYI,56,
1062,72,277.14,1,7,432,344830,998548,7.588277191,9.030714568,KABAYI,119,
1063,32,159.81,1,7,434,344926,998617,7.589147982,9.031341844,KABAYI,1,
1064,42,127.14,1,7,434,344997,998610,7.589794047,9.031281029,KABAYI,214,
1065,32,48.85,0,7,433,344994,998711,7.589763208,9.032194199,KABAYI,89,
1066,37,101.08,2,7,435,344938,998734,7.58925302,9.032400215,KABAYI,113,
1067,47,176.51,1,7,436,344838,998748,7.588342922,9.03252331,KABAYI,143,
1068,32,204.13,0,7,435,344785,998744,7.587860972,9.032485286,KABAYI,164,
1069,42,281.04,1,7,434,344717,998699,7.587244025,9.032076002,KABAYI,79,
1070,47,252.24,2,7,437,344699,998759,7.587078183,9.03261791,KABAYI,354,
1071,22,264.37,3,7,438,344659,998801,7.586712861,9.032996286,KABAYI,337,
1072,47,192.21,4,7,439,344737,998809,7.587422072,9.033071356,KABAYI,259,
1073,72,125.26,0,7,435,344806,998829,7.588048997,9.033254617,KABAYI,225,
1074,37,129.4,2,7,437,344861,998790,7.588550653,9.032903891,KABAYI,89,
1075,47,65.86,0,7,435,344854,998865,7.588484342,9.03358182,KABAYI,211,
1076,37,148,2,7,437,344750,998913,7.587536659,9.034012211,KABAYI,227,
1077,72,99.73,1,7,434,344950,998775,7.589360731,9.032771369,KABAYI,95,
1078,72,66.21,1,7,434,344926,998854,7.589139647,9.033484873,KABAYI,79,
1079,72,70.18,1,7,432,345034,998800,7.590123922,9.033000363,KABAYI,357,
1080,72,124.91,8,7,427,345019,998883,7.589984563,9.033750351,KABAYI,158,
1081,72,64.47,4,7,431,344957,998888,7.58942043,9.033793395,KABAYI,107,
1082,47,39.6,5,7,430,344926,998942,7.589136551,9.034280596,KABAYI,169,
1083,47,88.46,2,7,433,344889,999002,7.588797884,9.034821841,KABAYI,110,
1084,47,121.49,2,7,437,344832,999016,7.588278913,9.034946439,KABAYI,150,
1085,47,160.1,11,7,424,344934,999070,7.589204817,9.035438292,KABAYI,172,
1086,37,154.95,1,7,434,344862,999090,7.588549192,9.03561662,KABAYI,155,
1087,37,63.29,1,7,434,344806,999169,7.588037026,9.036329003,KABAYI,289,
1088,72,53.71,5,7,430,344849,999210,7.588426717,9.036701242,KABAYI,70,
1089,42,95.34,7,7,428,344893,999253,7.588825435,9.037091601,KABAYI,340,
1090,47,66.07,2,7,433,344803,999298,7.588005195,9.037495355,KABAYI,211,
1091,47,71.01,1,7,434,345038,998659,7.590165262,9.031725536,KABAYI,145,
1092,72,87.6,1,7,432,345122,998702,7.59092782,9.032117289,KABAYI,86,
1093,47,134.66,2,7,431,345096,998608,7.590694624,9.031266403,KABAYI,288,
1094,72,94.43,2,7,431,345164,998652,7.59131161,9.031666639,KABAYI,230,
1095,47,12.04,0,7,429,345246,998660,7.592057205,9.03174184,KABAYI,167,
1096,37,19.1,2,7,423,345324,998680,7.592765996,9.031925407,KABAYI,138,
1097,42,82.46,1,7,419,345393,998726,7.593392011,9.03234376,KABAYI,14,
1098,72,63.89,1,7,426,345292,998755,7.59247229,9.032602465,KABAYI,38,
1099,47,72.12,2,7,431,345207,998712,7.591700634,9.03221068,KABAYI,266,
1100,37,124.47,2,7,427,345233,998791,7.591934358,9.032925931,KABAYI,78,
1101,37,248.58,7,7,448,344685,1000553,7.586887583,9.04883931,MARARABA,224,
1102,122,225.62,4,7,451,344648,1000500,7.586552885,9.04835877,MARARABA,319,
1103,47,200.39,9,7,446,344707,1000457,7.587091092,9.047972021,MARARABA,298,
1104,72,149.91,4,7,451,344666,1000419,7.586719479,9.047626976,MARARABA,345,
1105,72,144.8,7,7,448,344699,1000398,7.587020403,9.047438245,MARARABA,112,
1106,47,82.13,4,7,451,344682,1000331,7.586868128,9.046831815,MARARABA,156,
1107,72,117.2,0,7,439,344793,1000374,7.587876313,9.047224526,MARARABA,137,
1108,72,101.65,4,7,443,344765,1000307,7.587623976,9.04661771,MARARABA,182,
1109,42,110,3,7,446,344742,1000213,7.587418074,9.045766927,MARARABA,365,
1110,32,30.41,3,7,442,344833,1000275,7.58824366,9.046330739,MARARABA,255,
1111,47,43.17,4,7,435,344905,1000290,7.588898073,9.046468896,MARARABA,147,
1112,42,82.57,6,7,445,344847,1000199,7.588373688,9.045644015,MARARABA,107,
1113,47,58.82,1,7,448,344791,1000137,7.587866476,9.04508143,MARARABA,238,
1114,72,60.5,5,7,444,344899,1000165,7.588847898,9.045338398,MARARABA,212,
1115,47,122.87,4,7,443,344930,1000177,7.589129463,9.045447991,MARARABA,193,
1116,122,170.88,4,7,435,345007,1000188,7.589829498,9.045550152,MARARABA,275,
1117,72,175.32,3,7,442,344963,1000136,7.589431088,9.045078411,MARARABA,280,
1118,72,108.81,2,7,447,344847,1000071,7.588378199,9.0444866,MARARABA,277,
1119,62,204.69,5,7,444,344939,1000044,7.589216015,9.044245679,MARARABA,147,
1120,62,166.03,2,7,446,344920,999963,7.589046037,9.043512587,MARARABA,6,
1121,42,217.22,4,7,444,345001,999979,7.589782277,9.043660099,MARARABA,313,
1122,32,276.16,2,7,442,345036,1000033,7.590098749,9.044149608,MARARABA,238,
1123,32,223.89,3,7,443,345068,999968,7.590392119,9.043562977,MARARABA,308,
1124,42,330.22,13,7,429,345206,1000033,7.59164513,9.044155552,MARARABA,272,
1125,92,281.44,2,7,438,345179,999960,7.591402095,9.043494519,MARARABA,232,
1126,42,210.21,1,7,441,345133,999905,7.590985597,9.042995584,MARARABA,256,
1127,32,347.48,0,7,440,345274,999945,7.592266775,9.043362204,MARARABA,332,
1128,42,370.11,8,7,432,345326,999889,7.592741752,9.042857649,MARARABA,294,
1129,32,274.48,3,7,437,345234,999862,7.591905838,9.042610294,MARARABA,5,
1130,72,134.18,3,7,443,345040,999882,7.590140448,9.042784359,MARARABA,71,
1131,32,104.79,3,7,443,344954,999865,7.589358763,9.04262763,MARARABA,170,
1132,72,24.17,1,7,441,344988,999785,7.589670853,9.041905435,MARARABA,30,
1133,32,136.57,2,7,442,345111,999794,7.590789382,9.041991118,MARARABA,80,
1134,22,219.02,1,7,441,345197,999760,7.591572859,9.041686684,MARARABA,283,
1135,22,277.71,5,7,436,345252,999683,7.592075861,9.040992347,MARARABA,176,
1136,22,283.71,5,7,435,345261,999783,7.592154214,9.041896893,MARARABA,171,
1137,122,422.49,10,7,431,345423,999680,7.593631432,9.040971188,MARARABA,170,
1138,37,432.14,12,7,428,345410,999752,7.593510653,9.041621783,MARARABA,159,
1139,42,143.74,1,7,441,345112,999711,7.590801397,9.04124064,MARARABA,3,
1140,22,225.25,0,7,440,345187,999679,7.591484743,9.040953907,MARARABA,203,
1141,22,134.01,2,7,439,345144,999588,7.591096802,9.040129554,MARARABA,82,
1142,22,100.69,2,7,439,345004,999647,7.58982125,9.040658156,MARARABA,235,
1143,32,221.11,4,7,437,345219,999633,7.59177744,9.040539078,MARARABA,102,
1144,72,462.49,15,7,426,345483,999632,7.594178893,9.040539249,MARARABA,237,
1145,32,374.97,1,7,424,345527,999530,7.594582706,9.039618465,MARARABA,80,
1146,42,401.78,5,7,428,345465,999505,7.594019615,9.039390246,MARARABA,65,
1147,72,392.76,10,7,431,345425,999573,7.593653379,9.040003729,MARARABA,277,
1148,37,298.38,6,7,435,345308,999633,7.592587009,9.040542186,MARARABA,98,
1149,42,273.59,5,7,436,345304,999570,7.592552836,9.03997238,MARARABA,311,
1150,17,99.14,4,7,437,345136,999521,7.591026387,9.039523439,MARARABA,363,
1151,62,30.81,1,7,440,345068,999513,7.590408124,9.039448723,MARARABA,220,
1152,72,191.67,7,7,434,345229,999522,7.591872303,9.03953573,MARARABA,148,
1153,32,142.59,3,7,435,345192,999438,7.591538693,9.038774883,MARARABA,287,
1154,32,63.2,1,7,439,345071,999374,7.590440301,9.038191946,MARARABA,103,
1155,72,110.28,2,7,436,345171,999367,7.591350168,9.038132144,MARARABA,163,
1156,42,158.9,3,7,435,345231,999346,7.591896678,9.037944351,MARARABA,164,
1157,62,297.2,7,7,431,345347,999433,7.592948785,9.038735082,MARARABA,21,
1158,17,32.89,2,7,436,345107,999300,7.590770365,9.037524073,MARARABA,357,
1159,42,147.27,6,7,436,345204,999205,7.591656033,9.036668441,MARARABA,346,
1160,42,88.64,3,7,433,345283,999194,7.592375017,9.036571733,MARARABA,285,
1161,17,173.22,4,7,434,345281,999282,7.592353736,9.037367388,MARARABA,120,
1162,17,112.93,0,7,430,345352,999221,7.593001706,9.036818283,MARARABA,355,
1163,17,216.12,4,7,434,345374,999322,7.593198278,9.037732326,MARARABA,282,
1164,42,273.34,4,7,434,345386,999378,7.593305468,9.038239115,MARARABA,93,
1165,32,228.18,7,7,431,345283,999407,7.592367539,9.038497748,MARARABA,313,
1166,42,354.73,8,7,430,345403,999486,7.593456314,9.039216279,MARARABA,94,
1167,32,34.06,1,7,429,345341,999087,7.59290635,9.035606227,MARARABA,339,
1168,122,44.42,3,7,431,345385,999018,7.593309002,9.034983841,MARARABA,217,
1169,17,85.09,2,7,428,345393,999155,7.593376965,9.036222919,MARARABA,255,
1170,42,60.34,0,7,430,345439,999104,7.593797178,9.035763364,MARARABA,51,
1171,42,170.84,1,7,429,345431,999242,7.593719568,9.037010927,MARARABA,233,
1172,32,36.07,1,7,426,345445,998929,7.593857891,9.034181165,MARARABA,315,
1173,32,51.11,3,7,423,345439,998850,7.593806084,9.033466612,MARARABA,137,
1174,42,33.24,2,7,418,345436,998782,7.593781179,9.032851629,MARARABA,351,
1175,72,106.79,1,7,426,345525,998967,7.594584249,9.034527562,MARARABA,311,
1176,122,173.18,4,7,423,345592,998962,7.595193865,9.034484684,MARARABA,79,
1177,32,137.3,0,7,428,345523,999055,7.594562973,9.035323218,MARARABA,321,
1178,42,200.8,4,7,424,345569,999100,7.594979819,9.035731725,MARARABA,334,
1179,72,155.54,0,7,422,345634,999121,7.595570334,9.035923878,MARARABA,233,
1180,72,189.91,1,7,429,345503,999160,7.594377369,9.036271966,MARARABA,153,
1181,42,185.53,1,7,424,345591,999211,7.595176046,9.036736191,MARARABA,208,
1182,17,254.1,2,7,428,345518,999271,7.59450992,9.037276187,MARARABA,341,
1183,42,75.58,3,7,420,345701,999224,7.596176172,9.036857571,MARARABA,125,
1184,17,109.86,3,7,419,345699,999071,7.596163336,9.035474023,MARARABA,31,
1185,72,177.79,0,7,422,345640,999037,7.595627853,9.03516453,MARARABA,325,
1186,47,165,2,7,420,345690,999002,7.596083886,9.034849789,MARARABA,229,
1187,32,224.51,5,7,421,345652,998924,7.595740964,9.034143164,MARARABA,313,
1188,22,207.48,5,7,417,345727,998936,7.596422753,9.034254281,MARARABA,91,
1189,32,128.13,4,7,424,345524,998870,7.594578552,9.03365042,MARARABA,336,
1190,42,118.15,7,7,423,345576,998833,7.595052846,9.033317665,MARARABA,345,
1191,42,65.73,0,7,416,345606,998770,7.595327935,9.032749042,MARARABA,234,
1192,32,91.39,2,7,418,345500,998778,7.594363469,9.032817689,MARARABA,171,
1193,7,112.29,5,7,411,345804,998738,7.597130081,9.032466575,MARARABA,363,
1194,42,173.97,1,7,415,345726,998792,7.596418696,9.032952149,MARARABA,70,
1195,72,222.1,1,7,415,345723,998876,7.596388469,9.033711602,MARARABA,59,
1196,92,155.08,2,7,418,345659,998842,7.595807507,9.033401935,MARARABA,155,
1197,22,86.58,5,7,420,345397,998704,7.593429167,9.032144968,MARARABA,118,
1198,72,87.48,0,7,429,345274,998575,7.592314877,9.030974218,MARARABA,291,
1199,22,70.6,2,7,427,345330,998626,7.592822466,9.03143733,MARARABA,208,
1200,72,144.62,2,7,427,345343,998544,7.592943591,9.030696312,MARARABA,159,
