houawhold_Easting,household_Northing,waterpoint_easting,waterpoint_northin,household_elevation,WaterPoint_elevation,Household income,Household size,Rainfall,Air Temperature,Travel time,Amount spent,Willingness to pay
342450,998008,342578,998054,443,447,100000,7,2,29.1,20,330,380
342303,998270,342578,998054,449,447,50000,7,2,29.1,50,165,210
342321,998305,342656,998288,452,445,85000,6,2,29.1,20,450,500
342344,998258,342578,998054,449,447,80000,8,2,29.1,35,165,210
342362,998227,342578,998054,447,447,75000,7,2,29.1,30,285,330
342389,998176,342578,998054,445,447,50000,7,2,29.1,45,330,380
342421,998111,342578,998054,443,447,75000,7,2,29.1,30,150,200
342456,998049,342578,998054,444,447,75000,9,2,29.1,20,210,260
342484,998002,342578,998054,444,447,75000,7,2,29.1,30,165,210
342448,998131,342578,998054,444,447,75000,9,2,29.1,20,400,450
342397,998225,342578,998054,448,447,75000,6,2,29.1,20,200,250
342370,998336,342656,998288,453,445,75000,9,2,29.1,20,210,260
342390,998302,342656,998288,451,445,75000,6,2,29.1,35,285,330
342423,998239,342656,998288,448,445,75000,8,2,29.1,40,165,210
342440,998204,342578,998054,447,447,75000,7,2,29.1,60,120,170
342464,998161,342578,998054,445,447,75000,7,2,29.1,30,285,330
342490,998111,342578,998054,445,447,75000,6,2,29.1,40,285,330
342506,998080,342578,998054,446,447,45000,8,2,29.1,40,165,210
342526,998046,342578,998054,445,447,40000,7,2,29.1,60,280,330
342501,998154,342578,998054,446,447,105000,6,2,29.1,20,450,500
342471,998211,342578,998054,447,447,100000,9,2,29.1,20,300,350
342408,998330,342656,998288,452,445,105000,9,2,29.1,20,210,260
342424,998353,342656,998288,452,445,50000,7,2,29.1,50,165,210
342450,998312,342656,998288,450,445,45000,6,2,29.1,40,285,330
342475,998263,342656,998288,447,445,65000,8,2,29.1,35,380,430
342536,998158,342578,998054,447,447,50000,6,2,29.1,40,285,330
342559,998107,342578,998054,446,447,105000,6,2,29.1,20,450,500
342605,998068,342578,998054,446,447,40000,7,2,29.1,60,120,170
342586,998128,342578,998054,445,447,40000,6,2,29.1,40,200,250
342542,998205,342656,998288,447,445,40000,7,2,29.1,60,120,170
342512,998279,342656,998288,448,445,40000,7,2,29.1,60,360,410
342496,998339,342656,998288,450,445,40000,7,2,29.1,30,90,140
342618,998108,342578,998054,443,447,40000,7,2,29.1,30,210,260
342663,998093,342578,998054,442,447,40000,6,2,29.1,20,120,170
342645,998131,342578,998054,442,447,40000,7,2,29.1,60,120,170
342622,998172,342656,998288,443,445,40000,8,2,29.1,40,280,330
342593,998228,342656,998288,445,445,40000,6,2,29.1,20,240,290
342564,998275,342656,998288,448,445,40000,7,2,29.1,30,165,210
342535,998325,342656,998288,448,445,100000,7,2,29.1,30,120,170
342514,998376,342656,998288,451,445,60000,6,2,29.1,40,300,350
342488,998408,342656,998288,451,445,45000,6,2,29.1,35,120,170
342515,998421,342656,998288,451,445,60000,6,2,29.1,40,260,310
342542,998438,342656,998288,449,445,40000,7,2,29.1,60,120,170
342562,998391,342656,998288,449,445,60000,6,2,29.1,35,120,170
342596,998332,342656,998288,448,445,65000,7,2,29.1,30,180,230
342621,998293,342656,998288,446,445,100000,7,2,29.1,20,360,410
342648,998237,342656,998288,444,445,70000,8,2,29.1,40,285,330
342668,998198,342656,998288,444,445,100000,9,2,29.1,20,240,290
342691,998156,342656,998288,443,445,85000,9,2,29.1,20,120,170
342712,998123,342578,998054,443,447,100000,9,2,29.1,20,300,350
342706,998199,342656,998288,444,445,90000,9,2,29.1,20,120,170
342597,998386,342656,998288,448,445,105000,9,2,29.1,20,240,290
342587,998409,342656,998288,449,445,75000,7,2,29.1,30,120,170
342563,998452,342656,998288,448,445,75000,7,2,29.1,45,120,170
342595,998467,342656,998288,448,445,75000,9,2,29.1,20,200,250
342611,998433,342656,998288,448,445,75000,7,2,29.1,30,120,170
342635,998384,342656,998288,448,445,75000,8,2,29.1,40,310,360
342644,998353,342656,998288,448,445,75000,6,2,29.1,20,285,330
342658,998342,342656,998288,447,445,75000,6,2,29.1,40,330,380
342693,998285,342656,998288,444,445,75000,6,2,29.1,35,280,330
342713,998236,342656,998288,443,445,80000,7,2,29.1,30,210,260
342733,998198,342656,998288,443,445,40000,7,2,29.1,60,165,210
342764,998148,342656,998288,442,445,75000,7,2,29.1,30,165,210
342466,997847,342578,998054,441,447,40000,7,2,29.1,50,100,150
342477,997820,342578,998054,440,447,45000,6,2,29.1,40,165,210
342461,997782,342578,998054,438,447,90000,9,2,29.1,20,165,210
342461,997883,342578,998054,442,447,50000,7,2,29.1,50,200,250
342412,997883,342578,998054,441,447,60000,6,2,29.1,40,165,210
342438,997915,342578,998054,442,447,60000,7,2,29.1,50,165,210
342384,997933,342578,998054,441,447,60000,9,2,29.1,20,310,360
342346,998001,342578,998054,441,447,60000,7,2,29.1,60,165,210
342384,998018,342578,998054,442,447,60000,8,2,29.1,40,165,210
342369,998041,342578,998054,442,447,60000,6,2,29.1,40,120,170
342317,998056,342578,998054,441,447,60000,7,2,29.1,30,280,330
342344,998074,342578,998054,441,447,65000,8,2,29.1,40,120,170
342308,998133,342578,998054,443,447,70000,7,2,29.1,30,120,170
342253,998168,342578,998054,447,447,40000,7,2,29.1,60,300,350
342292,998187,342578,998054,448,447,45000,6,2,29.1,40,120,170
342271,998217,342578,998054,449,447,95000,9,2,29.1,20,120,170
342256,998242,342578,998054,450,447,105000,7,2,29.1,20,120,170
342215,998242,342578,998054,452,447,75000,9,2,29.1,20,180,230
342256,998273,342578,998054,451,447,60000,6,2,29.1,40,120,170
342241,998315,342656,998288,453,445,105000,6,3.32,29.1,20,120,170
342191,998318,342656,998288,460,445,95000,9,3.32,29.1,20,220,270
342119,998229,342578,998054,458,447,80000,7,3.32,29.1,30,120,170
342173,998210,342578,998054,451,447,45000,6,3.32,29.1,40,120,170
342087,998084,342578,998054,444,447,60000,6,3.32,29.1,35,180,230
342156,998041,342578,998054,444,447,85000,9,3.32,29.1,20,120,170
342244,997952,342578,998054,439,447,45000,6,3.32,29.1,40,190,240
342278,997924,342578,998054,437,447,45000,6,3.32,29.1,40,120,170
342350,997863,342578,998054,440,447,45000,7,3.32,29.1,50,165,210
342319,998363,342656,998288,456,445,45000,7,3.32,29.1,60,165,210
342377,998442,342656,998288,455,445,45000,9,3.32,29.1,20,100,150
342386,998400,342656,998288,454,445,45000,9,3.32,29.1,20,165,210
342351,998388,342656,998288,455,445,45000,9,3.32,29.1,20,120,170
342363,998497,342656,998288,461,445,45000,6,3.32,29.1,20,165,210
342412,998499,342656,998288,457,445,45000,7,3.32,29.1,60,165,210
342451,998458,342656,998288,455,445,50000,7,3.32,29.1,50,200,250
342435,998578,342656,998288,454,445,80000,7,3.32,29.1,30,165,210
342589,998518,342656,998288,447,445,70000,8,3.32,29.1,40,285,330
342713,998358,342656,998288,447,445,85000,9,3.32,29.1,20,240,290
342643,998489,342656,998288,447,445,105000,6,3.32,29.1,35,480,300
342761,998401,342656,998288,448,445,40000,7,3.32,29.1,60,285,330
342734,998439,342656,998288,448,445,65000,8,3.32,29.1,40,210,260
342691,998521,342856,998576,449,455,85000,9,3.32,29.1,20,165,210
342730,998506,342856,998576,449,455,60000,6,3.32,29.1,40,405,450
342820,998416,342856,998576,449,455,75000,7,3.32,29.1,30,200,250
342750,998554,342856,998576,453,455,55000,8,3.32,29.1,40,285,330
342749,998615,342856,998576,453,455,95000,9,3.32,29.1,20,210,260
342705,998680,342856,998576,456,455,75000,7,3.32,29.1,30,330,380
342660,998690,342856,998576,457,455,85000,9,3.32,29.1,20,165,210
342622,998736,342856,998576,454,455,85000,7,3.32,29.1,30,240,290
342675,998765,342856,998576,457,455,85000,6,3.32,29.1,35,360,410
342889,998462,342856,998576,453,455,85000,7,3.32,29.1,30,405,450
342846,998544,342856,998576,454,455,85000,8,3.32,29.1,40,450,500
342968,998488,342856,998576,453,455,85000,8,3.32,29.1,40,210,260
342937,998567,342856,998576,455,455,85000,7,3.32,29.1,30,220,270
342849,998664,342856,998576,457,455,85000,8,3.32,29.1,40,285,330
342737,998736,342856,998576,460,455,100000,6,3.32,29.1,20,180,230
342855,998748,342856,998576,462,455,80000,9,3.32,29.1,20,165,210
343038,998536,343026,998683,453,456,40000,7,3.32,29.1,45,285,330
343025,998626,343026,998683,455,456,50000,7,3.32,29.1,50,360,410
342971,998669,343026,998683,458,456,100000,6,3.32,29.1,20,480,300
342943,998803,343026,998683,464,456,100000,7,3.32,29.1,20,220,270
343025,998738,343026,998683,457,456,40000,7,3.32,29.1,60,405,450
343084,998616,343026,998683,452,456,100000,6,3.32,29.1,20,350,400
343156,998572,343248,998605,453,450,60000,6,3.32,29.1,40,480,300
343088,998713,343089,998745,454,455,40000,7,3.32,29.1,60,450,500
343021,998814,343087,998859,459,459,95000,9,3.32,29.1,20,240,290
343154,998675,343089,998745,451,455,45000,6,3.32,29.1,40,480,300
343088,998803,343087,998859,458,459,85000,7,3.32,29.1,30,405,450
343181,998724,343089,998745,454,455,60000,6,3.32,29.1,40,450,500
343225,998794,343238,998814,452,453,75000,7,3.32,29.1,30,480,300
343172,998894,343098,998889,459,460,80000,7,3.32,29.1,30,300,350
343281,998737,343314,998665,451,450,95000,9,3.32,29.1,20,240,290
343308,998695,343314,998665,451,450,95000,9,3.32,29.1,20,330,380
343356,998738,343368,998672,450,448,95000,7,3.32,29.1,20,450,500
343307,998807,343238,998814,451,453,95000,8,3.32,29.1,40,230,280
343263,998898,343311,998886,455,454,95000,6,3.32,29.1,40,600,450
343323,998454,343367,998467,446,446,95000,6,3.32,29.1,40,480,300
343290,998521,343248,998605,447,450,95000,7,3.32,29.1,30,360,410
343252,998595,343248,998605,450,450,75000,9,3.32,29.1,20,280,330
343350,998525,343367,998467,448,446,95000,9,3.32,29.1,20,285,330
343336,998602,343326,998636,448,449,60000,6,3.32,29.1,40,720,380
343421,998492,343367,998467,446,446,75000,7,3.32,29.1,30,450,500
343471,998543,343539,998470,444,443,40000,7,3.32,29.1,60,180,230
343410,998593,343368,998672,446,448,65000,8,3.32,29.1,40,285,330
343419,998645,343368,998672,447,448,85000,9,3.32,29.1,20,300,350
342829,998804,342856,998576,463,455,40000,7,3.32,29.1,60,120,170
343079,998920,343098,998889,461,460,45000,6,3.32,29.1,40,645,400
343219,998977,343311,998886,459,454,65000,8,3.32,29.1,35,285,330
343087,999010,343098,998889,464,460,40000,7,3.32,29.1,60,360,410
342929,998944,343098,998889,464,460,40000,9,3.32,29.1,20,210,260
342863,998914,343087,998859,466,459,40000,8,3.32,29.1,40,380,430
342743,998848,342856,998576,461,455,40000,7,3.32,29.1,30,210,260
343192,999041,343098,998889,462,460,40000,7,3.32,29.1,20,210,260
343150,999078,343098,998889,469,460,40000,8,3.32,29.1,40,380,430
343037,999105,343098,998889,471,460,90000,9,3.32,29.1,20,210,260
342970,999062,343098,998889,471,460,105000,9,3.32,29.1,20,180,230
342937,999024,343098,998889,465,460,70000,8,3.32,29.1,40,210,260
342884,999020,343098,998889,466,460,70000,6,3.32,29.1,35,210,260
342794,999024,343098,998889,467,460,70000,8,3.32,29.1,40,180,230
342717,998980,343087,998859,460,459,70000,9,3.32,29.1,20,210,260
342688,999072,343098,998889,463,460,70000,6,3.32,29.1,20,370,420
342863,999133,343098,998889,470,460,105000,7,3.32,29.1,30,210,260
343004,999180,343098,998889,478,460,40000,7,3.32,29.1,50,210,260
343101,999197,343098,998889,478,460,100000,6,3.32,29.1,20,320,370
343069,999288,343098,998889,482,460,40000,7,3.32,29.1,60,210,260
342972,999290,343098,998889,483,460,50000,7,3.32,29.1,50,140,190
342931,999229,343098,998889,478,460,55000,6,3.32,29.1,40,210,260
342867,999248,343098,998889,471,460,70000,8,3.32,29.1,35,210,260
342775,999235,343098,998889,470,460,50000,7,3.32,29.1,60,180,230
342639,999157,343098,998889,478,460,80000,7,3.32,29.1,30,210,260
342675,999273,342784,999789,487,503,80000,8,3.32,29.1,40,210,260
342656,999344,342784,999789,499,503,80000,9,3.32,29.1,20,190,240
342776,999301,342784,999789,477,503,80000,6,3.32,29.1,20,210,260
342858,999298,343098,998889,475,460,80000,7,3.32,29.1,50,210,260
342946,999333,343098,998889,484,460,80000,7,3.32,29.1,30,400,450
343018,999381,342784,999789,486,503,80000,8,3.32,29.1,40,210,260
343004,999448,342784,999789,494,503,80000,6,3.32,29.1,40,120,170
342876,999421,342784,999789,487,503,80000,7,3.32,29.1,30,280,330
342876,999479,342784,999789,491,503,50000,7,3.32,29.1,30,120,170
342818,999417,342784,999789,494,503,60000,6,3.32,29.1,40,120,170
342764,999521,342784,999789,494,503,50000,7,3.32,29.1,50,165,210
342602,999499,342784,999789,501,503,70000,8,3.32,29.1,40,380,430
342583,999570,342784,999789,509,503,95000,8,3.32,29.1,35,165,210
342650,999600,342784,999789,495,503,95000,9,3.32,29.1,20,120,170
342594,999647,342784,999789,503,503,65000,8,3.32,29.1,40,165,210
342807,999604,342784,999789,497,503,45000,6,3.32,29.1,40,280,330
342769,999718,342784,999789,500,503,40000,7,3.32,29.1,60,360,410
342743,999894,342784,999789,500,503,55000,6,3.32,29.1,40,450,500
342674,999674,342784,999789,497,503,55000,6,3.32,29.1,40,450,500
342596,999732,342784,999789,507,503,85000,9,3.32,29.1,40,165,210
342563,999813,342784,999789,512,503,90000,8,3.32,29.1,40,210,260
342657,999810,342784,999789,504,503,60000,6,3.32,29.1,40,280,330
342508,999922,342784,999789,518,503,100000,7,3.32,29.1,20,285,330
342613,999886,342784,999789,506,503,100000,9,3.32,29.1,20,210,260
342643,999946,342784,999789,505,503,40000,7,3.32,29.1,60,330,380
342759,999980,342784,999789,499,503,50000,6,3.32,29.1,40,480,300
342695,1000002,342784,999789,505,503,75000,7,3.32,29.1,30,330,380
343505,998566,343539,998470,443,443,95000,9,3.32,29.1,50,285,330
343492,998610,343368,998672,446,448,55000,6,3.32,29.1,40,570,280
343469,998643,343368,998672,447,448,65000,7,3.32,29.1,30,480,300
343440,998683,343368,998672,448,448,105000,6,3.32,29.1,20,720,380
343544,998557,343539,998470,444,443,65000,8,3.32,29.1,40,300,350
343578,998583,343676,998641,445,449,60000,6,3.32,29.1,40,600,450
343543,998607,343539,998470,445,443,75000,7,3.32,29.1,30,450,500
343544,998646,343676,998641,445,449,105000,7,3.32,29.1,20,380,430
343628,998614,343676,998641,446,449,45000,6,3.32,29.1,40,765,280
343591,998634,343676,998641,445,449,80000,7,3.32,29.1,30,525,480
343649,998643,343676,998641,448,449,80000,7,3.32,29.1,30,600,450
343510,998708,343368,998672,446,448,95000,9,3.32,29.1,20,165,210
343570,998719,343676,998641,447,449,85000,9,3.32,29.1,35,270,320
343587,998765,343676,998641,448,449,40000,7,3.32,29.1,60,240,290
343417,998731,343368,998672,449,448,100000,7,3.32,29.1,30,310,360
343387,998776,343368,998672,450,448,95000,9,3.32,29.1,20,210,260
343363,998812,343311,998886,452,454,95000,9,3.32,29.1,20,380,430
343344,998864,343311,998886,454,454,95000,9,3.32,29.1,20,285,330
343394,998839,343386,998918,451,453,95000,7,3.32,29.1,50,450,500
343467,998738,343368,998672,447,448,95000,9,3.32,29.1,50,165,210
343456,998787,343368,998672,448,448,95000,7,3.32,29.1,30,240,290
343433,998846,343386,998918,450,453,50000,7,3.32,29.1,50,360,410
343399,998885,343386,998918,452,453,75000,7,3.32,29.1,30,525,480
343474,998860,343386,998918,450,453,80000,7,3.32,29.1,30,285,330
343440,998929,343386,998918,453,453,75000,7,3.32,29.1,30,570,280
343485,998950,343386,998918,453,453,80000,7,3.32,29.1,30,330,380
343528,998867,343386,998918,449,453,80000,9,3.32,29.1,20,165,210
343540,998809,343386,998918,448,453,80000,7,3.32,29.1,30,300,350
343453,999002,343386,998918,453,453,100000,6,3.32,29.1,20,360,410
343435,999067,343386,998918,455,453,55000,6,3.32,29.1,40,360,410
343411,998992,343386,998918,454,453,60000,6,3.32,29.1,40,480,300
343357,999033,343386,998918,456,453,50000,7,3.32,29.1,50,330,380
343372,998958,343386,998918,455,453,45000,6,3.32,29.1,40,690,500
343322,998996,343386,998918,457,453,95000,9,3.32,29.1,20,320,370
343289,998949,343311,998886,456,454,50000,6,3.32,29.1,40,480,300
343238,999042,343311,998886,458,454,65000,8,3.32,29.1,40,210,260
343380,999119,343386,998918,460,453,90000,9,3.32,29.1,20,165,210
343197,999102,343098,998889,466,460,90000,9,3.32,29.1,20,200,250
343319,999131,343386,998918,460,453,55000,6,3.32,29.1,40,330,380
343423,999167,343386,998918,463,453,105000,6,3.32,29.1,20,285,330
343155,999188,343098,998889,477,460,55000,6,3.32,29.1,40,220,270
343205,999241,343098,998889,474,460,105000,9,3.32,29.1,20,285,330
343258,999265,343386,998918,471,453,95000,9,3.32,29.1,20,285,330
343360,999356,343386,998918,468,453,100000,6,3.32,29.1,20,270,320
343429,999374,343865,999279,464,464,90000,9,3.32,29.1,20,165,210
343495,999360,343865,999279,462,464,70000,8,3.32,29.1,40,165,210
343216,999348,343386,998918,475,453,100000,5,3.32,29.1,20,320,370
343151,999307,343098,998889,479,460,60000,6,3.32,29.1,40,120,170
343104,999352,343098,998889,483,460,100000,7,3.32,29.1,20,210,260
343120,999456,342784,999789,485,503,45000,6,3.32,29.1,40,120,170
343216,999435,343386,998918,475,453,70000,9,3.32,29.1,20,410,460
343290,999437,343386,998918,472,453,45000,6,3.32,29.1,40,120,170
343521,999428,343865,999279,462,464,95000,9,3.32,29.1,20,120,170
343573,999498,343865,999279,464,464,65000,8,3.32,29.1,40,120,170
343476,999486,343865,999279,467,464,90000,9,3.32,29.1,20,120,170
343400,999487,343865,999279,467,464,90000,9,3.32,29.1,20,120,170
343334,999508,343865,999279,472,464,90000,7,3.32,29.1,30,120,170
343336,999558,343865,999279,467,464,90000,9,3.32,29.1,35,120,170
343248,999509,342784,999789,475,503,90000,8,3.32,29.1,40,120,170
343421,999630,343950,999727,460,451,90000,9,3.32,29.1,20,120,170
343549,999604,343950,999727,464,451,70000,8,3.32,29.1,40,90,140
343235,999665,342784,999789,476,503,60000,8,3.32,29.1,40,90,140
343245,999726,342784,999789,473,503,65000,8,3.32,29.1,45,90,140
343280,999804,342784,999789,475,503,80000,7,3.32,29.1,30,90,140
343352,999680,342784,999789,468,503,55000,6,3.32,29.1,40,90,140
343377,999803,343950,999727,472,451,80000,7,3.32,29.1,30,90,140
343422,999877,343950,999727,466,451,80000,9,3.32,29.1,20,90,140
343423,999942,343950,999727,464,451,80000,6,3.32,29.1,40,90,140
343556,999824,343950,999727,462,451,80000,6,3.32,29.1,20,120,170
343592,999857,343950,999727,461,451,80000,7,3.32,29.1,30,120,170
343687,999960,343950,999727,457,451,65000,8,3.32,29.1,40,120,170
343715,1000058,343950,999727,459,451,45000,6,3.32,29.1,40,165,210
343724,1000143,343724,1000574,458,467,50000,7,3.32,29.1,50,165,210
343621,999979,343950,999727,459,451,40000,7,3.32,29.1,60,165,210
343663,1000048,343950,999727,459,451,85000,9,3.32,29.1,20,165,210
343638,1000106,343724,1000574,457,467,105000,9,3.32,29.1,20,165,210
343531,1000103,343724,1000574,461,467,75000,7,3.32,29.1,30,120,170
343418,1000085,343724,1000574,463,467,85000,9,3.32,29.1,20,120,170
343348,1000013,342784,999789,467,503,65000,8,3.32,29.1,40,120,170
343320,1000134,343724,1000574,466,467,70000,8,3.32,29.1,40,120,170
343278,1000109,342784,999789,466,503,55000,6,3.32,29.1,40,120,170
343284,999977,342784,999789,472,503,55000,7,3.32,29.1,30,120,170
343026,999532,342784,999789,498,503,55000,6,3.32,29.1,20,165,210
343200,999571,342784,999789,482,503,55000,9,3.32,29.1,20,165,210
343116,999577,342784,999789,491,503,55000,7,3.32,29.1,60,165,210
343040,999601,342784,999789,492,503,55000,9,3.32,29.1,20,165,210
342886,999590,342784,999789,493,503,55000,9,3.32,29.1,20,210,260
342900,999653,342784,999789,492,503,70000,8,3.32,29.1,40,240,290
343016,999717,342784,999789,489,503,100000,6,3.32,29.1,20,480,300
342829,999805,342784,999789,501,503,40000,7,3.32,29.1,60,570,280
342915,999796,342784,999789,491,503,60000,6,3.32,29.1,40,450,500
342868,999908,342784,999789,493,503,75000,7,3.32,29.1,30,330,380
342941,999893,342784,999789,483,503,90000,9,3.32,29.1,20,165,210
343019,999950,342784,999789,487,503,60000,6,3.32,29.1,40,480,300
343164,1000046,342784,999789,473,503,105000,9,3.32,29.1,20,480,300
343208,1000162,342784,999789,465,503,40000,7,3.32,29.1,60,480,300
343127,1000138,342784,999789,468,503,85000,9,3.32,29.1,20,480,300
343078,1000074,342784,999789,476,503,45000,6,3.32,29.1,35,210,260
343064,1000234,342784,999789,480,503,65000,7,3.32,29.1,30,210,260
342970,1000176,342784,999789,494,503,45000,6,3.32,29.1,40,210,260
342825,998133,342956,998274,440,442,100000,7,3.32,29.1,20,165,210
342855,998076,342956,998274,439,442,100000,8,3.32,29.1,40,210,260
342878,998021,342956,998274,438,442,100000,6,3.32,29.1,40,360,410
342906,997995,342956,998274,438,442,100000,7,3.32,29.1,50,240,290
342952,998005,342956,998274,438,442,100000,7,3.32,29.1,30,240,290
342918,998038,342956,998274,438,442,100000,9,3.32,29.1,20,210,260
342873,998115,342956,998274,439,442,100000,6,3.32,29.1,40,525,480
342869,998155,342956,998274,439,442,70000,8,3.32,29.1,35,330,380
342910,998096,342956,998274,439,442,65000,8,3.32,29.1,40,285,330
342986,998060,342956,998274,438,442,105000,7,3.32,29.1,20,360,410
342905,998172,342956,998274,440,442,100000,6,3.32,29.1,20,450,500
342943,998202,342956,998274,441,442,65000,8,3.32,29.1,40,450,500
342943,998160,342956,998274,440,442,70000,8,3.32,29.1,40,240,290
342964,998122,342956,998274,438,442,90000,9,3.32,29.1,20,210,260
343058,998092,342956,998274,438,442,70000,8,3.32,29.1,40,120,170
343015,998139,342956,998274,439,442,90000,9,3.32,29.1,20,240,290
342997,998234,342956,998274,440,442,45000,6,3.32,29.1,40,765,280
343042,998205,342956,998274,441,442,60000,6,3.32,29.1,40,450,500
343065,998165,342956,998274,439,442,40000,7,3.32,29.1,60,405,450
343089,998129,342956,998274,438,442,40000,7,3.32,29.1,60,405,450
343125,998187,342956,998274,438,442,105000,6,3.32,29.1,20,525,480
343136,998236,342956,998274,442,442,100000,5,3.32,29.1,40,840,550
343076,998275,342956,998274,443,442,100000,9,3.32,29.1,20,360,410
343119,998299,342956,998274,445,442,100000,6,3.32,29.1,40,525,480
343146,998312,342956,998274,445,442,100000,6,3.32,29.1,40,210,260
343178,998215,342956,998274,439,442,100000,9,3.32,29.1,20,210,260
343182,998180,342956,998274,437,442,100000,8,3.32,29.1,40,210,260
343210,998155,342956,998274,437,442,100000,7,3.32,29.1,30,210,260
343182,998280,342956,998274,442,442,45000,9,3.32,29.1,20,210,260
343199,998344,343367,998467,443,446,60000,6,3.32,29.1,40,210,260
343203,998309,343367,998467,442,446,80000,7,3.32,29.1,30,120,170
343218,998248,342956,998274,440,442,105000,7,3.32,29.1,20,120,170
343249,998196,343367,998467,439,446,70000,8,3.32,29.1,40,120,170
343320,998213,343367,998467,438,446,75000,7,3.32,29.1,30,120,170
343294,998262,343367,998467,440,446,75000,7,3.32,29.1,30,120,170
343328,998362,343367,998467,441,446,75000,7,3.32,29.1,30,330,380
343291,998392,343367,998467,443,446,60000,6,3.32,29.1,40,450,500
343334,998414,343367,998467,444,446,65000,8,3.32,29.1,40,285,330
343380,998400,343367,998467,443,446,50000,7,3.32,29.1,50,405,450
343380,998350,343367,998467,442,446,50000,8,3.32,29.1,35,285,330
343390,998318,343367,998467,442,446,50000,6,3.32,29.1,40,450,500
343411,998285,343367,998467,442,446,50000,7,3.32,29.1,30,285,330
343459,998290,343539,998470,442,443,50000,9,3.32,29.1,20,165,210
343447,998338,343367,998467,442,446,50000,8,3.32,29.1,40,240,290
343418,998456,343367,998467,444,446,50000,6,3.32,29.1,40,525,480
343472,998383,343539,998470,442,443,50000,7,3.32,29.1,30,330,380
343515,998326,343539,998470,440,443,50000,8,3.32,29.1,40,240,290
343515,998376,343539,998470,441,443,70000,7,3.32,29.1,30,360,410
343479,998423,343539,998470,443,443,75000,7,3.32,29.1,30,360,410
343469,998486,343539,998470,445,443,90000,9,3.32,29.1,50,240,290
343544,998409,343539,998470,442,443,70000,8,3.32,29.1,40,285,330
343581,998352,343539,998470,441,443,75000,7,3.32,29.1,30,330,380
342979,997981,342956,998274,437,442,100000,6,3.32,29.1,20,120,170
343035,997943,342956,998274,437,442,70000,8,3.32,29.1,35,120,170
343014,998013,342956,998274,438,442,80000,9,3.32,29.1,20,120,170
343041,997990,342956,998274,437,442,95000,9,3.32,29.1,20,120,170
343094,997976,342956,998274,436,442,90000,9,3.32,29.1,20,120,170
343061,998024,342956,998274,438,442,40000,7,3.32,29.1,60,120,170
343102,998058,342956,998274,438,442,55000,6,3.32,29.1,40,120,170
343138,998002,342956,998274,435,442,100000,6,3.32,29.1,20,90,140
343141,998049,342956,998274,436,442,85000,9,3.32,29.1,20,90,140
343184,998022,342956,998274,434,442,105000,9,3.32,29.1,20,90,140
343176,998061,342956,998274,436,442,100000,9,3.32,29.1,20,90,140
343150,998089,342956,998274,437,442,100000,8,3.32,29.1,40,90,140
343234,998052,342956,998274,435,442,100000,9,3.32,29.1,20,90,140
343207,998092,342956,998274,435,442,100000,6,3.32,29.1,40,90,140
343262,998089,342956,998274,435,442,100000,8,3.32,29.1,40,90,140
343313,998165,343367,998467,436,446,100000,9,3.32,29.1,20,90,140
343323,998113,343367,998467,435,446,80000,8,3.32,29.1,40,90,140
343495,998230,343539,998470,440,443,65000,8,3.32,29.1,40,90,140
343531,998287,343539,998470,439,443,80000,7,3.32,29.1,30,330,380
343556,998233,343539,998470,438,443,60000,6,3.32,29.1,40,120,170
343580,998318,343539,998470,439,443,60000,6,3.32,29.1,20,405,450
343605,998277,343539,998470,440,443,60000,7,3.32,29.1,20,330,380
343626,998365,343539,998470,442,443,60000,7,3.32,29.1,30,330,380
343541,998515,343539,998470,444,443,70000,8,3.32,29.1,40,360,410
343586,998478,343539,998470,445,443,50000,7,3.32,29.1,50,480,300
343610,998435,343539,998470,443,443,80000,7,3.32,29.1,30,360,410
343644,998430,343539,998470,444,443,40000,7,3.32,29.1,50,330,380
343612,998513,343691,998538,447,447,100000,7,3.32,29.1,20,330,380
343596,998544,343539,998470,446,443,70000,8,3.32,29.1,40,240,290
343648,998504,343691,998538,447,447,70000,7,3.32,29.1,30,450,500
343659,998462,343691,998538,445,447,85000,9,3.32,29.1,20,285,330
343686,998420,343691,998538,445,447,70000,8,3.32,29.1,40,330,380
343699,998483,343691,998538,447,447,95000,9,3.32,29.1,20,285,330
343662,998583,343691,998538,446,447,65000,8,3.32,29.1,40,360,410
343712,998608,343676,998641,448,449,65000,6,3.32,29.1,40,645,400
343769,998627,343775,998539,449,447,65000,9,3.32,29.1,20,285,330
343741,998564,343775,998539,447,447,65000,9,3.32,29.1,20,285,330
343726,998522,343691,998538,447,447,65000,7,3.32,29.1,20,450,500
343791,998584,343775,998539,448,447,75000,7,3.32,29.1,30,480,300
343763,998529,343775,998539,447,447,70000,8,3.32,29.1,40,450,500
343798,998536,343775,998539,448,447,105000,9,3.32,29.1,20,360,410
343819,998554,343775,998539,448,447,60000,6,3.32,29.1,35,645,400
343839,998524,343775,998539,447,447,90000,9,3.32,29.1,20,285,330
343790,998489,343775,998539,448,447,80000,7,3.32,29.1,30,480,300
343754,998475,343775,998539,448,447,60000,7,3.32,29.1,30,480,300
343818,998502,343775,998539,447,447,95000,9,3.32,29.1,20,285,330
343909,998521,343775,998539,445,447,60000,6,3.32,29.1,40,570,280
343907,998483,343775,998539,444,447,65000,8,3.32,29.1,40,330,380
346278,998632,346161,998599,417,420,95000,9,3.32,29.1,20,240,290
346159,998665,346161,998599,422,420,60000,6,3.32,29.1,40,645,400
346279,998701,346161,998599,415,420,95000,9,3.32,29.1,20,240,290
346181,998714,346161,998599,423,420,100000,6,3.32,29.1,20,570,280
346149,998761,346024,998675,421,423,60000,6,3.32,29.1,40,570,280
346068,998671,346024,998675,426,423,50000,7,3.32,29.1,50,480,300
346055,998737,346024,998675,422,423,100000,5,3.32,29.1,20,480,300
345990,998760,346024,998675,425,423,50000,7,3.32,29.1,50,480,300
345989,998689,346024,998675,423,423,100000,7,3.32,29.1,20,480,300
345925,998731,345875,998651,419,416,75000,7,2.5,29.1,30,405,450
345839,998748,345875,998651,414,416,80000,9,2.5,29.1,20,240,290
345784,998825,345875,998651,414,416,50000,7,2.5,29.1,50,405,450
345894,998838,345875,998651,422,416,100000,6,2.5,29.1,20,525,480
345955,998884,346024,998675,424,423,40000,7,2.5,29.1,60,360,410
345966,998828,346024,998675,423,423,65000,8,2.5,29.1,40,330,380
346034,998813,346024,998675,426,423,50000,7,2.5,29.1,50,405,450
346045,998887,346024,998675,425,423,90000,9,2.5,29.1,20,210,260
346116,998788,346024,998675,421,423,40000,7,2.5,29.1,50,405,450
346182,998877,346024,998675,421,423,50000,7,2.5,29.1,50,330,380
346218,998770,346161,998599,422,420,50000,7,2.5,29.1,30,405,450
346266,998786,346161,998599,419,420,50000,7,2.5,29.1,20,360,410
346294,998889,346161,998599,422,420,50000,8,2.5,29.1,40,210,260
346368,998832,346161,998599,412,420,50000,9,2.5,29.1,20,165,210
346361,998744,346161,998599,414,420,50000,7,2.5,29.1,50,330,380
345832,998995,345789,999134,421,422,95000,9,2.5,29.1,20,210,260
345867,998894,345875,998651,421,416,65000,8,2.5,29.1,40,240,290
346016,998952,346024,998675,426,423,95000,9,2.5,29.1,20,210,260
345954,998934,345789,999134,424,422,100000,9,2.5,29.1,20,210,260
345915,998949,345789,999134,423,422,100000,6,2.5,29.1,40,480,300
345994,999050,345789,999134,429,422,100000,7,2.5,29.1,30,360,410
346039,999084,345789,999134,428,422,100000,6,2.5,29.1,40,450,500
346123,998912,346024,998675,426,423,100000,7,2.5,29.1,60,330,380
346169,999010,346397,999212,422,420,60000,6,2.5,29.1,40,450,500
346106,999074,346397,999212,427,420,70000,8,2.5,29.1,40,240,290
346075,998989,346024,998675,428,423,70000,8,2.5,29.1,35,240,290
346195,998963,346397,999212,421,420,90000,9,2.5,29.1,20,210,260
346212,999034,346397,999212,424,420,95000,9,2.5,29.1,20,240,290
346269,998985,346397,999212,424,420,105000,7,2.5,29.1,30,405,450
346260,998925,346397,999212,423,420,55000,6,2.5,29.1,40,450,500
346374,998911,346397,999212,418,420,55000,6,2.5,29.1,40,450,500
346366,998980,346397,999212,422,420,90000,9,2.5,29.1,20,240,290
346319,998991,346397,999212,424,420,45000,6,2.5,29.1,40,525,480
346369,999083,346397,999212,421,420,100000,7,2.5,29.1,20,525,480
346226,999096,346397,999212,427,420,60000,6,2.5,29.1,40,405,450
346288,999127,346397,999212,424,420,80000,9,2.5,29.1,20,330,380
346353,999144,346397,999212,422,420,85000,9,2.5,29.1,20,360,410
346378,999194,346397,999212,420,420,85000,7,2.5,29.1,60,600,450
346289,999231,346397,999212,424,420,85000,9,2.5,29.1,20,360,410
346224,999189,346397,999212,429,420,85000,6,2.5,29.1,20,690,500
346149,999272,346397,999212,431,420,85000,7,2.5,29.1,20,405,450
346100,999218,346397,999212,431,420,40000,7,2.5,29.1,60,405,450
346128,999147,346397,999212,430,420,105000,7,2.5,29.1,20,405,450
346034,999259,345773,999247,432,423,60000,6,2.5,29.1,40,525,480
345982,999236,345773,999247,431,423,55000,6,2.5,29.1,40,600,450
346027,999138,345789,999134,428,422,95000,9,2.5,29.1,20,285,330
345942,999183,345789,999134,430,422,95000,9,2.5,29.1,20,330,380
345940,999116,345789,999134,428,422,95000,7,2.5,29.1,20,480,300
345885,999235,345773,999247,427,423,95000,7,2.5,29.1,50,525,480
345950,999060,345789,999134,426,422,95000,6,2.5,29.1,40,645,400
345912,999033,345789,999134,424,422,95000,7,2.5,29.1,30,480,300
345859,999066,345789,999134,424,422,95000,6,2.5,29.1,40,765,280
345864,999106,345789,999134,425,422,90000,9,2.5,29.1,20,360,410
345815,999069,345789,999134,421,422,45000,6,2.5,29.1,40,810,550
345782,998951,345789,999134,418,422,85000,9,2.5,29.1,50,285,330
345750,999024,345789,999134,418,422,105000,7,2.5,29.1,20,525,480
345735,999067,345789,999134,417,422,105000,6,2.5,29.1,20,765,280
345743,999127,345789,999134,419,422,95000,9,2.5,29.1,20,405,450
345736,999210,345773,999247,420,423,65000,8,2.5,29.1,40,480,300
345828,999193,345789,999134,426,422,65000,8,2.5,29.1,40,480,300
345805,999306,345773,999247,426,423,50000,7,2.5,29.1,50,645,400
345898,999314,345773,999247,427,423,70000,8,2.5,29.1,40,360,410
345976,999307,345773,999247,431,423,80000,7,2.5,29.1,30,450,500
345956,999372,345773,999247,433,423,85000,7,2.5,29.1,20,450,500
345862,999374,345773,999247,429,423,95000,9,2.5,29.1,20,330,380
345922,999446,345773,999247,434,423,75000,7,2.5,29.1,30,450,500
345960,999429,345773,999247,433,423,50000,7,2.5,29.1,50,450,500
346050,999356,345773,999247,433,423,80000,7,2.5,29.1,30,405,450
346103,999434,346397,999212,435,420,45000,6,2.5,29.1,35,360,410
346034,999424,345773,999247,434,423,80000,7,2.5,29.1,30,285,330
346038,999471,345773,999247,432,423,85000,9,2.5,29.1,20,165,210
345978,999489,345773,999247,433,423,100000,7,2.5,29.1,20,240,290
346063,999536,345773,999247,429,423,105000,6,2.5,29.1,20,240,290
346114,999577,346397,999212,427,420,60000,6,2.5,29.1,40,210,260
346172,999507,346397,999212,432,420,105000,9,2.5,29.1,20,120,170
346196,999556,346397,999212,432,420,40000,7,2.5,29.1,35,240,290
346194,999629,346397,999212,429,420,55000,6,2.5,29.1,40,210,260
346120,999347,346397,999212,432,420,55000,7,2.5,29.1,30,285,330
346164,999456,346397,999212,431,420,55000,8,2.5,29.1,40,210,260
346233,999492,346397,999212,429,420,55000,7,2.5,29.1,50,240,290
346282,999457,346397,999212,427,420,55000,9,2.5,29.1,20,240,290
346316,999373,346397,999212,427,420,55000,9,2.5,29.1,20,285,330
346287,999588,346397,999212,426,420,55000,9,2.5,29.1,20,165,210
346312,999523,346397,999212,426,420,75000,7,2.5,29.1,30,285,330
346371,999548,346397,999212,424,420,55000,6,2.5,29.1,40,360,410
346440,999529,346397,999212,423,420,85000,9,2.5,29.1,35,165,210
346413,999465,346397,999212,423,420,90000,9,2.5,29.1,20,285,330
346366,999439,346397,999212,424,420,90000,9,2.5,29.1,20,285,330
346411,999389,346397,999212,425,420,90000,7,2.5,29.1,30,480,300
346407,999318,346397,999212,423,420,90000,7,2.5,29.1,50,525,480
346336,999259,346397,999212,424,420,90000,9,2.5,29.1,20,360,410
345619,1001051,345623,1000964,451,451,105000,7,2.5,29.1,30,570,280
345731,1001135,345623,1000964,446,451,80000,9,2.5,29.1,20,240,290
345725,1001250,345623,1000964,440,451,60000,6,2.5,29.1,40,360,410
345842,1001141,345743,1000921,442,453,100000,6,2.5,29.1,20,600,450
345829,1000999,345743,1000921,453,453,100000,7,2.5,29.1,20,480,300
345719,1000781,345743,1000921,451,453,50000,7,2.5,29.1,50,480,300
345607,1000804,345623,1000964,446,451,70000,8,2.5,29.1,40,360,410
345858,1000797,345743,1000921,451,453,55000,6,2.5,29.1,40,600,450
345907,1000905,346014,1000949,450,445,55000,8,2.5,29.1,40,360,410
346141,1000997,346113,1000874,439,442,80000,7,2.5,29.1,30,480,300
346153,1001111,346014,1000949,429,445,90000,9,2.5,29.1,20,285,330
346209,1000914,346113,1000874,439,442,75000,7,2.5,29.1,30,480,300
346372,1000898,346218,1000752,428,444,75000,7,2.5,29.1,30,450,500
346172,1000825,346113,1000874,442,442,95000,7,2.5,29.1,30,525,480
346013,1000850,346014,1000949,445,445,55000,6,2.5,29.1,40,690,500
345875,1000697,345743,1000921,451,453,85000,9,2.5,29.1,20,285,330
346238,1000682,346192,1000683,440,444,70000,8,2.5,29.1,40,480,300
346322,1000732,346218,1000752,435,444,70000,8,2.5,29.1,40,360,410
346074,1000750,346113,1000874,446,442,90000,9,2.5,29.1,20,285,330
345975,1000559,345893,1000432,446,444,50000,6,2.5,29.1,40,600,450
346202,1000550,346265,1000597,443,441,55000,7,2.5,29.1,40,570,280
346086,1000579,346192,1000683,445,444,95000,9,2.5,29.1,20,285,330
346126,1000520,346265,1000597,447,441,80000,7,2.5,29.1,30,450,500
346532,1000624,346324,1000614,425,436,95000,9,2.5,29.1,20,240,290
346261,1000293,346162,1000284,440,440,55000,6,2.5,29.1,40,720,380
346467,1000305,346487,1000146,433,433,40000,7,2.5,29.1,60,450,500
346672,1000266,346487,1000146,428,433,105000,9,2.5,29.1,20,240,290
346633,1000112,346487,1000146,430,433,90000,9,2.5,29.1,20,285,330
346421,1000104,346487,1000146,432,433,40000,7,2.5,29.1,60,570,280
346504,1000190,346487,1000146,434,433,100000,9,2.5,29.1,35,405,450
346521,1000002,346487,1000146,430,433,65000,8,2.5,29.1,40,330,380
344755,1000815,344668,1000823,460,455,65000,8,2.5,29.1,40,450,500
344935,1000860,344915,1000947,455,454,65000,6,2.5,29.1,20,765,280
345100,1000850,344915,1000947,448,454,65000,7,2.5,29.1,30,405,450
344963,1000708,345003,1000498,450,446,65000,9,2.5,29.1,50,240,290
345150,1000674,345003,1000498,452,446,80000,7,2.5,29.1,30,360,410
345026,1000649,345003,1000498,449,446,90000,9,2.5,29.1,20,285,330
344873,1000631,345003,1000498,448,446,95000,9,2.5,29.1,20,240,290
345115,1000588,345003,1000498,448,446,100000,7,2.5,29.1,20,450,500
345078,1000451,345003,1000498,447,446,95000,9,2.5,29.1,20,360,410
345320,1000351,345194,1000363,443,442,95000,6,2.5,29.1,40,600,450
345460,1000718,345623,1000964,445,451,95000,7,2.5,29.1,30,450,500
345256,1000812,345251,1001014,450,455,95000,7,2.5,29.1,60,450,500
345280,1000720,345251,1001014,448,455,100000,7,2.5,29.1,20,405,450
345394,1000600,345194,1000363,443,442,40000,7,2.5,29.1,60,360,410
345406,1000460,345194,1000363,445,442,60000,6,2.5,29.1,40,600,450
345442,1000914,345623,1000964,448,451,50000,7,2.5,29.1,50,450,500
345462,1000211,345194,1000363,437,442,50000,7,2.5,29.1,50,285,330
345572,1000307,345893,1000432,440,444,90000,9,2.5,29.1,20,165,210
345494,1000522,345194,1000363,442,442,55000,6,2.5,29.1,40,360,410
345602,1000521,345893,1000432,445,444,55000,6,2.5,29.1,40,360,410
345520,1000787,345623,1000964,448,451,55000,8,2.5,29.1,40,285,330
345682,1000232,345893,1000432,438,444,55000,9,2.5,29.1,20,210,260
345765,1000397,345893,1000432,441,444,55000,7,2.5,29.1,30,450,500
345803,1000514,345893,1000432,445,444,55000,6,2.5,29.1,40,600,450
345803,1000259,345893,1000432,441,444,55000,7,2.5,29.1,30,360,410
345843,1000291,345893,1000432,444,444,55000,7,2.5,29.1,50,360,410
345499,1000088,345194,1000363,437,442,60000,6,2.5,29.1,40,285,330
345782,999999,346035,1000196,437,443,85000,9,2.5,29.1,20,165,210
345760,999897,346035,1000196,434,443,90000,9,2.5,29.1,20,90,140
345665,999794,346035,1000196,436,443,100000,7,2.5,29.1,30,165,210
346061,1000326,346010,1000358,442,444,55000,6,2.5,29.1,40,765,280
346101,1000228,346035,1000196,440,443,65000,8,2.5,29.1,40,405,450
345934,1000145,346035,1000196,437,443,85000,6,2.5,29.1,40,600,450
346114,1000158,346178,1000108,440,436,105000,7,2.5,29.1,20,570,280
346046,1000116,346035,1000196,440,443,75000,7,2.5,29.1,30,570,280
345828,1000098,346035,1000196,437,443,90000,9,2.5,29.1,20,285,330
345726,999716,345773,999247,433,423,55000,6,2.5,29.1,40,285,330
345970,999777,346178,1000108,431,436,70000,8,2.5,29.1,35,120,170
345864,999667,345773,999247,434,423,70000,8,2.5,29.1,40,120,170
345981,999865,346178,1000108,433,436,40000,7,2.5,29.1,60,285,330
345975,999495,345773,999247,433,423,55000,7,2.5,29.1,30,285,330
346137,999617,346397,999212,428,420,70000,8,2.5,29.1,40,120,170
346103,999742,346178,1000108,429,436,80000,7,2.5,29.1,30,210,260
346173,999956,346178,1000108,434,436,75000,7,2.5,29.1,30,450,500
346341,1000036,346178,1000108,429,436,105000,7,2.5,29.1,20,405,450
346318,999913,346178,1000108,428,436,80000,7,2.5,29.1,30,405,450
346503,999884,346487,1000146,427,433,95000,8,2.5,29.1,40,285,330
346387,999764,346487,1000146,424,433,70000,8,2.5,29.1,40,165,210
346445,999574,346397,999212,421,420,50000,7,2.5,29.1,50,210,260
344799,1000684,344657,1000800,451,455,65000,8,2.5,29.1,45,360,410
344646,1000573,344657,1000800,450,455,95000,9,2.5,29.1,20,285,330
344749,1000506,344863,1000280,443,439,90000,9,2.5,29.1,20,240,290
344923,1000532,345003,1000498,446,446,95000,6,2.5,29.1,40,765,280
344942,1000324,344863,1000280,434,439,45000,6,2.5,29.1,40,720,380
345037,1000272,344863,1000280,435,439,60000,6,2.5,29.1,40,600,450
345136,1000153,345194,1000363,433,442,80000,7,2.5,29.1,30,450,500
345200,1000083,345194,1000363,431,442,85000,9,2.5,29.1,20,240,290
345298,1000231,345194,1000363,443,442,60000,6,2.5,29.1,40,570,280
345362,1000072,345194,1000363,435,442,85000,6,2.5,29.1,40,360,410
345307,999988,345194,1000363,431,442,60000,6,2.5,29.1,40,285,330
345413,999947,345194,1000363,435,442,60000,6,2.5,29.1,40,285,330
345576,999985,346035,1000196,438,443,60000,6,2.5,29.1,40,210,260
345492,999860,344978,999763,436,440,60000,8,2.5,29.1,40,90,140
345387,999854,344978,999763,428,440,60000,7,2.5,29.1,60,165,210
345505,999705,345038,999506,424,441,60000,8,2.5,29.1,40,120,170
345685,999584,345773,999247,431,423,60000,8,2.5,29.1,40,165,210
345585,999537,345773,999247,425,423,60000,7,2.5,29.1,30,240,290
345598,999459,345773,999247,424,423,65000,8,2.5,29.1,40,285,330
345653,999364,345773,999247,420,423,65000,8,2.5,29.1,40,360,410
344081,1000300,344336,1000157,455,452,95000,9,2.5,29.1,20,240,290
343964,1000252,344336,1000157,447,452,95000,9,2.5,29.1,20,120,170
343993,1000339,343724,1000574,455,467,95000,9,2.5,29.1,20,120,170
343966,1000411,343724,1000574,461,467,70000,8,2.5,29.1,40,285,330
344088,1000428,344336,1000157,460,452,70000,7,2.5,29.1,30,210,260
344180,1000357,344336,1000157,458,452,65000,8,2.5,29.1,40,165,210
343997,1000504,343724,1000574,464,467,90000,9,2.5,29.1,20,120,170
344254,1000419,344407,1000192,457,452,90000,9,2.5,29.1,20,120,170
344327,1000482,344407,1000192,462,452,40000,7,2.5,29.1,60,165,210
344378,1000540,344407,1000192,457,452,105000,7,2.5,29.1,50,165,210
344217,1000640,344609,1000808,460,456,40000,7,2.5,29.1,60,120,170
344151,1000619,343724,1000574,463,467,80000,7,2.5,29.1,30,120,170
344161,1000508,344336,1000157,464,452,95000,6,2.5,29.1,40,210,260
344066,1000593,343724,1000574,463,467,50000,7,2.5,29.1,50,165,210
344098,1000702,343770,1000915,463,473,45000,7,2.5,29.1,40,120,170
344478,1000562,344609,1000808,456,456,40000,7,2.5,29.1,60,210,260
344559,1000601,344609,1000808,451,456,90000,9,2.5,29.1,20,120,170
344346,1000716,344609,1000808,461,456,45000,6,2.5,29.1,40,285,330
344290,1000754,344609,1000808,460,456,60000,9,2.5,29.1,20,120,170
344188,1000794,344609,1000808,464,456,45000,6,2.5,29.1,40,285,330
344097,1000805,343770,1000915,467,473,45000,9,2.5,29.1,35,120,170
344309,1000880,344609,1000808,460,456,60000,7,2.5,29.1,30,240,290
344171,1000897,343770,1000915,465,473,105000,7,2.5,29.1,20,645,400
344087,1000994,343770,1000915,465,473,55000,6,2.5,29.1,40,285,330
344180,1000994,343770,1000915,464,473,50000,7,2.5,29.1,50,165,210
344482,1000807,344609,1000808,459,456,105000,7,2.5,29.1,20,645,400
344640,1000768,344657,1000800,454,455,50000,7,2.5,29.1,50,165,210
344625,1000702,344657,1000800,453,455,70000,8,2.5,29.1,40,165,210
345417,1000923,345251,1001014,449,455,40000,7,2.5,29.1,60,120,170
345345,1000837,345251,1001014,450,455,80000,7,2.5,29.1,30,285,330
345136,1000881,345251,1001014,450,455,90000,9,2.5,29.1,20,405,450
345007,1000924,344915,1000947,454,454,100000,6,2.5,29.1,20,840,550
345061,1001075,345011,1001079,452,454,55000,6,2.5,29.1,40,285,330
344869,1000877,344915,1000947,456,454,50000,7,2.5,29.1,30,285,330
344753,1000848,344732,1000902,460,460,80000,7,2.5,29.1,30,285,330
344830,1001053,344718,1001121,457,458,80000,9,2.5,29.1,20,330,380
344887,1001152,345011,1001079,457,454,80000,6,2.5,29.1,20,765,280
344980,1001278,345131,1001206,458,452,80000,6,2.5,29.1,40,285,330
344955,1001190,345011,1001079,456,454,80000,7,2.5,29.1,30,285,330
344612,1000962,344620,1001026,456,458,80000,8,2.5,29.1,40,165,210
344620,1001049,344620,1001026,459,458,80000,9,2.5,29.1,20,330,380
344831,1001198,344718,1001121,458,458,80000,8,2.5,29.1,40,165,210
344851,1001302,344718,1001121,459,458,60000,6,2.5,29.1,40,285,330
344845,1001537,344718,1001121,450,458,60000,6,2.5,29.1,40,285,330
344708,1001567,344718,1001121,457,458,105000,9,2.5,29.1,20,330,380
344661,1001705,344718,1001121,453,458,95000,9,2.5,29.1,20,330,380
344613,1001595,344718,1001121,461,458,45000,6,2.5,29.1,40,285,330
344498,1000889,344609,1000808,456,456,45000,6,2.5,29.1,40,285,330
344430,1000913,344609,1000808,455,456,50000,9,2.5,29.1,40,120,170
344473,1001007,344620,1001026,458,458,105000,7,2.5,29.1,20,645,400
344577,1001154,344620,1001026,461,458,100000,6,2.5,29.1,20,720,380
344454,1001191,344620,1001026,462,458,65000,8,2.5,29.1,20,450,500
344750,1001200,344718,1001121,459,458,100000,7,2.5,29.1,30,285,330
344729,1001275,344718,1001121,461,458,105000,9,2.5,29.1,20,330,380
344507,1001263,344718,1001121,465,458,40000,7,2.5,29.1,60,120,170
344571,1001318,344718,1001121,465,458,80000,7,2.5,29.1,30,285,330
344661,1001369,344718,1001121,463,458,105000,9,2.5,29.1,20,360,410
344725,1001448,344718,1001121,461,458,65000,8,2.5,29.1,40,165,210
344844,1001403,344718,1001121,460,458,65000,8,2.5,29.1,40,165,210
344647,1001479,344718,1001121,462,458,65000,8,2.5,29.1,20,450,500
344572,1001475,344718,1001121,462,458,65000,9,2.5,29.1,20,330,380
344996,1001517,345131,1001206,450,452,65000,7,2.5,29.1,50,165,210
345097,1001438,345131,1001206,449,452,65000,6,2.5,29.1,40,285,330
345063,1001268,345131,1001206,454,452,65000,9,2.5,29.1,20,330,380
345141,1001362,345131,1001206,449,452,65000,7,2.5,29.1,30,285,330
345155,1001273,345131,1001206,451,452,100000,9,2.5,29.1,20,330,380
345267,1001282,345131,1001206,444,452,55000,9,2.5,29.1,20,360,410
345217,1001180,345131,1001206,449,452,100000,9,2.5,29.1,20,360,410
345311,1001138,345251,1001014,451,455,75000,7,2.5,29.1,30,285,330
345411,1001097,345251,1001014,451,455,80000,7,2.5,29.1,30,285,330
345393,1001231,345251,1001014,447,455,105000,9,2.5,29.1,20,330,380
345506,1001279,345623,1000964,442,451,95000,9,2.5,29.1,20,360,410
345523,1001002,345623,1000964,451,451,75000,7,2.5,29.1,30,285,330
345648,1001174,345623,1000964,445,451,40000,7,2.5,29.1,60,120,170
345720,1001272,345623,1000964,438,451,70000,9,2.5,29.1,20,360,410
344323,1001010,344620,1001026,462,458,40000,7,2.5,29.1,60,120,170
344247,1001073,344620,1001026,464,458,70000,8,2.5,29.1,40,165,210
344386,1001120,344620,1001026,461,458,105000,9,2.5,29.1,20,330,380
344273,1001237,344620,1001026,466,458,50000,7,2.5,29.1,50,165,210
344222,1001154,344620,1001026,466,458,65000,8,2.5,29.1,50,165,210
344109,1001158,343731,1001150,469,482,95000,9,2.5,29.1,20,330,380
344418,1001368,344718,1001121,463,458,40000,6,2.5,29.1,40,285,330
344593,1001753,344718,1001121,455,458,70000,8,2.5,29.1,40,165,210
344547,1001716,344718,1001121,458,458,70000,9,2.5,29.1,20,330,380
344319,1001321,344620,1001026,463,458,70000,9,2.5,29.1,35,210,260
344326,1001490,344718,1001121,462,458,70000,9,2.5,29.1,20,330,380
344419,1001561,344718,1001121,467,458,70000,9,2.5,29.1,20,360,410
344435,1001669,344718,1001121,464,458,70000,7,2.5,29.1,20,450,500
344432,1001800,344718,1001121,459,458,70000,8,2.5,29.1,40,165,210
344323,1001719,343730,1001476,461,476,45000,6,2.5,29.1,40,285,330
344113,1001273,343731,1001150,467,482,50000,7,2.5,29.1,50,165,210
344151,1001368,343730,1001476,468,476,100000,6,2.5,29.1,20,690,500
344122,1001443,343730,1001476,465,476,40000,7,2.5,29.1,60,120,170
344157,1001515,343730,1001476,467,476,70000,8,2.5,29.1,40,165,210
344130,1001592,343730,1001476,469,476,50000,7,2.5,29.1,40,210,260
344135,1001739,343730,1001476,463,476,50000,7,2.5,29.1,50,165,210
344134,1001796,343730,1001476,460,476,50000,7,2.5,29.1,50,165,210
344272,1001824,343730,1001476,460,476,45000,6,2.5,29.1,40,285,330
344210,1001765,343730,1001476,462,476,105000,6,2.5,29.1,20,690,500
344193,1001685,343730,1001476,466,476,85000,9,2.5,29.1,20,360,410
344372,998512,344406,998533,445,446,65000,8,2.5,29.1,40,165,210
344329,998568,344406,998533,448,446,60000,6,2.5,29.1,40,285,330
344311,998622,344406,998533,448,446,60000,7,2.5,29.1,30,285,330
344355,998629,344406,998533,448,446,60000,8,2.5,29.1,40,120,170
344458,998547,344406,998533,441,446,60000,9,2.5,29.1,20,360,410
344507,998564,344406,998533,437,446,60000,7,2.5,29.1,50,165,210
344536,998630,344406,998533,434,446,60000,7,2.5,29.1,50,165,210
344435,998614,344406,998533,444,446,60000,6,2.5,29.1,40,285,330
344487,998684,344406,998533,439,446,85000,9,2.5,29.1,20,360,410
344416,998719,344248,998762,446,450,55000,9,2.5,29.1,20,360,410
344435,998814,344248,998762,448,450,100000,9,2.5,29.1,20,360,410
344522,998745,344406,998533,439,446,60000,6,2.5,29.1,40,285,330
344579,998753,344406,998533,437,446,90000,9,2.5,29.1,20,360,410
344442,998761,344248,998762,445,450,60000,6,2.5,29.1,50,285,330
344501,998816,344248,998762,442,450,105000,9,2.5,29.1,20,330,380
344404,998870,344248,998762,455,450,55000,9,2.5,29.1,20,330,380
344327,998778,344248,998762,451,450,90000,9,2.5,29.1,20,330,380
344251,998797,344248,998762,451,450,40000,6,2.5,29.1,40,285,330
344231,998871,344248,998762,451,450,45000,6,2.5,29.1,40,285,330
344289,998870,344248,998762,451,450,45000,9,2.5,29.1,20,330,380
344359,998885,344248,998762,454,450,45000,7,2.5,29.1,30,285,330
344478,998890,344248,998762,448,450,45000,7,2.5,29.1,60,120,170
344487,998963,344248,998762,446,450,45000,7,2.5,29.1,20,525,480
344446,998913,344248,998762,452,450,45000,9,2.5,29.1,20,210,260
344397,998974,344248,998762,453,450,55000,6,2.5,29.1,60,210,260
344330,999013,344133,998978,454,450,70000,8,2.5,29.1,40,165,210
344281,998951,344133,998978,457,450,75000,7,2.5,29.1,50,165,210
344211,998988,344133,998978,455,450,60000,6,2.5,29.1,40,285,330
344364,999057,344133,998978,452,450,70000,8,2.5,29.1,40,165,210
344374,999098,344133,998978,450,450,95000,9,2.5,29.1,20,360,410
344688,998512,344406,998533,432,446,95000,7,2.5,29.1,30,285,330
344754,998546,345039,998730,433,433,95000,7,2.5,29.1,30,285,330
344710,998636,344406,998533,431,446,40000,7,2.5,29.1,60,120,170
344694,998695,344898,998914,435,435,60000,6,2.5,29.1,40,285,330
344647,998712,344406,998533,438,446,65000,8,2.5,29.1,40,165,210
344660,998762,344898,998914,437,435,40000,7,2.5,29.1,60,120,170
344658,998829,344898,998914,437,435,70000,8,2.5,29.1,40,165,210
344628,998861,344898,998914,439,435,80000,7,2.5,29.1,30,285,330
344688,998908,344898,998914,438,435,45000,6,2.5,29.1,40,285,330
344684,998953,344898,998914,440,435,50000,7,2.5,29.1,50,165,210
344566,998847,344248,998762,440,450,105000,7,2.5,29.1,20,570,280
344628,998982,344748,999203,440,438,105000,7,2.5,29.1,30,285,330
344593,999083,344748,999203,442,438,105000,6,2.5,29.1,40,285,330
344656,999053,344748,999203,439,438,85000,9,2.5,29.1,20,360,410
344690,999003,344748,999203,439,438,85000,9,2.5,29.1,20,360,410
344751,998946,344898,998914,438,435,85000,9,2.5,29.1,20,405,450
344786,998995,344898,998914,437,435,85000,9,2.5,29.1,20,360,410
344335,999196,344353,999442,450,449,70000,9,2.5,29.1,20,405,450
344341,999262,344353,999442,450,449,70000,7,2.5,29.1,60,120,170
344397,999165,344621,999299,449,439,70000,8,2.5,29.1,40,165,210
344454,999179,344621,999299,447,439,70000,6,2.5,29.1,40,285,330
344407,999226,344353,999442,448,449,85000,9,2.5,29.1,20,360,410
344451,999330,344353,999442,447,449,95000,6,2.5,29.1,40,285,330
344402,999287,344353,999442,448,449,50000,7,2.5,29.1,50,165,210
344530,999250,344621,999299,443,439,95000,9,2.5,29.1,60,90,140
344472,999253,344621,999299,447,439,90000,9,2.5,29.1,20,330,380
344514,999345,344621,999299,443,439,50000,7,2.5,29.1,50,165,210
344456,999395,344353,999442,446,449,95000,8,2.5,29.1,40,165,210
344389,999360,344353,999442,448,449,80000,7,2.5,29.1,30,285,330
344317,999333,344353,999442,447,449,100000,7,2.5,29.1,20,645,400
344271,999305,344353,999442,451,449,100000,6,2.5,29.1,40,285,330
344297,999383,344353,999442,449,449,50000,7,2.5,29.1,50,165,210
344340,999391,344353,999442,448,449,85000,9,2.5,29.1,35,210,260
344385,999467,344353,999442,449,449,70000,8,2.5,29.1,40,165,210
344424,999488,344353,999442,444,449,70000,7,2.5,29.1,30,285,330
344457,999462,344353,999442,443,449,70000,9,2.5,29.1,20,330,380
344503,999485,344353,999442,442,449,70000,7,2.5,29.1,30,285,330
344544,999448,344621,999299,443,439,45000,9,2.5,29.1,40,120,170
344536,999528,344506,999645,439,438,65000,8,2.5,29.1,30,165,210
344478,999530,344506,999645,437,438,95000,9,2.5,29.1,20,360,410
344388,999527,344353,999442,447,449,45000,8,2.5,29.1,40,120,170
344415,999580,344506,999645,445,438,90000,6,2.5,29.1,40,285,330
344541,999568,344506,999645,437,438,45000,9,2.5,29.1,20,405,450
344584,999546,344506,999645,435,438,60000,7,2.5,29.1,40,210,260
344626,999595,344506,999645,431,438,75000,7,2.5,29.1,30,285,330
344517,999621,344506,999645,437,438,80000,7,2.5,29.1,30,285,330
344441,999642,344506,999645,445,438,75000,7,2.5,29.1,30,285,330
344480,999682,344506,999645,442,438,70000,8,2.5,29.1,40,165,210
344655,999647,344506,999645,436,438,65000,8,2.5,29.1,40,165,210
344694,999683,344866,999763,429,443,50000,9,2.5,29.1,20,360,410
344595,999671,344506,999645,440,438,40000,7,2.5,29.1,60,120,170
344487,999726,344506,999645,441,438,90000,7,2.5,29.1,20,525,480
344423,999751,344506,999645,445,438,65000,8,2.5,29.1,40,165,210
344544,999142,344621,999299,443,439,95000,8,2.5,29.1,40,120,170
344534,999180,344621,999299,443,439,90000,9,2.5,29.1,20,360,410
344611,999298,344621,999299,440,439,90000,7,2.5,29.1,60,120,170
344620,999350,344621,999299,440,439,90000,9,2.5,29.1,20,330,380
344567,999380,344621,999299,440,439,90000,9,2.5,29.1,20,330,380
344599,999410,344621,999299,439,439,90000,7,2.5,29.1,40,210,260
344729,999060,344748,999203,437,438,90000,7,2.5,29.1,60,120,170
344616,999139,344748,999203,441,438,40000,7,2.5,29.1,60,120,170
344714,999192,344748,999203,440,438,90000,9,2.5,29.1,20,360,410
344787,999191,344748,999203,436,438,95000,9,2.5,29.1,20,360,410
344778,999136,344748,999203,435,438,55000,6,2.5,29.1,40,285,330
344797,999103,344748,999203,435,438,60000,8,2.5,29.1,40,165,210
344782,999261,344800,999232,436,435,75000,7,2.5,29.1,30,285,330
344671,999259,344621,999299,440,439,50000,7,2.5,29.1,30,165,210
344615,999213,344621,999299,440,439,80000,7,2.5,29.1,30,285,330
344713,999306,344621,999299,443,439,40000,8,2.5,29.1,40,165,210
344760,999331,344800,999232,438,435,40000,7,2.5,29.1,60,120,170
343950,998431,343775,998539,442,447,95000,9,2.5,29.1,20,360,410
344031,998390,343775,998539,439,447,55000,6,2.5,29.1,40,285,330
344103,998414,344406,998533,439,446,75000,7,2.5,29.1,30,285,330
344165,998337,344406,998533,440,446,45000,6,2.5,29.1,40,285,330
344161,998465,344406,998533,441,446,75000,7,2.5,29.1,30,285,330
344131,998535,344248,998762,442,450,85000,6,2.5,29.1,40,285,330
344037,998530,343775,998539,440,447,65000,8,2.5,29.1,20,405,450
343940,998585,343775,998539,444,447,65000,8,2.5,29.1,40,165,210
344261,998394,344406,998533,440,446,65000,7,2.5,29.1,30,285,330
344338,998454,344406,998533,442,446,65000,7,2.5,29.1,30,285,330
344247,998471,344406,998533,442,446,65000,6,2.5,29.1,40,285,330
344431,998571,344406,998533,445,446,75000,7,2.5,29.1,30,285,330
344399,998645,344406,998533,447,446,105000,8,2.5,29.1,20,450,500
344321,998594,344406,998533,448,446,70000,8,2.5,29.1,40,165,210
344242,998538,344406,998533,444,446,95000,9,2.5,29.1,20,330,380
344187,998596,344248,998762,443,450,65000,8,2.5,29.1,40,165,210
344265,998664,344248,998762,445,450,55000,6,2.5,29.1,40,285,330
344086,998608,344248,998762,443,450,65000,8,2.5,29.1,40,165,210
344013,998649,344248,998762,445,450,85000,9,2.5,29.1,20,330,380
343963,998743,343775,998539,451,447,50000,7,2.5,29.1,50,165,210
344047,998734,344248,998762,446,450,105000,8,2.5,29.1,40,165,210
344156,998675,344248,998762,446,450,95000,9,2.5,29.1,20,360,410
344208,998808,344248,998762,450,450,80000,7,2.5,29.1,30,285,330
344159,998773,344248,998762,445,450,80000,7,2.5,29.1,30,285,330
344099,998789,344248,998762,446,450,95000,9,2.5,29.1,20,360,410
344170,998885,344133,998978,450,450,70000,8,2.5,29.1,40,165,210
344091,998988,344133,998978,451,450,50000,7,2.5,29.1,50,165,210
343943,999000,344042,999086,456,456,80000,9,2.5,29.1,20,330,380
343947,998932,344042,999086,452,456,105000,7,2.5,29.1,20,570,280
344009,998932,344133,998978,449,450,70000,8,2.5,29.1,40,165,210
343893,998707,343775,998539,449,447,80000,7,2.5,29.1,30,285,330
343778,998858,343676,998641,461,449,45000,6,2.5,29.1,40,285,330
343741,998797,343676,998641,461,449,45000,6,2.5,29.1,40,285,330
343714,998633,343676,998641,449,449,80000,6,2.5,29.1,40,285,330
343641,998722,343676,998641,450,449,85000,9,2.5,29.1,20,330,380
343648,998805,343676,998641,446,449,45000,6,2.5,29.1,40,285,330
343563,998819,343386,998918,448,453,105000,6,2.5,29.1,20,765,280
343639,998927,343386,998918,449,453,50000,7,2.5,29.1,50,165,210
343740,998974,344042,999086,453,456,50000,7,2.5,29.1,50,165,210
343890,998903,344042,999086,456,456,55000,6,2.5,29.1,35,285,330
343459,999029,343386,998918,453,453,55000,6,2.5,29.1,40,285,330
343623,999074,343386,998918,457,453,65000,8,2.5,29.1,40,165,210
343475,999171,343386,998918,461,453,80000,6,2.5,29.1,40,285,330
343765,999067,343865,999279,459,464,50000,7,2.5,29.1,50,165,210
343680,999103,343865,999279,455,464,50000,7,2.5,29.1,50,165,210
343552,999099,343386,998918,455,453,45000,6,2.5,29.1,40,285,330
343613,999161,343865,999279,457,464,105000,6,2.5,29.1,30,450,500
343756,999164,343865,999279,456,464,105000,9,2.5,29.1,20,360,410
343745,999287,343865,999279,458,464,65000,8,2.5,29.1,40,165,210
343601,999228,343865,999279,462,464,100000,9,2.5,29.1,20,330,380
343498,999289,343865,999279,463,464,100000,7,2.5,29.1,60,120,170
343572,999414,343865,999279,463,464,100000,7,2.5,29.1,60,120,170
343595,999339,343865,999279,465,464,100000,6,2.5,29.1,40,285,330
343675,999313,343865,999279,461,464,90000,9,2.5,29.1,20,330,380
343846,999448,343865,999279,457,464,50000,8,2.5,29.1,50,165,210
343886,999369,343865,999279,461,464,70000,8,2.5,29.1,40,165,210
343923,999489,343865,999279,458,464,55000,6,2.5,29.1,40,285,330
343710,999418,343865,999279,461,464,55000,9,2.5,29.1,20,330,380
343609,999524,343865,999279,464,464,105000,9,2.5,29.1,20,210,260
343641,999585,343950,999727,460,451,90000,9,2.5,29.1,20,210,260
343738,999577,343950,999727,458,451,85000,6,2.5,29.1,40,285,330
343785,999529,343950,999727,457,451,65000,8,2.5,29.1,40,165,210
343795,999646,343950,999727,455,451,65000,8,2.5,29.1,40,165,210
343648,999665,343950,999727,456,451,45000,6,2.5,29.1,40,285,330
343676,999736,343950,999727,461,451,60000,6,2.5,29.1,40,285,330
343739,999702,343950,999727,456,451,60000,6,2.5,29.1,40,285,330
343835,999704,343950,999727,455,451,105000,6,2.5,29.1,40,285,330
343921,999703,343950,999727,449,451,100000,9,2.5,29.1,20,405,450
343918,999817,343950,999727,452,451,65000,8,2.5,29.1,40,165,210
343787,999772,343950,999727,453,451,90000,9,2.5,29.1,20,360,410
343691,999828,343950,999727,458,451,90000,8,2.5,29.1,40,165,210
343763,999900,343950,999727,455,451,90000,6,2.5,29.1,20,765,280
343717,999984,343950,999727,456,451,90000,7,2.5,29.1,30,285,330
343743,1000089,343950,999727,460,451,90000,7,2.5,29.1,50,165,210
343755,1000170,343724,1000574,455,467,50000,7,2.5,29.1,50,165,210
343812,1000117,343950,999727,457,451,90000,9,2.5,29.1,20,405,450
343828,1000055,343950,999727,457,451,40000,7,2.5,29.1,60,120,170
343884,999918,343950,999727,455,451,80000,7,2.5,29.1,30,285,330
343913,1000019,343950,999727,456,451,50000,7,2.5,29.1,50,165,210
343901,1000149,343950,999727,454,451,60000,6,2.5,29.1,40,285,330
344007,999047,344042,999086,456,456,105000,6,2.5,29.1,20,720,380
344303,999077,344133,998978,451,450,55000,6,2.5,29.1,20,765,280
344346,999157,344133,998978,450,450,75000,8,2.5,29.1,40,165,210
344234,999116,344133,998978,457,450,70000,8,2.5,29.1,40,165,210
344153,999079,344133,998978,457,450,70000,8,2.5,29.1,40,165,210
344101,999156,344042,999086,457,456,60000,6,2.5,29.1,40,285,330
344009,999179,344042,999086,454,456,50000,7,2.5,29.1,50,165,210
344377,999062,344133,998978,451,450,50000,7,2.5,29.1,50,165,210
344380,999256,344353,999442,448,449,95000,9,2.5,29.1,20,405,450
344183,999291,344353,999442,455,449,60000,7,2.5,29.1,30,285,330
344135,999225,344042,999086,459,456,100000,7,2.5,29.1,20,570,280
344053,999309,343865,999279,459,464,100000,9,2.5,29.1,20,360,410
343945,999241,343865,999279,460,464,100000,9,2.5,29.1,20,330,380
343972,999335,343865,999279,464,464,100000,9,2.5,29.1,35,210,260
344068,999401,344170,999574,456,448,100000,6,2.5,29.1,40,285,330
344003,999455,344170,999574,456,448,100000,9,2.5,29.1,20,330,380
344133,999420,344170,999574,455,448,40000,9,2.5,29.1,20,360,410
344020,999568,344170,999574,453,448,100000,6,2.5,29.1,20,360,410
344318,999427,344353,999442,449,449,40000,7,2.5,29.1,60,120,170
344380,999542,344353,999442,447,449,105000,9,2.5,29.1,20,405,450
343937,1000345,343724,1000574,458,467,100000,6,2.5,29.1,20,765,280
343960,1000570,343724,1000574,467,467,105000,9,2.5,29.1,20,330,380
343985,1000672,343724,1000574,467,467,45000,6,2.5,29.1,40,285,330
343868,1000658,343724,1000574,467,467,105000,8,2.5,29.1,40,165,210
343915,1000740,343770,1000915,471,473,40000,7,2.5,29.1,60,120,170
344042,1000843,343770,1000915,466,473,75000,7,2.5,29.1,30,285,330
344045,1000965,343770,1000915,468,473,40000,7,2.5,29.1,60,120,170
343878,1001097,343731,1001150,474,482,70000,8,2.5,29.1,40,165,210
343963,1001065,343770,1000915,471,473,45000,6,2.5,29.1,40,285,330
344050,1001065,343770,1000915,468,473,85000,9,2.5,29.1,20,405,450
344048,1001127,343731,1001150,470,482,65000,8,2.5,29.1,40,165,210
344067,1001219,343731,1001150,470,482,65000,8,2.5,29.1,40,165,210
344097,1001330,343730,1001476,467,476,75000,7,2.5,29.1,30,285,330
344023,1001337,343730,1001476,469,476,90000,9,2.5,29.1,20,360,410
344071,1001432,343730,1001476,467,476,90000,9,2.5,29.1,20,360,410
344058,1001596,343730,1001476,470,476,90000,7,2.5,29.1,30,285,330
344010,1001726,343730,1001476,466,476,90000,7,2.5,29.1,20,570,280
343821,1001139,343731,1001150,474,482,90000,9,2.5,29.1,20,360,410
343724,1001299,343731,1001150,477,482,90000,6,2.5,29.1,40,285,330
343810,1001239,343731,1001150,473,482,75000,7,2.5,29.1,30,285,330
343889,1001308,343731,1001150,472,482,100000,7,2.5,29.1,20,645,400
343958,1001381,343730,1001476,474,476,70000,8,2.5,29.1,40,165,210
343786,1001380,343730,1001476,477,476,95000,9,2.5,29.1,20,360,410
343892,1001456,343730,1001476,474,476,60000,6,2.5,29.1,35,285,330
343809,1001615,343730,1001476,473,476,70000,9,2.5,29.1,20,330,380
343910,1001692,343730,1001476,467,476,75000,7,2.5,29.1,30,285,330
343756,1001553,343730,1001476,475,476,80000,7,2.5,29.1,30,150,200
343653,1001660,343730,1001476,470,476,75000,7,2.5,29.1,30,350,400
343592,1001534,343730,1001476,480,476,105000,6,2.5,29.1,20,550,450
343516,1001540,343730,1001476,481,476,45000,6,2.5,29.1,40,285,330
343484,1001639,343730,1001476,470,476,45000,9,2.5,29.1,50,285,330
343686,1000240,343724,1000574,452,467,45000,7,2.5,29.1,60,120,170
343604,1000277,343724,1000574,454,467,45000,7,2.5,29.1,20,360,410
343538,1000375,343724,1000574,464,467,45000,7,2.5,29.1,30,285,330
343726,1000318,343724,1000574,453,467,50000,7,2.5,29.1,50,120,170
343662,1000396,343724,1000574,461,467,75000,7,2.5,29.1,30,350,400
343720,1000465,343724,1000574,464,467,80000,9,2.5,29.1,20,405,450
343599,1000502,343724,1000574,467,467,105000,6,2.5,29.1,60,210,260
343778,1000540,343724,1000574,466,467,75000,7,2.5,29.1,30,285,330
343664,1000543,343724,1000574,468,467,90000,9,2.5,29.1,20,360,410
343732,1000612,343724,1000574,468,467,85000,9,2.5,29.1,20,405,450
343668,1000652,343724,1000574,470,467,45000,6,2.5,29.1,40,285,330
343554,1000656,343724,1000574,483,467,100000,6,2.5,29.1,40,150,200
343689,1000716,343724,1000574,473,467,50000,7,2.5,29.1,50,120,170
343654,1000778,343770,1000915,475,473,65000,8,2.5,29.1,40,165,210
343753,1000777,343770,1000915,472,473,75000,7,2.5,29.1,30,285,330
343576,1000768,343770,1000915,483,473,75000,7,2.5,29.1,30,280,330
343811,1000857,343770,1000915,473,473,75000,7,2.5,29.1,30,285,330
343669,1000858,343770,1000915,476,473,75000,9,2.5,29.1,20,200,250
343583,1000916,343770,1000915,485,473,75000,7,2.5,29.1,60,120,170
343672,1000960,343770,1000915,480,473,75000,6,2.5,29.1,40,150,200
343694,1001024,343731,1001150,477,482,40000,7,2.5,29.1,60,120,170
343568,1001032,343731,1001150,488,482,55000,6,2.5,29.1,40,285,330
343518,1001123,343731,1001150,493,482,100000,7,2.5,29.1,20,360,410
343475,1001058,343731,1001150,499,482,45000,6,2.5,29.1,40,285,330
343314,1001106,343731,1001150,508,482,45000,9,2.5,29.1,20,210,260
343339,1001048,343731,1001150,509,482,40000,7,2.5,29.1,60,120,170
342940,1001095,343731,1001150,519,482,55000,6,2.5,29.1,40,285,330
343083,1001143,343731,1001150,507,482,95000,9,2.5,29.1,20,210,260
343166,1001082,343731,1001150,507,482,50000,7,2.5,29.1,50,120,170
343237,1001153,343731,1001150,501,482,60000,6,2.5,29.1,40,285,330
343285,1001284,343731,1001150,501,482,60000,9,2.5,29.1,20,210,260
343124,1001226,343731,1001150,505,482,85000,9,2.5,29.1,20,210,260
343013,1001287,343731,1001150,512,482,105000,6,2.5,29.1,40,330,380
343104,1001322,343730,1001476,509,476,85000,9,2.5,29.1,20,210,260
343269,1001359,343730,1001476,500,476,50000,7,2.5,29.1,50,120,170
343157,1001414,343730,1001476,505,476,100000,7,2.5,29.1,30,285,330
343258,1001480,343730,1001476,498,476,65000,8,2.5,29.1,40,165,210
343342,1001181,343731,1001150,508,482,65000,9,2.5,29.1,20,210,260
343426,1001273,343731,1001150,508,482,65000,9,2.5,29.1,20,210,260
343526,1001277,343731,1001150,493,482,65000,7,2.5,29.1,35,165,210
343616,1001233,343731,1001150,483,482,65000,7,2.5,29.1,50,120,170
343670,1001182,343731,1001150,481,482,105000,6,2.5,29.1,20,350,400
343694,1001352,343730,1001476,479,476,105000,7,2.5,29.1,20,330,380
343502,1001358,343730,1001476,498,476,95000,8,2.5,29.1,40,165,210
343414,1001424,343730,1001476,497,476,60000,6,2.5,29.1,40,285,330
343638,1001437,343730,1001476,483,476,85000,9,2.5,29.1,20,210,260
343395,1001577,343730,1001476,482,476,100000,9,2.5,29.1,20,210,260
344103,1001897,343730,1001476,467,476,70000,8,2.5,29.1,40,165,210
344157,1002045,343730,1001476,470,476,50000,7,2.5,29.1,40,165,210
344257,1001903,343730,1001476,463,476,85000,9,2.5,29.1,20,210,260
344416,1001890,343730,1001476,455,476,80000,7,2.5,29.1,30,285,330
344493,1001939,344718,1001121,455,458,80000,8,2.5,29.1,40,165,210
344315,1001988,343730,1001476,464,476,80000,9,2.5,29.1,20,210,260
344225,1002188,343730,1001476,466,476,80000,6,2.5,29.1,40,285,330
344300,1002063,343730,1001476,464,476,85000,9,2.5,29.1,20,210,260
344425,1002030,343730,1001476,458,476,55000,6,2.5,29.1,40,285,330
344614,1001852,344718,1001121,453,458,55000,7,2.5,29.1,30,285,330
344658,1001794,344718,1001121,450,458,60000,9,2.5,29.1,20,210,260
344780,1001754,344718,1001121,457,458,90000,9,2.5,29.1,20,210,260
344846,1001713,345131,1001206,453,452,45000,6,2.5,29.1,40,285,330
344806,1001618,344718,1001121,451,458,45000,6,2.5,29.1,40,285,330
344942,1001727,345131,1001206,451,452,45000,6,2.5,29.1,20,400,450
345024,1001670,345131,1001206,449,452,45000,7,2.5,29.1,60,120,170
344933,1001576,345131,1001206,452,452,45000,9,2.5,29.1,20,210,260
345096,1001777,345131,1001206,440,452,45000,8,2.5,29.1,40,165,210
345119,1001685,345131,1001206,448,452,45000,9,2.5,29.1,20,150,200
345121,1001559,345131,1001206,447,452,105000,7,2.5,29.1,20,330,380
345255,1001734,345131,1001206,442,452,95000,9,2.5,29.1,20,210,260
345269,1001527,345131,1001206,445,452,50000,7,2.5,29.1,50,165,210
345323,999009,345408,998980,427,428,60000,6,2.5,29.1,40,285,330
345284,998952,345408,998980,425,428,55000,9,2.5,29.1,20,210,260
345263,998846,345413,998806,419,420,40000,7,2.5,29.1,60,280,330
345176,998915,345039,998730,427,433,40000,7,2.5,29.1,60,120,170
345098,998911,345039,998730,423,433,105000,9,2.5,29.1,20,180,230
345162,998996,345319,999113,427,430,85000,9,2.5,29.1,20,330,380
345075,998984,344898,998914,426,435,100000,7,2.5,29.1,20,480,300
344993,998976,344898,998914,421,435,100000,9,2.5,29.1,20,285,330
345134,999090,345319,999113,432,430,85000,9,2.5,29.1,40,210,260
345243,999145,345319,999113,432,430,105000,9,2.5,29.1,20,330,380
344990,999180,345076,999311,432,438,50000,7,2.5,29.1,50,120,170
345034,999097,345076,999311,430,438,60000,6,2.5,29.1,40,285,330
345114,999149,345076,999311,434,438,105000,9,2.5,29.1,20,150,200
345170,999216,345076,999311,437,438,95000,9,2.5,29.1,20,330,380
345056,999205,345076,999311,435,438,85000,9,2.5,29.1,20,285,330
344999,999297,345076,999311,435,438,100000,9,2.5,29.1,20,330,380
344862,999340,344800,999232,428,435,75000,7,2.5,29.1,30,285,330
344934,999398,345050,999451,434,438,90000,9,2.5,29.1,20,200,250
344855,999448,344921,999590,429,441,45000,6,2.5,29.1,40,285,330
344959,999488,345038,999506,444,441,65000,8,2.5,29.1,20,405,450
344902,999547,344921,999590,438,441,65000,8,2.5,29.1,40,165,210
344844,999585,344921,999590,438,441,85000,9,2.5,29.1,20,285,330
344978,999677,344978,999763,440,440,105000,9,2.5,29.1,20,360,410
344751,999596,344921,999590,431,441,50000,7,2.5,29.1,50,165,210
344838,999662,344866,999763,437,443,50000,9,2.5,29.1,20,360,410
344795,999728,344866,999763,440,443,50000,7,2.5,29.1,60,120,170
344710,999733,344866,999763,428,443,50000,7,2.5,29.1,50,165,210
344754,999787,344866,999806,439,444,70000,8,2.5,29.1,40,165,210
344920,999850,344866,999806,445,444,100000,9,2.5,29.1,20,210,260
344767,999907,344866,999806,446,444,100000,9,2.5,29.1,20,210,260
344850,1000023,344743,1000103,446,449,40000,7,2.5,29.1,60,120,170
344637,999816,344567,999985,436,445,55000,6,2.5,29.1,40,285,330
344532,999851,344567,999985,434,445,40000,7,2.5,29.1,60,120,170
344617,999927,344567,999985,446,445,40000,6,2.5,29.1,40,300,350
344694,1000051,344721,1000089,449,449,40000,6,2.5,29.1,40,285,330
344744,999977,344721,1000089,446,449,45000,6,2.5,29.1,40,180,230
344791,1000091,344743,1000103,449,449,75000,7,2.5,29.1,30,285,330
344434,999931,344567,999985,438,445,55000,6,2.5,29.1,40,285,330
344636,1000088,344721,1000089,452,449,50000,7,2.5,29.1,50,165,210
344338,1000001,344336,1000157,443,452,60000,6,2.5,29.1,40,200,250
344442,1000091,344373,1000166,448,453,45000,6,2.5,29.1,40,285,330
344598,1000186,344621,1000276,451,455,60000,6,2.5,29.1,40,285,330
344658,1000301,344621,1000276,455,455,80000,7,2.5,29.1,30,150,200
344512,1000205,344407,1000192,452,452,55000,6,2.5,29.1,40,285,330
344229,1000102,344336,1000157,441,452,70000,8,2.5,29.1,40,165,210
344429,1000297,344407,1000192,456,452,65000,8,2.5,29.1,40,165,210
344489,1000362,344621,1000276,454,455,95000,9,2.5,29.1,20,210,260
344409,1000392,344407,1000192,456,452,70000,8,2.5,29.1,40,165,210
344583,1000509,344621,1000276,451,455,105000,6,2.5,29.1,20,500,550
344487,1000453,344621,1000276,456,455,105000,7,2.5,29.1,35,330,380
344390,1000478,344407,1000192,459,452,60000,6,2.5,29.1,40,285,330
344430,1000585,344609,1000808,457,456,95000,9,2.5,29.1,20,210,260
344342,1000341,344407,1000192,457,452,90000,9,2.5,29.1,20,210,260
344248,1000398,344336,1000157,458,452,95000,9,2.5,29.1,20,100,150
344268,1000314,344336,1000157,457,452,95000,9,2.5,29.1,20,210,260
344204,1000229,344336,1000157,452,452,100000,9,2.5,29.1,20,210,260
344134,1000304,344336,1000157,454,452,40000,7,2.5,29.1,60,300,350
344019,1000229,344336,1000157,447,452,45000,6,2.5,29.1,40,285,330
344761,998573,345039,998730,432,433,70000,8,2.5,29.1,40,165,210
344786,998674,345039,998730,433,433,70000,8,2.5,29.1,40,165,210
344863,998694,345039,998730,434,433,80000,7,2.5,29.1,30,285,330
344830,998548,345039,998730,432,433,50000,7,2.5,29.1,35,165,210
344926,998617,345039,998730,434,433,75000,7,2.5,29.1,30,200,250
344997,998610,345039,998730,434,433,55000,6,2.5,29.1,40,285,330
344994,998711,345039,998730,433,433,75000,7,2.5,29.1,30,285,330
344938,998734,345039,998730,435,433,75000,7,2.5,29.1,30,150,200
344838,998748,344898,998914,436,435,75000,9,2.5,29.1,20,210,260
344785,998744,344898,998914,435,435,75000,7,2.5,29.1,30,285,330
344717,998699,344898,998914,434,435,60000,6,2.5,29.1,40,285,330
344699,998759,344898,998914,437,435,90000,9,2.5,29.1,20,210,260
344659,998801,344898,998914,438,435,100000,7,2.5,29.1,20,200,250
344737,998809,344898,998914,439,435,90000,9,2.5,29.1,20,210,260
344806,998829,344898,998914,435,435,70000,8,2.5,29.1,40,165,210
344861,998790,344898,998914,437,435,60000,6,2.5,29.1,40,285,330
344854,998865,344898,998914,435,435,85000,9,2.5,29.1,20,210,260
344750,998913,344898,998914,437,435,85000,6,2.5,29.1,40,285,330
344950,998775,345039,998730,434,433,85000,7,2.5,29.1,50,400,450
344926,998854,344898,998914,434,435,85000,8,2.5,29.1,40,165,210
345034,998800,345039,998730,432,433,85000,7,2.5,29.1,60,120,170
345019,998883,344898,998914,427,435,70000,8,2.5,29.1,40,165,210
344957,998888,344898,998914,431,435,40000,7,2.5,29.1,60,120,170
344926,998942,344898,998914,430,435,95000,9,2.5,29.1,20,150,200
344889,999002,344898,998914,433,435,105000,9,2.5,29.1,20,210,260
344832,999016,344898,998914,437,435,105000,9,2.5,29.1,20,210,260
344934,999070,344898,998914,424,435,90000,9,2.5,29.1,20,210,260
344862,999090,344800,999232,434,435,55000,6,2.5,29.1,40,400,450
344806,999169,344800,999232,434,435,80000,7,2.5,29.1,30,285,330
344849,999210,344800,999232,430,435,80000,7,2.5,29.1,50,165,210
344893,999253,344800,999232,428,435,80000,6,2.5,29.1,40,450,500
344803,999298,344800,999232,433,435,80000,9,2.5,29.1,20,210,260
345038,998659,345039,998730,434,433,80000,9,2.5,29.1,20,210,260
345122,998702,345039,998730,432,433,50000,7,2.5,29.1,35,165,210
345096,998608,345039,998730,431,433,90000,9,2.5,29.1,20,450,500
345164,998652,345258,998661,431,429,40000,7,2.5,29.1,60,120,170
345246,998660,345258,998661,429,429,90000,9,2.5,29.1,20,210,260
345324,998680,345311,998694,423,425,90000,7,2.5,29.1,30,350,400
345393,998726,345413,998806,419,420,90000,6,2.5,29.1,40,285,330
345292,998755,345311,998694,426,425,90000,7,2.5,29.1,50,120,170
345207,998712,345258,998661,431,429,90000,9,2.5,29.1,20,210,260
345233,998791,345311,998694,427,425,90000,6,2.5,29.1,40,285,330
344685,1000553,344657,1000800,448,455,55000,6,2.5,29.1,40,285,330
344648,1000500,344621,1000276,451,455,105000,9,2.5,29.1,50,285,330
344707,1000457,344621,1000276,446,455,100000,9,2.5,29.1,20,210,260
344666,1000419,344621,1000276,451,455,40000,7,2.5,29.1,60,350,400
344699,1000398,344621,1000276,448,455,70000,8,2.5,29.1,40,165,210
344682,1000331,344621,1000276,451,455,85000,9,2.5,29.1,20,210,260
344793,1000374,344863,1000280,439,439,50000,7,2.5,29.1,50,300,350
344765,1000307,344863,1000280,443,439,40000,7,2.5,29.1,60,120,170
344742,1000213,344743,1000103,446,449,70000,8,2.5,29.1,40,165,210
344833,1000275,344863,1000280,442,439,75000,7,2.5,29.1,30,285,330
344905,1000290,344863,1000280,435,439,85000,9,2.5,29.1,20,210,260
344847,1000199,344863,1000280,445,439,60000,6,2.5,29.1,40,200,250
344791,1000137,344743,1000103,448,449,60000,6,2.5,29.1,20,285,330
344899,1000165,344863,1000280,444,439,60000,7,2.5,29.1,50,165,210
344930,1000177,344863,1000280,443,439,60000,9,2.5,29.1,20,210,260
345007,1000188,344863,1000280,435,439,60000,9,2.5,29.1,50,210,260
344963,1000136,344863,1000280,442,439,50000,7,2.5,29.1,50,120,170
344847,1000071,344743,1000103,447,449,40000,7,2.5,29.1,60,120,170
344939,1000044,344743,1000103,444,449,40000,7,2.5,29.1,60,120,170
344920,999963,344866,999806,446,444,40000,7,2.5,29.1,60,120,170
345001,999979,344978,999763,444,440,60000,6,2.5,29.1,40,285,330
345036,1000033,344978,999763,442,440,75000,7,2.5,29.1,30,285,330
345068,999968,344978,999763,443,440,75000,7,2.5,29.1,30,285,330
345206,1000033,345194,1000363,429,442,75000,6,1.6,29.1,40,285,330
345179,999960,344978,999763,438,440,105000,9,1.6,29.1,50,285,330
345133,999905,344978,999763,441,440,70000,8,1.6,29.1,40,165,210
345274,999945,344978,999763,440,440,80000,7,1.6,29.1,30,285,330
345326,999889,344978,999763,432,440,65000,8,1.6,29.1,40,165,210
345234,999862,344978,999763,437,440,80000,7,1.6,29.1,30,285,330
345040,999882,344978,999763,443,440,50000,7,1.6,29.1,50,165,210
344954,999865,344978,999763,443,440,80000,7,1.6,29.1,30,285,330
344988,999785,344978,999763,441,440,40000,7,1.6,29.1,50,120,170
345111,999794,344978,999763,442,440,80000,7,1.6,29.1,30,285,330
345197,999760,344978,999763,441,440,90000,9,1.6,29.1,20,200,250
345252,999683,345038,999506,436,441,100000,9,1.6,29.1,20,405,450
345261,999783,344978,999763,435,440,100000,9,1.6,29.1,20,405,450
345423,999680,345038,999506,431,441,100000,9,1.6,29.1,50,405,450
345410,999752,344978,999763,428,440,100000,7,1.6,29.1,30,285,330
345112,999711,344978,999763,441,440,60000,6,1.6,29.1,40,285,330
345187,999679,344978,999763,440,440,105000,9,1.6,29.1,20,405,450
345144,999588,345038,999506,439,441,100000,9,1.6,29.1,20,405,450
345004,999647,344921,999590,439,441,85000,9,1.6,29.1,20,330,380
345219,999633,345038,999506,437,441,75000,7,1.6,29.1,30,285,330
345483,999632,345038,999506,426,441,75000,7,1.6,29.1,50,120,170
345527,999530,345773,999247,424,423,75000,7,1.6,29.1,30,285,330
345465,999505,345773,999247,428,423,75000,6,1.6,29.1,40,285,330
345425,999573,345038,999506,431,441,70000,8,1.6,29.1,40,165,210
345308,999633,345038,999506,435,441,75000,7,1.6,29.1,35,285,330
345304,999570,345038,999506,436,441,55000,6,1.6,29.1,40,285,330
345136,999521,345038,999506,437,441,90000,9,1.6,29.1,20,405,450
345068,999513,345038,999506,440,441,40000,7,1.6,29.1,60,120,170
345229,999522,345038,999506,434,441,40000,7,1.6,29.1,45,120,170
345192,999438,345050,999451,435,438,75000,7,1.6,29.1,30,285,330
345071,999374,345076,999311,439,438,105000,9,1.6,29.1,20,330,380
345171,999367,345076,999311,436,438,105000,9,1.6,29.1,50,210,260
345231,999346,345076,999311,435,438,105000,6,1.6,29.1,40,285,330
345347,999433,345076,999311,431,438,105000,7,1.6,29.1,60,120,170
345107,999300,345076,999311,436,438,105000,9,1.6,29.1,20,405,450
345204,999205,345319,999113,436,430,65000,8,1.6,29.1,40,165,210
345283,999194,345319,999113,433,430,65000,8,1.6,29.1,40,165,210
345281,999282,345319,999113,434,430,90000,9,1.6,29.1,20,405,450
345352,999221,345319,999113,430,430,90000,9,1.6,29.1,20,200,250
345374,999322,345319,999113,434,430,90000,9,1.6,29.1,20,360,410
345386,999378,345319,999113,434,430,90000,6,1.6,29.1,40,285,330
345283,999407,345076,999311,431,438,90000,7,1.6,29.1,30,285,330
345403,999486,345050,999451,430,438,90000,6,1.6,29.1,40,285,330
345341,999087,345319,999113,429,430,80000,7,1.6,29.1,30,285,330
345385,999018,345408,998980,431,428,100000,9,1.6,29.1,50,285,330
345393,999155,345319,999113,428,430,100000,9,1.6,29.1,20,250,300
345439,999104,345319,999113,430,430,55000,6,1.6,29.1,40,285,330
345431,999242,345319,999113,429,430,60000,6,1.6,29.1,40,285,330
345445,998929,345419,998954,426,427,75000,7,1.6,29.1,30,180,230
345439,998850,345413,998806,423,420,80000,7,1.6,29.1,30,285,330
345436,998782,345413,998806,418,420,80000,8,1.6,29.1,40,165,210
345525,998967,345419,998954,426,427,80000,7,1.6,29.1,50,200,250
345592,998962,345419,998954,423,427,80000,9,1.6,29.1,60,120,170
345523,999055,345408,998980,428,428,80000,7,1.6,29.1,30,285,330
345569,999100,345408,998980,424,428,80000,6,1.6,29.1,40,285,330
345634,999121,345789,999134,422,422,75000,7,1.6,29.1,50,120,170
345503,999160,345319,999113,429,430,50000,7,1.6,29.1,50,300,350
345591,999211,345773,999247,424,423,65000,8,1.6,29.1,40,165,210
345518,999271,345319,999113,428,430,45000,8,1.6,29.1,20,450,500
345701,999224,345773,999247,420,423,45000,6,1.6,29.1,40,285,330
345699,999071,345789,999134,419,422,85000,9,1.6,29.1,20,360,410
345640,999037,345789,999134,422,422,50000,7,1.6,29.1,50,120,170
345690,999002,345789,999134,420,422,100000,9,1.6,29.1,20,210,260
345652,998924,345570,998715,421,416,100000,7,1.6,29.1,30,285,330
345727,998936,345789,999134,417,422,100000,9,1.6,29.1,20,360,410
345524,998870,345413,998806,424,420,100000,7,1.6,29.1,30,285,330
345576,998833,345570,998715,423,416,100000,8,1.6,29.1,40,165,210
345606,998770,345570,998715,416,416,100000,8,1.6,29.1,40,165,210
345500,998778,345413,998806,418,420,100000,7,1.6,29.1,30,285,330
345804,998738,345875,998651,411,416,100000,7,1.6,29.1,20,570,280
345726,998792,345570,998715,415,416,100000,8,1.6,29.1,40,165,210
345723,998876,345570,998715,415,416,45000,9,1.6,29.1,40,120,170
345659,998842,345570,998715,418,416,70000,8,1.6,29.1,50,120,170
345397,998704,345311,998694,420,425,90000,9,1.6,29.1,20,360,410
345274,998575,345258,998661,429,429,65000,8,1.6,29.1,40,165,210
345330,998626,345311,998694,427,425,105000,9,1.6,29.1,20,360,410
345343,998544,345258,998661,427,429,100000,9,1.6,29.1,50,360,410
