Household Income (I),Household Size (S) (persons),Rainfall (R) (mm/day),Temperature (T) (°C),Travel Time (t) (minutes),Amount Spent (A),Willingness To Pay (W),Shortest Distance (d) (meters),Height Difference (h) (meters),,
100000,7,2,29.1,30,330,380,136.01,4,,
50000,7,2,29.1,45,165,210,349.69,2,,
85000,6,2,29.1,20,450,500,335.43,7,,
80000,8,2,29.1,45,165,210,310.44,2,,
75000,7,2,29.1,30,285,330,276.74,0,,
50000,7,2,29.1,45,330,380,224.96,2,,
75000,7,2,29.1,30,150,200,167.03,4,,
75000,9,2,29.1,40,210,260,122.1,3,,
75000,7,2,29.1,45,165,210,107.42,3,,
75000,9,2,29.1,40,400,450,151.09,3,,
75000,6,2,29.1,20,200,250,249,1,,
75000,9,2,29.1,40,210,260,290,8,,
75000,6,2,29.1,35,285,330,266.37,6,,
75000,8,2,29.1,40,165,210,238.1,3,,
75000,7,2,29.1,60,120,170,203.82,0,,
75000,7,2,29.1,30,285,330,156.35,2,,
75000,6,2,29.1,35,285,330,104.85,2,,
45000,8,2,29.1,40,165,210,76.55,1,,
40000,7,2,29.1,60,280,330,52.61,2,,
105000,6,2,29.1,25,450,500,126.21,1,,
100000,9,2,29.1,40,300,350,189.99,0,,
105000,9,2,29.1,35,210,260,251.53,7,,
50000,7,2,29.1,45,165,210,240.93,7,,
45000,6,2,29.1,25,285,330,207.39,5,,
65000,8,2,29.1,45,380,430,182.72,2,,
50000,6,2,29.1,25,285,330,112.16,0,,
105000,6,2,29.1,20,450,500,56.3,1,,
40000,7,2,29.1,50,120,170,30.41,1,,
40000,6,2,29.1,25,200,250,74.43,2,,
40000,7,2,29.1,60,120,170,141.01,2,,
40000,7,2,29.1,60,360,410,144.28,3,,
40000,7,2,29.1,65,90,140,167.93,5,,
40000,7,2,29.1,40,210,260,67.2,4,,
40000,6,2,29.1,30,120,170,93.52,5,,
40000,7,2,29.1,50,120,170,102.07,5,,
40000,8,2,29.1,55,280,330,60.88,2,,
40000,6,2,29.1,35,240,290,87,0,,
40000,7,2,29.1,45,165,210,92.91,3,,
100000,7,2,29.1,50,120,170,126.53,3,,
60000,6,2,29.1,55,300,350,167.06,6,,
45000,6,2,29.1,65,120,170,206.46,6,,
60000,6,2,29.1,70,260,310,193.83,6,,
40000,7,2,29.1,65,120,170,188.4,4,,
60000,6,2,29.1,60,120,170,139.45,4,,
65000,7,2,29.1,40,180,230,74.4,3,,
100000,7,2,29.1,25,360,410,35.36,1,,
70000,8,2,29.1,25,285,330,51.62,1,,
100000,9,2,29.1,55,240,290,90.8,1,,
85000,9,2,29.1,50,120,170,136.56,2,,
100000,9,2,29.1,65,300,350,150.72,4,,
90000,9,2,29.1,75,120,170,102.08,1,,
105000,9,2,29.1,50,240,290,114.39,3,,
75000,7,2,29.1,60,120,170,139.29,4,,
75000,7,2,29.1,75,120,170,188.53,3,,
75000,9,2,29.1,50,200,250,189.11,3,,
75000,7,2,29.1,70,120,170,151.82,3,,
75000,8,2,29.1,60,310,360,98.27,3,,
75000,6,2,29.1,35,285,330,66.1,3,,
75000,6,2,29.1,30,330,380,54.04,2,,
75000,6,2,29.1,25,280,330,37.12,1,,
80000,7,2,29.1,40,210,260,77.16,2,,
40000,7,2,29.1,45,165,210,118.44,2,,
75000,7,2,29.1,50,165,210,176.82,3,,
40000,7,2,29.1,90,100,150,235.36,6,,
45000,6,2,29.1,130,165,210,254.87,7,,
90000,9,2,29.1,120,165,210,296.1,9,,
50000,7,2,29.1,50,200,250,207.2,5,,
60000,6,2,29.1,75,165,210,238.32,6,,
60000,7,2,29.1,70,165,210,197.28,5,,
60000,9,2,29.1,120,310,360,228.64,6,,
60000,7,2,29.1,120,165,210,237.98,6,,
60000,8,2,29.1,130,165,210,197.31,5,,
60000,6,2,29.1,60,120,170,209.4,5,,
60000,7,2,29.1,130,280,330,261.01,6,,
65000,8,2,29.1,90,120,170,234.85,6,,
70000,7,2,29.1,130,120,170,281.32,4,,
40000,7,2,29.1,120,300,350,344.41,0,,
45000,6,2,29.1,130,120,170,315.41,1,,
95000,9,2,29.1,120,120,170,347.59,2,,
105000,7,2,29.1,120,120,170,372.86,3,,
75000,9,2,29.1,113,180,230,408.79,5,,
60000,6,2,29.1,130,120,170,389.42,4,,
105000,6,2,29.1,130,120,170,415.88,8,,
95000,9,2,29.1,120,220,270,465.97,15,,
80000,7,2,29.1,130,120,170,491.23,11,,
45000,6,2,29.1,92,120,170,434.01,4,,
60000,6,2,29.1,92,180,230,491.92,3,,
85000,9,2,29.1,122,120,170,422.2,3,,
45000,6,2,29.1,62,190,240,349.23,8,,
45000,6,2,29.1,62,120,170,326.96,10,,
45000,7,2,29.1,55,165,210,297.43,7,,
45000,7,2,29.1,62,165,210,345.24,11,,
45000,9,2,29.1,132,100,150,318.68,10,,
45000,9,2,29.1,132,165,210,292.31,9,,
45000,9,2,29.1,135,120,170,320.98,10,,
45000,6,2,29.1,62,165,210,359.9,16,,
45000,7,2,29.1,92,165,210,322.58,12,,
50000,7,2,29.1,55,200,250,266.32,10,,
80000,7,2,29.1,92,165,210,364.61,9,,
70000,8,2,29.1,25,285,330,239.56,2,,
85000,9,2,29.1,32,240,290,90.27,2,,
105000,6,2,29.1,13,480,300,201.42,2,,
40000,7,2,29.1,42,285,330,154.25,3,,
65000,8,2,29.1,62,210,260,169.96,3,,
85000,9,2,29.1,65,165,210,173.93,6,,
60000,6,2,29.1,25,405,450,144.14,6,,
75000,7,2,29.1,25,200,250,164,6,,
55000,8,2,29.1,25,285,330,108.26,2,,
95000,9,2,29.1,42,210,260,113.89,2,,
75000,7,2,29.1,32,330,380,183.35,1,,
85000,9,2,29.1,52,165,210,226.74,2,,
85000,7,2,29.1,42,240,290,283.47,1,,
85000,6,2,29.1,25,360,410,261.69,2,,
85000,7,2,29.1,25,405,450,118.68,2,,
85000,8,2,29.1,22,450,500,33.53,1,,
85000,8,2,29.1,52,210,260,142.44,2,,
85000,7,2,29.1,35,220,270,81.5,0,,
85000,8,2,29.1,32,285,330,88.28,2,,
100000,6,2,29.1,25,180,230,199.4,5,,
80000,9,2,29.1,52,165,210,172,7,,
40000,7,2,29.1,35,285,330,147.49,3,,
50000,7,2,29.1,25,360,410,57.01,1,,
100000,6,2,29.1,13,480,300,56.75,2,,
100000,7,2,29.1,35,220,270,145.91,8,,
40000,7,2,29.1,22,405,450,55.01,1,,
100000,6,2,29.1,13,350,400,88.62,4,,
60000,6,2,29.1,13,480,300,97.74,3,,
40000,7,2,29.1,22,450,500,32.02,1,,
95000,9,2,29.1,42,240,290,79.88,0,,
45000,6,2,29.1,13,480,300,95.52,4,,
85000,7,2,29.1,25,405,450,56.01,1,,
60000,6,2,29.1,22,450,500,94.37,1,,
75000,7,2,29.1,15,480,300,23.85,1,,
80000,7,2,29.1,25,300,350,74.17,1,,
95000,9,2,29.1,42,240,290,79.2,1,,
95000,9,2,29.1,32,330,380,30.59,1,,
95000,7,2,29.1,22,450,500,67.08,2,,
95000,8,2,29.1,32,230,280,69.35,2,,
95000,6,2,29.1,5,600,450,49.48,1,,
95000,6,2,29.1,5,480,300,45.88,0,,
95000,7,2,29.1,25,360,410,93.91,3,,
75000,9,2,29.1,25,280,330,10.77,0,,
95000,9,2,29.1,35,285,330,60.44,2,,
60000,6,2,29.1,5,720,380,35.44,1,,
75000,7,2,29.1,22,450,500,59.51,0,,
40000,7,2,29.1,25,180,230,99.76,1,,
65000,8,2,29.1,35,285,330,89.47,2,,
85000,9,2,29.1,35,300,350,57.71,1,,
40000,7,2,29.1,62,120,170,229.59,8,,
45000,6,2,29.1,5,645,400,36.36,1,,
65000,8,2,29.1,35,285,330,129.4,5,,
40000,7,2,29.1,32,360,410,121.5,4,,
40000,9,2,29.1,42,210,260,177.72,4,,
40000,8,2,29.1,132,380,430,230.65,7,,
40000,7,2,29.1,92,210,260,294.54,6,,
40000,7,2,29.1,92,210,260,178.72,2,,
40000,8,2,29.1,132,380,430,196.02,9,,
90000,9,2,29.1,122,210,260,224.45,11,,
105000,9,2,29.1,113,180,230,215.2,11,,
70000,8,2,29.1,113,210,260,210.11,5,,
70000,6,2,29.1,92,210,260,250.91,6,,
70000,8,2,29.1,122,180,230,332.63,7,,
70000,9,2,29.1,122,210,260,389.28,1,,
70000,6,2,29.1,132,370,420,448.99,3,,
105000,7,2,29.1,132,210,260,338.76,10,,
40000,7,2,29.1,132,210,260,305.81,18,,
100000,6,2,29.1,92,320,370,308.01,18,,
40000,7,2,29.1,132,210,260,400.05,22,,
50000,7,2,29.1,132,140,190,420.33,23,,
55000,6,2,29.1,92,210,260,378.8,18,,
70000,8,2,29.1,122,210,260,426.9,11,,
50000,7,2,29.1,132,180,230,473.33,10,,
80000,7,2,29.1,132,210,260,531.51,18,,
80000,8,2,29.1,132,210,260,527.39,16,,
80000,9,2,29.1,122,190,240,463.04,4,,
80000,6,2,29.1,132,210,260,488.07,26,,
80000,7,2,29.1,120,210,260,474.22,15,,
80000,7,2,29.1,120,400,450,469.3,24,,
80000,8,2,29.1,130,210,260,470.34,17,,
80000,6,2,29.1,50,120,170,405.81,9,,
80000,7,2,29.1,90,280,330,379.33,16,,
50000,7,2,29.1,90,120,170,323.36,12,,
60000,6,2,29.1,90,120,170,373.55,9,,
50000,7,2,29.1,55,165,210,268.75,9,,
70000,8,2,29.1,130,380,430,342.38,2,,
95000,8,2,29.1,130,165,210,297.26,6,,
95000,9,2,29.1,130,120,170,231.68,8,,
65000,8,2,29.1,120,165,210,237.2,0,,
45000,6,2,29.1,20,280,330,186.42,6,,
40000,7,2,29.1,20,360,410,72.57,3,,
55000,6,2,29.1,13,450,500,112.72,3,,
55000,6,2,29.1,13,450,500,159.14,6,,
85000,9,2,29.1,50,165,210,196.45,4,,
90000,8,2,29.1,40,210,260,222.3,9,,
60000,6,2,29.1,13,280,330,128.72,1,,
100000,7,2,29.1,35,285,330,306.37,15,,
100000,9,2,29.1,40,210,260,196.6,3,,
40000,7,2,29.1,30,330,380,211.02,2,,
50000,6,2,29.1,13,480,300,192.63,4,,
75000,7,2,29.1,30,330,380,230.85,2,,
95000,9,2,29.1,40,285,330,101.84,0,,
55000,6,2,29.1,13,570,280,138.64,2,,
65000,7,2,29.1,13,480,300,105.08,1,,
105000,6,2,29.1,5,720,380,72.84,0,,
65000,8,2,29.1,20,300,350,87.14,1,,
60000,6,2,29.1,13,600,450,113.88,4,,
75000,7,2,29.1,20,450,500,137.06,2,,
105000,7,2,29.1,20,380,430,132.09,4,,
45000,6,2,29.1,5,765,280,55.07,3,,
80000,7,2,29.1,5,525,480,85.29,4,,
80000,7,2,29.1,5,600,450,27.07,1,,
95000,9,2,29.1,54,165,210,146.49,2,,
85000,9,2,29.1,54,270,320,131.61,2,,
40000,7,2,29.1,44,240,290,152.63,1,,
100000,7,2,29.1,34,310,360,76.69,1,,
95000,9,2,29.1,45,210,260,105.72,2,,
95000,9,2,29.1,45,380,430,90.44,2,,
95000,9,2,29.1,44,285,330,39.66,0,,
95000,7,2,29.1,13,450,500,79.4,2,,
95000,9,2,29.1,54,165,210,118.98,1,,
95000,7,2,29.1,44,240,290,144.81,0,,
50000,7,2,29.1,25,360,410,85.98,3,,
75000,7,2,29.1,13,525,480,35.47,1,,
80000,7,2,29.1,35,285,330,105.39,3,,
75000,7,2,29.1,5,570,280,55.11,0,,
80000,7,2,29.1,34,330,380,104.04,0,,
80000,9,2,29.1,54,165,210,150.88,4,,
80000,7,2,29.1,44,300,350,188.67,5,,
100000,6,2,29.1,24,360,410,107.45,0,,
55000,6,2,29.1,24,360,410,156.85,2,,
60000,6,2,29.1,13,480,300,78.11,1,,
50000,7,2,29.1,34,330,380,118.6,3,,
45000,6,2,29.1,5,690,500,42.38,2,,
95000,9,2,29.1,54,320,370,100.9,4,,
50000,6,2,29.1,13,480,300,66.73,2,,
65000,8,2,29.1,48,210,260,172.24,4,,
90000,9,2,29.1,84,165,210,201.09,7,,
90000,9,2,29.1,64,200,250,234.88,6,,
55000,6,2,29.1,34,330,380,223.29,7,,
105000,6,2,29.1,38,285,330,251.73,10,,
55000,6,2,29.1,44,220,270,304.38,17,,
105000,9,2,29.1,94,285,330,367.9,14,,
95000,9,2,29.1,94,285,330,369.86,18,,
100000,6,2,29.1,84,270,320,438.77,15,,
90000,9,2,29.1,134,165,210,446.23,0,,
70000,8,2,29.1,113,165,210,378.76,2,,
100000,5,2,29.1,84,320,370,462.39,22,,
60000,6,2,29.1,64,120,170,421.35,19,,
100000,7,2,29.1,134,210,260,463.04,23,,
45000,6,2,29.1,94,120,170,473.06,18,,
70000,9,2,29.1,124,410,460,544.23,22,,
45000,6,2,29.1,134,120,170,527.8,19,,
95000,9,2,29.1,124,120,170,374.88,2,,
65000,8,2,29.1,134,120,170,365,0,,
90000,9,2,29.1,124,120,170,440.65,3,,
90000,9,2,29.1,124,120,170,509.4,3,,
90000,7,2,29.1,134,120,170,578.28,8,,
90000,9,2,29.1,124,120,170,598.07,3,,
90000,8,2,29.1,124,120,170,541.94,28,,
90000,9,2,29.1,134,120,170,537.82,9,,
70000,8,2,29.1,94,90,140,419.44,13,,
60000,8,2,29.1,134,90,140,467.74,27,,
65000,8,2,29.1,134,90,140,465.28,30,,
80000,7,2,29.1,134,90,140,496.23,28,,
55000,6,2,29.1,134,90,140,578.36,35,,
80000,7,2,29.1,134,90,140,578.02,21,,
80000,9,2,29.1,134,90,140,548.89,15,,
80000,6,2,29.1,134,90,140,569.17,13,,
80000,6,2,29.1,84,120,170,405.76,11,,
80000,7,2,29.1,94,120,170,380.87,10,,
65000,8,2,29.1,94,120,170,351.37,6,,
45000,6,2,29.1,84,165,210,405.94,8,,
50000,7,2,29.1,84,165,210,431,9,,
40000,7,2,29.1,88,165,210,414.42,8,,
85000,9,2,29.1,94,165,210,430.59,8,,
105000,9,2,29.1,94,165,210,475.84,10,,
75000,7,2,29.1,84,120,170,509.01,6,,
85000,9,2,29.1,134,120,170,576.85,4,,
65000,8,2,29.1,134,120,170,606.85,36,,
70000,8,2,29.1,134,120,170,597.34,1,,
55000,6,2,29.1,84,120,170,588.59,37,,
55000,7,2,29.1,88,120,170,534.18,31,,
55000,6,2,29.1,88,165,210,353.01,5,,
55000,9,2,29.1,98,165,210,469.66,21,,
55000,7,2,29.1,98,165,210,393.91,12,,
55000,9,2,29.1,98,165,210,317.62,11,,
55000,9,2,29.1,74,210,260,223.62,10,,
70000,8,2,29.1,64,240,290,178.75,11,,
100000,6,2,29.1,13,480,300,242.92,14,,
40000,7,2,29.1,8,570,280,47.76,2,,
60000,6,2,29.1,13,450,500,131.19,12,,
75000,7,2,29.1,34,330,380,145.66,10,,
90000,9,2,29.1,84,165,210,188.32,20,,
60000,6,2,29.1,8,480,300,284.86,16,,
105000,9,2,29.1,94,480,300,458.75,30,,
40000,7,2,29.1,94,480,300,564.72,38,,
85000,9,2,29.1,98,480,300,489.34,35,,
45000,6,2,29.1,74,210,260,409.46,27,,
65000,7,2,29.1,94,210,260,525.76,23,,
45000,6,2,29.1,74,210,260,429.38,9,,
100000,7,2,29.1,84,165,210,192.46,2,,
100000,8,2,29.1,44,210,260,222.27,3,,
100000,6,2,29.1,24,360,410,264.75,4,,
100000,7,2,29.1,64,240,290,283.44,4,,
100000,7,2,29.1,64,240,290,269.03,4,,
100000,9,2,29.1,74,210,260,239.04,4,,
100000,6,2,29.1,8,525,480,179.36,3,,
70000,8,2,29.1,28,330,380,147.41,3,,
65000,8,2,29.1,28,285,330,183.85,3,,
105000,7,2,29.1,28,360,410,216.09,4,,
100000,6,2,29.1,13,450,500,114.04,2,,
65000,8,2,29.1,13,450,500,73.16,1,,
70000,8,2,29.1,44,240,290,114.74,2,,
90000,9,2,29.1,48,210,260,152.21,4,,
70000,8,2,29.1,84,120,170,208.63,4,,
90000,9,2,29.1,44,240,290,147.33,3,,
45000,6,2,29.1,8,765,280,57.28,2,,
60000,6,2,29.1,13,450,500,110.26,1,,
40000,7,2,29.1,13,405,450,154.15,3,,
40000,7,2,29.1,13,405,450,196.76,4,,
105000,6,2,29.1,8,525,480,190.08,4,,
100000,5,2,29.1,8,840,550,183.97,0,,
100000,9,2,29.1,24,360,410,60,1,,
100000,6,2,29.1,8,525,480,164.91,3,,
100000,6,2,29.1,84,210,260,193.76,3,,
100000,9,2,29.1,94,210,260,229.71,3,,
100000,8,2,29.1,98,210,260,244.77,5,,
100000,7,2,29.1,134,210,260,280.49,5,,
45000,9,2,29.1,134,210,260,226.08,0,,
60000,6,2,29.1,84,210,260,208.21,3,,
80000,7,2,29.1,74,120,170,227.73,4,,
105000,7,2,29.1,84,120,170,263.29,2,,
70000,8,2,29.1,134,120,170,295.58,7,,
75000,7,2,29.1,84,120,170,258.31,8,,
75000,7,2,29.1,84,120,170,217.61,6,,
75000,7,2,29.1,34,330,380,112.01,5,,
60000,6,2,29.1,13,450,500,106.78,3,,
65000,8,2,29.1,34,285,330,62.43,2,,
50000,7,2,29.1,13,405,450,68.25,3,,
50000,8,2,29.1,34,285,330,117.72,4,,
50000,6,2,29.1,13,450,500,150.76,4,,
50000,7,2,29.1,44,285,330,187.24,4,,
50000,9,2,29.1,84,165,210,196.98,1,,
50000,8,2,29.1,44,240,290,151.79,4,,
50000,6,2,29.1,8,525,480,52.17,2,,
50000,7,2,29.1,34,330,380,109.81,1,,
50000,8,2,29.1,44,240,290,145.99,3,,
70000,7,2,29.1,24,360,410,97.02,2,,
75000,7,2,29.1,24,360,410,76.22,0,,
90000,9,2,29.1,44,240,290,71.81,2,,
70000,8,2,29.1,44,285,330,61.2,1,,
75000,7,2,29.1,34,330,380,125.25,2,,
100000,6,2,29.1,64,120,170,293.9,5,,
70000,8,2,29.1,134,120,170,340.3,5,,
80000,9,2,29.1,134,120,170,267.37,4,,
95000,9,2,29.1,134,120,170,296.45,5,,
90000,9,2,29.1,134,120,170,328.4,6,,
40000,7,2,29.1,94,120,170,271.15,4,,
55000,6,2,29.1,84,120,170,260.71,4,,
100000,6,2,29.1,94,90,140,327.27,7,,
85000,9,2,29.1,134,90,140,291.29,6,,
105000,9,2,29.1,124,90,140,339.84,8,,
100000,9,2,29.1,124,90,140,306.22,6,,
100000,8,2,29.1,134,90,140,268.07,5,,
100000,9,2,29.1,134,90,140,355.76,7,,
100000,6,2,29.1,124,90,140,310.04,7,,
100000,8,2,29.1,144,90,140,357.58,7,,
100000,9,2,29.1,134,90,140,306.79,10,,
80000,8,2,29.1,144,90,140,356.72,11,,
65000,8,2,29.1,134,90,140,244,3,,
80000,7,2,29.1,34,330,380,183.17,4,,
60000,6,2,29.1,84,120,170,237.61,5,,
60000,6,2,29.1,18,405,450,157.43,4,,
60000,7,2,29.1,28,330,380,203.97,3,,
60000,7,2,29.1,28,330,380,136.36,1,,
70000,8,2,29.1,24,360,410,45.04,1,,
50000,7,2,29.1,13,480,300,47.68,2,,
80000,7,2,29.1,24,360,410,79.16,0,,
40000,7,2,29.1,34,330,380,112.36,1,,
100000,7,2,29.1,38,330,380,82.86,0,,
70000,8,2,29.1,48,240,290,93.41,3,,
70000,7,2,29.1,13,450,500,54.82,0,,
85000,9,2,29.1,44,285,330,82.46,2,,
70000,8,2,29.1,34,330,380,118.11,2,,
95000,9,2,29.1,44,285,330,55.58,0,,
65000,8,2,29.1,24,360,410,53.54,1,,
65000,6,2,29.1,8,645,400,48.84,1,,
65000,9,2,29.1,28,285,330,88.2,2,,
65000,9,2,29.1,28,285,330,42.2,0,,
65000,7,2,29.1,13,450,500,38.48,0,,
75000,7,2,29.1,13,480,300,47.76,1,,
70000,8,2,29.1,13,450,500,15.62,0,,
105000,9,2,29.1,24,360,410,23.19,1,,
60000,6,2,29.1,13,645,400,46.49,1,,
90000,9,2,29.1,44,285,330,65.73,0,,
80000,7,2,29.1,13,480,300,52.2,1,,
60000,7,2,29.1,13,480,300,67.36,1,,
95000,9,2,29.1,44,285,330,56.73,0,,
60000,6,2,29.1,8,570,280,135.2,2,,
65000,8,2,29.1,34,330,380,143.39,3,,
95000,9,2,29.1,48,240,290,121.56,3,,
60000,6,2,29.1,8,645,400,66.03,2,,
95000,9,2,29.1,48,240,290,155.97,5,,
100000,6,2,29.1,8,570,280,116.73,3,,
60000,6,2,29.1,8,570,280,151.73,2,,
50000,7,2,29.1,13,480,300,44.18,3,,
100000,5,2,29.1,8,480,300,69.32,1,,
50000,7,2,29.1,8,480,300,91.55,2,,
100000,7,2,29.1,13,480,300,37.7,0,,
75000,7,2,29.1,13,405,450,94.34,3,,
80000,9,2,29.1,48,240,290,103.46,2,,
50000,7,2,29.1,13,405,450,196.36,2,,
100000,6,2,29.1,13,525,480,187.96,6,,
40000,7,2,29.1,24,360,410,220.1,1,,
65000,8,2,29.1,34,330,380,163.62,0,,
50000,7,2,29.1,24,405,450,138.36,3,,
90000,9,2,29.1,88,210,260,213.04,2,,
40000,7,2,29.1,20,405,450,145.72,2,,
50000,7,2,29.1,30,330,380,256.45,2,,
50000,7,2,29.1,20,405,450,180.25,2,,
50000,7,2,29.1,20,360,410,214.46,1,,
50000,8,2,29.1,88,210,260,319.04,2,,
50000,9,2,29.1,80,165,210,311.67,8,,
50000,7,2,29.1,30,330,380,247.03,6,,
95000,9,2,29.1,88,210,260,145.5,1,,
65000,8,2,29.1,40,240,290,243.13,5,,
95000,9,2,29.1,88,210,260,277.12,3,,
100000,9,2,29.1,88,210,260,259.28,2,,
100000,6,2,29.1,13,480,300,223.83,1,,
100000,7,2,29.1,20,360,410,221.54,7,,
100000,6,2,29.1,13,450,500,254.95,6,,
100000,7,2,29.1,30,330,380,256.85,3,,
60000,6,2,29.1,13,450,500,304.61,2,,
70000,8,2,29.1,40,240,290,322.06,7,,
70000,8,2,29.1,38,240,290,318.11,5,,
90000,9,2,29.1,88,210,260,320.63,1,,
95000,9,2,29.1,40,240,290,256.73,4,,
105000,7,2,29.1,20,405,450,260.6,4,,
55000,6,2,29.1,40,450,500,318.02,3,,
55000,6,2,29.1,13,450,500,301.88,2,,
90000,9,2,29.1,40,240,290,234.06,2,,
45000,6,2,29.1,13,525,480,234.36,4,,
100000,7,2,29.1,13,525,480,132,1,,
60000,6,2,29.1,20,405,450,206.63,7,,
80000,9,2,29.1,30,330,380,138.22,4,,
85000,9,2,29.1,20,360,410,80.99,2,,
85000,7,2,29.1,8,600,450,26.17,0,,
85000,9,2,29.1,20,360,410,109.66,4,,
85000,6,2,29.1,8,690,500,174.52,9,,
85000,7,2,29.1,20,405,450,255.15,11,,
40000,7,2,29.1,20,405,450,297.06,11,,
40000,7,2,29.1,20,405,450,276.74,10,,
60000,6,2,29.1,8,525,480,261.28,9,,
55000,6,2,29.1,8,600,450,209.29,8,,
95000,9,2,29.1,40,285,330,238.03,6,,
95000,9,2,29.1,30,330,380,160.65,8,,
95000,7,2,29.1,13,480,300,152.07,6,,
95000,7,2,29.1,8,525,480,112.64,4,,
95000,6,2,29.1,8,645,400,177.19,4,,
95000,7,2,29.1,8,480,300,159.15,2,,
95000,6,2,29.1,8,765,280,97.59,2,,
90000,9,2,29.1,20,360,410,80.06,3,,
45000,6,2,29.1,8,810,550,70.01,1,,
85000,9,2,29.1,40,285,330,183.13,4,,
105000,7,2,29.1,8,525,480,116.71,4,,
105000,6,2,29.1,8,765,280,86.05,5,,
95000,9,2,29.1,20,405,450,46.53,3,,
65000,8,2,29.1,13,480,300,52.33,3,,
65000,8,2,29.1,13,480,300,70.72,4,,
50000,7,2,29.1,8,645,400,67.12,3,,
70000,8,2,29.1,20,360,410,141.82,4,,
80000,7,2,29.1,13,450,500,211.68,8,,
85000,7,2,29.1,13,450,500,221.62,10,,
95000,9,2,29.1,30,330,380,155.08,6,,
75000,7,2,29.1,13,450,500,248.6,11,,
50000,7,2,29.1,13,450,500,260.95,10,,
80000,7,2,29.1,13,405,450,297.67,10,,
45000,6,2,29.1,20,360,410,368.4,15,,
80000,7,2,29.1,38,285,330,315.36,11,,
85000,9,2,29.1,80,165,210,346.99,9,,
100000,7,2,29.1,40,240,290,317.16,10,,
105000,6,2,29.1,40,240,290,409.42,6,,
60000,6,2,29.1,88,210,260,461.86,7,,
105000,9,2,29.1,70,120,170,371.01,12,,
40000,7,2,29.1,40,240,290,398.42,12,,
55000,6,2,29.1,88,210,260,463.79,9,,
55000,7,2,29.1,40,285,330,308.15,12,,
55000,8,2,29.1,88,210,260,337.38,11,,
55000,7,2,29.1,48,240,290,324.49,9,,
55000,9,2,29.1,48,240,290,270.65,7,,
55000,9,2,29.1,40,285,330,180.23,7,,
55000,9,2,29.1,80,165,210,391.76,6,,
75000,7,2,29.1,38,285,330,322.41,6,,
55000,6,2,29.1,20,360,410,337,4,,
85000,9,2,29.1,80,165,210,319.9,3,,
90000,9,2,29.1,42,285,330,253.51,3,,
90000,9,2,29.1,42,285,330,229.11,4,,
90000,7,2,29.1,8,480,300,177.55,5,,
90000,7,2,29.1,8,525,480,106.47,3,,
90000,9,2,29.1,22,360,410,77.01,4,,
105000,7,2,29.1,8,570,280,87.09,0,,
80000,9,2,29.1,48,240,290,202.25,5,,
60000,6,2,29.1,22,360,410,303.64,11,,
100000,6,2,29.1,8,600,450,241.25,11,,
100000,7,2,29.1,8,480,300,116.1,0,,
50000,7,2,29.1,8,480,300,142.04,2,,
70000,8,2,29.1,22,360,410,160.8,5,,
55000,6,2,29.1,8,600,450,169.12,2,,
55000,8,2,29.1,22,360,410,115.69,5,,
80000,7,2,29.1,6,480,300,126.15,3,,
90000,9,2,29.1,38,285,330,213.46,16,,
75000,7,2,29.1,13,480,300,104,3,,
75000,7,2,29.1,13,450,500,212.21,16,,
95000,7,2,29.1,8,525,480,76.69,0,,
55000,6,2,29.1,8,690,500,99.01,0,,
85000,9,2,29.1,38,285,330,260,2,,
70000,8,2,29.1,8,480,300,46.01,4,,
70000,8,2,29.1,22,360,410,105.91,9,,
90000,9,2,29.1,38,285,330,129.99,4,,
50000,6,2,29.1,6,600,450,151.17,2,,
55000,7,2,29.1,6,570,280,78.6,2,,
95000,9,2,29.1,38,285,330,148.5,1,,
80000,7,2,29.1,13,450,500,158.9,6,,
95000,9,2,29.1,48,240,290,208.24,11,,
55000,6,2,29.1,8,720,380,99.41,0,,
40000,7,2,29.1,13,450,500,160.25,0,,
105000,9,2,29.1,48,240,290,220.51,5,,
90000,9,2,29.1,42,285,330,149.91,3,,
40000,7,2,29.1,8,570,280,78.23,1,,
100000,9,2,29.1,13,405,450,47.17,1,,
65000,8,2,29.1,32,330,380,147.96,3,,
65000,8,2,29.1,13,450,500,87.37,5,,
65000,6,2,29.1,8,765,280,89.27,1,,
65000,7,2,29.1,13,405,450,208.89,6,,
65000,9,2,29.1,38,240,290,213.78,4,,
80000,7,2,29.1,22,360,410,229.31,6,,
90000,9,2,29.1,38,285,330,152.74,3,,
95000,9,2,29.1,42,240,290,185.98,2,,
100000,7,2,29.1,13,450,500,143.68,2,,
95000,9,2,29.1,22,360,410,88.51,1,,
95000,6,2,29.1,8,600,450,126.57,1,,
95000,7,2,29.1,13,450,500,295.1,6,,
95000,7,2,29.1,13,450,500,202.06,5,,
100000,7,2,29.1,22,405,450,295.43,7,,
40000,7,2,29.1,22,360,410,310.11,1,,
60000,6,2,29.1,8,600,450,233.14,3,,
50000,7,2,29.1,13,450,500,187.78,3,,
50000,7,2,29.1,38,285,330,308.1,5,,
90000,9,2,29.1,88,165,210,344.48,4,,
55000,6,2,29.1,22,360,410,339.53,0,,
55000,6,2,29.1,22,360,410,304.31,1,,
55000,8,2,29.1,42,285,330,204.79,3,,
55000,9,2,29.1,88,210,260,290.72,6,,
55000,7,2,29.1,13,450,500,132.7,3,,
55000,6,2,29.1,8,600,450,121.75,1,,
55000,7,2,29.1,22,360,410,195.01,3,,
55000,7,2,29.1,22,360,410,149.6,0,,
60000,6,2,29.1,42,285,330,410.67,5,,
85000,9,2,29.1,82,165,210,320.65,6,,
90000,9,2,29.1,92,90,140,406.23,9,,
100000,7,2,29.1,82,165,210,546.36,7,,
55000,6,2,29.1,8,765,280,60.21,2,,
65000,8,2,29.1,22,405,450,73.35,3,,
85000,6,2,29.1,13,600,450,113.15,6,,
105000,7,2,29.1,8,570,280,81.22,4,,
75000,7,2,29.1,8,570,280,80.75,3,,
90000,9,2,29.1,38,285,330,229.03,6,,
55000,6,2,29.1,38,285,330,471.35,10,,
70000,8,2,29.1,82,120,170,390.93,5,,
70000,8,2,29.1,82,120,170,429.75,11,,
40000,7,2,29.1,42,285,330,312.82,3,,
55000,7,2,29.1,42,285,330,319.86,10,,
70000,8,2,29.1,82,120,170,481.27,8,,
80000,7,2,29.1,82,210,260,373.61,7,,
75000,7,2,29.1,13,450,500,152.08,2,,
105000,7,2,29.1,22,405,450,178.19,7,,
80000,7,2,29.1,22,405,450,240.05,8,,
95000,8,2,29.1,38,285,330,262.49,6,,
70000,8,2,29.1,82,165,210,394.87,9,,
50000,7,2,29.1,42,210,260,365.17,1,,
65000,8,2,29.1,22,360,410,183.36,4,,
95000,9,2,29.1,42,285,330,227.27,5,,
90000,9,2,29.1,48,240,290,253.12,4,,
95000,6,2,29.1,8,765,280,86.93,0,,
45000,6,2,29.1,8,720,380,90.43,5,,
60000,6,2,29.1,8,600,450,174.18,4,,
80000,7,2,29.1,13,450,500,217.86,9,,
85000,9,2,29.1,42,240,290,280.06,11,,
60000,6,2,29.1,8,570,280,168.05,1,,
85000,6,2,29.1,22,360,410,336.01,7,,
60000,6,2,29.1,42,285,330,391.66,11,,
60000,6,2,29.1,42,285,330,470.12,7,,
60000,6,2,29.1,62,210,260,505.18,5,,
60000,8,2,29.1,92,90,140,523.07,4,,
60000,7,2,29.1,82,165,210,419,12,,
60000,8,2,29.1,72,120,170,507.63,17,,
60000,8,2,29.1,82,165,210,348.3,8,,
60000,7,2,29.1,48,240,290,345.61,2,,
65000,8,2,29.1,42,285,330,274.9,1,,
65000,8,2,29.1,22,360,410,167.6,3,,
95000,9,2,29.1,48,240,290,292.36,3,,
95000,9,2,29.1,82,120,170,383.94,5,,
95000,9,2,29.1,82,120,170,357.19,12,,
70000,8,2,29.1,42,285,330,291.78,6,,
70000,7,2,29.1,62,210,260,367.35,8,,
65000,8,2,29.1,82,165,210,253.65,6,,
90000,9,2,29.1,72,120,170,281.83,3,,
90000,9,2,29.1,82,120,170,273.75,5,,
40000,7,2,29.1,82,165,210,300.83,10,,
105000,7,2,29.1,82,165,210,349.21,5,,
40000,7,2,29.1,82,120,170,426.48,4,,
80000,7,2,29.1,72,120,170,429.36,4,,
95000,6,2,29.1,48,210,260,392.21,12,,
50000,7,2,29.1,82,165,210,342.53,4,,
45000,7,2,29.1,82,120,170,391.09,10,,
40000,7,2,29.1,48,210,260,278.71,0,,
90000,9,2,29.1,82,120,170,212.95,5,,
45000,6,2,29.1,42,285,330,278.63,5,,
60000,9,2,29.1,82,120,170,323.54,4,,
45000,6,2,29.1,42,285,330,421.23,8,,
45000,9,2,29.1,82,120,170,345.01,6,,
60000,7,2,29.1,42,240,290,308.52,4,,
105000,7,2,29.1,8,645,400,401.4,8,,
55000,6,2,29.1,48,285,330,326.7,8,,
50000,7,2,29.1,82,165,210,417.54,9,,
105000,7,2,29.1,8,645,400,127,3,,
50000,7,2,29.1,82,165,210,36.24,1,,
70000,8,2,29.1,82,165,210,103.09,2,,
40000,7,2,29.1,88,120,170,189.31,6,,
80000,7,2,29.1,48,285,330,200.46,5,,
90000,9,2,29.1,13,405,450,175.82,5,,
100000,6,2,29.1,22,840,550,94.83,0,,
55000,6,2,29.1,38,285,330,50.16,2,,
50000,7,2,29.1,38,285,330,83.76,2,,
80000,7,2,29.1,38,285,330,57.94,0,,
80000,9,2,29.1,32,330,380,131.03,1,,
80000,6,2,29.1,8,765,280,143.89,3,,
80000,6,2,29.1,38,285,330,167.29,6,,
80000,7,2,29.1,38,285,330,124.33,2,,
80000,8,2,29.1,82,165,210,64.5,2,,
80000,9,2,29.1,32,330,380,23,1,,
80000,8,2,29.1,82,165,210,136.74,0,,
60000,6,2,29.1,38,285,330,224.61,1,,
60000,6,2,29.1,38,285,330,434.95,8,,
105000,9,2,29.1,32,330,380,446.16,1,,
95000,9,2,29.1,32,330,380,586.78,5,,
45000,6,2,29.1,38,285,330,485.49,3,,
45000,6,2,29.1,38,285,330,137.41,0,,
50000,9,2,29.1,72,120,170,207.52,1,,
105000,7,2,29.1,8,645,400,148.22,0,,
100000,6,2,29.1,8,720,380,135.03,3,,
65000,8,2,29.1,13,450,500,234.05,4,,
100000,7,2,29.1,38,285,330,85.23,1,,
105000,9,2,29.1,32,330,380,154.39,3,,
40000,7,2,29.1,82,120,170,254.33,7,,
80000,7,2,29.1,38,285,330,245.8,7,,
105000,9,2,29.1,22,360,410,254.47,5,,
65000,8,2,29.1,82,165,210,327.07,3,,
65000,8,2,29.1,82,165,210,308.87,2,,
65000,8,2,29.1,13,450,500,364.97,4,,
65000,9,2,29.1,32,330,380,382.93,4,,
65000,7,2,29.1,82,165,210,339.04,2,,
65000,6,2,29.1,38,285,330,234.48,3,,
65000,9,2,29.1,32,330,380,92.02,2,,
65000,7,2,29.1,38,285,330,156.32,3,,
100000,9,2,29.1,32,330,380,71.17,1,,
55000,9,2,29.1,18,360,410,155.79,8,,
100000,9,2,29.1,18,360,410,89.84,3,,
75000,7,2,29.1,32,285,330,137.75,4,,
80000,7,2,29.1,32,285,330,180.25,4,,
105000,9,2,29.1,32,330,380,259.33,8,,
95000,9,2,29.1,22,360,410,336.03,9,,
75000,7,2,29.1,38,285,330,106.98,0,,
40000,7,2,29.1,72,120,170,211.48,6,,
70000,9,2,29.1,22,360,410,322.91,13,,
40000,7,2,29.1,72,120,170,297.43,4,,
70000,8,2,29.1,82,165,210,375.95,6,,
105000,9,2,29.1,32,330,380,252.17,3,,
50000,7,2,29.1,82,165,210,406.12,8,,
65000,8,2,29.1,48,165,210,418.08,8,,
95000,9,2,29.1,42,330,380,378.08,13,,
40000,6,2,29.1,42,285,330,388.6,5,,
70000,8,2,29.1,82,165,210,644.24,3,,
70000,9,2,29.1,32,330,380,619.08,0,,
70000,9,2,29.1,62,210,260,421.46,5,,
70000,9,2,29.1,38,330,380,538.35,4,,
70000,9,2,29.1,22,360,410,531.98,9,,
70000,7,2,29.1,18,450,500,616.76,6,,
70000,8,2,29.1,42,165,210,736.77,1,,
45000,6,2,29.1,42,285,330,640.86,15,,
50000,7,2,29.1,48,165,210,401.31,15,,
100000,6,2,29.1,8,690,500,434.63,8,,
40000,7,2,29.1,82,120,170,393.39,11,,
70000,8,2,29.1,42,165,210,428.78,9,,
50000,7,2,29.1,82,210,260,416.48,7,,
50000,7,2,29.1,82,165,210,482.9,13,,
50000,7,2,29.1,48,165,210,515.38,16,,
45000,6,2,29.1,42,285,330,644.1,16,,
105000,6,2,29.1,8,690,500,560.29,14,,
85000,9,2,29.1,18,360,410,507.99,10,,
65000,8,2,29.1,42,165,210,39.96,1,,
60000,6,2,29.1,42,285,330,84.58,2,,
60000,7,2,29.1,32,285,330,130.18,2,,
60000,8,2,29.1,62,120,170,108.71,2,,
60000,9,2,29.1,18,360,410,53.85,5,,
60000,7,2,29.1,48,165,210,105.65,9,,
60000,7,2,29.1,48,165,210,162.2,12,,
60000,6,2,29.1,42,285,330,86.03,2,,
85000,9,2,29.1,18,360,410,171.35,7,,
55000,9,2,29.1,18,360,410,173.42,4,,
100000,9,2,29.1,18,360,410,194.1,2,,
60000,6,2,29.1,42,285,330,241.66,7,,
90000,9,2,29.1,18,360,410,279.87,9,,
60000,6,2,29.1,32,285,330,194,5,,
105000,9,2,29.1,32,330,380,258.7,8,,
55000,9,2,29.1,32,330,380,189.74,5,,
90000,9,2,29.1,38,330,380,80.6,1,,
40000,6,2,29.1,42,285,330,35.13,1,,
45000,6,2,29.1,42,285,330,110.32,1,,
45000,9,2,29.1,38,330,380,115.52,1,,
45000,7,2,29.1,32,285,330,165.68,4,,
45000,7,2,29.1,62,120,170,263.22,2,,
45000,7,2,29.1,8,525,480,312.29,4,,
45000,9,2,29.1,82,210,260,249.01,2,,
55000,6,2,29.1,62,210,260,259.12,3,,
70000,8,2,29.1,42,165,210,200.08,4,,
75000,7,2,29.1,92,165,210,150.44,7,,
60000,6,2,29.1,42,285,330,78.64,5,,
70000,8,2,29.1,42,165,210,244.14,2,,
95000,9,2,29.1,18,360,410,269.22,0,,
95000,7,2,29.1,32,285,330,282.78,14,,
95000,7,2,29.1,32,285,330,339.24,0,,
40000,7,2,29.1,72,120,170,320.98,15,,
60000,6,2,29.1,42,285,330,299.29,0,,
65000,8,2,29.1,82,165,210,300.2,8,,
40000,7,2,29.1,82,120,170,282.4,2,,
70000,8,2,29.1,82,165,210,254.61,2,,
80000,7,2,29.1,42,285,330,275.15,4,,
45000,6,2,29.1,42,285,330,210.09,3,,
50000,7,2,29.1,82,165,210,217.52,5,,
105000,7,2,29.1,18,570,280,329.16,10,,
105000,7,2,29.1,32,285,330,251.48,2,,
105000,6,2,29.1,42,285,330,196.02,4,,
85000,9,2,29.1,18,360,410,175.97,1,,
85000,9,2,29.1,18,360,410,208.24,1,,
85000,9,2,29.1,18,405,450,150.44,3,,
85000,9,2,29.1,18,360,410,138.22,2,,
70000,9,2,29.1,18,405,450,246.66,1,,
70000,7,2,29.1,82,120,170,180.4,1,,
70000,8,2,29.1,82,165,210,261.02,10,,
70000,6,2,29.1,42,285,330,205.64,8,,
85000,9,2,29.1,18,360,410,222.65,1,,
95000,6,2,29.1,42,285,330,148.82,2,,
50000,7,2,29.1,82,165,210,162.56,1,,
95000,9,2,29.1,92,90,140,103.35,4,,
90000,9,2,29.1,32,330,380,155.94,8,,
50000,7,2,29.1,82,165,210,116.47,4,,
95000,8,2,29.1,48,165,210,113.22,3,,
80000,7,2,29.1,32,285,330,89.55,1,,
100000,7,2,29.1,8,645,400,114.79,2,,
100000,6,2,29.1,38,285,330,159.67,2,,
50000,7,2,29.1,82,165,210,81.34,0,,
85000,9,2,29.1,82,210,260,52.63,1,,
70000,8,2,29.1,82,165,210,40.61,0,,
70000,7,2,29.1,42,285,330,84.6,5,,
70000,9,2,29.1,32,330,380,105.91,6,,
70000,7,2,29.1,42,285,330,156.04,7,,
45000,9,2,29.1,82,120,170,167.72,4,,
65000,8,2,29.1,82,165,210,60.78,1,,
95000,9,2,29.1,22,360,410,118.36,1,,
45000,8,2,29.1,82,120,170,91.92,2,,
90000,6,2,29.1,42,285,330,111.83,7,,
45000,9,2,29.1,18,405,450,84.58,1,,
60000,7,2,29.1,82,210,260,126.04,3,,
75000,7,2,29.1,32,285,330,130,7,,
80000,7,2,29.1,32,285,330,26.4,1,,
75000,7,2,29.1,38,285,330,65.07,7,,
70000,8,2,29.1,82,165,210,45.22,4,,
65000,8,2,29.1,82,165,210,149.01,2,,
50000,9,2,29.1,18,360,410,189.69,14,,
40000,7,2,29.1,62,120,170,92.72,2,,
90000,7,2,29.1,8,525,480,83.2,3,,
65000,8,2,29.1,42,165,210,134.63,7,,
95000,8,2,29.1,72,120,170,174.87,4,,
90000,9,2,29.1,13,360,410,147.41,4,,
90000,7,2,29.1,72,120,170,10.05,1,,
90000,9,2,29.1,32,330,380,51.01,1,,
90000,9,2,29.1,32,330,380,97.35,1,,
90000,7,2,29.1,88,210,260,113.16,0,,
90000,7,2,29.1,82,120,170,144.26,1,,
40000,7,2,29.1,82,120,170,146.7,3,,
90000,9,2,29.1,22,360,410,35.74,2,,
95000,9,2,29.1,22,360,410,40.8,2,,
55000,6,2,29.1,42,285,330,73.41,3,,
60000,8,2,29.1,82,165,210,111.36,3,,
75000,7,2,29.1,32,285,330,34.13,1,,
50000,7,2,29.1,82,165,210,64.03,1,,
80000,7,2,29.1,42,285,330,86.21,1,,
40000,8,2,29.1,82,165,210,92.27,4,,
40000,7,2,29.1,82,120,170,106.78,3,,
95000,9,2,29.1,22,360,410,205.64,5,,
55000,6,2,29.1,38,285,330,296.2,8,,
75000,7,2,29.1,38,285,330,325.53,7,,
45000,6,2,29.1,38,285,330,310.64,6,,
75000,7,2,29.1,38,285,330,254.26,5,,
85000,6,2,29.1,38,285,330,255.38,8,,
65000,8,2,29.1,13,405,450,262.15,7,,
65000,8,2,29.1,82,165,210,171.29,3,,
65000,7,2,29.1,42,285,330,200.86,6,,
65000,7,2,29.1,42,285,330,104.24,4,,
65000,6,2,29.1,42,285,330,170.66,4,,
75000,7,2,29.1,48,285,330,45.49,1,,
105000,8,2,29.1,13,450,500,112.22,1,,
70000,8,2,29.1,82,165,210,104.62,2,,
95000,9,2,29.1,32,330,380,164.08,2,,
65000,8,2,29.1,82,165,210,176.85,7,,
55000,6,2,29.1,42,285,330,99.46,5,,
65000,8,2,29.1,82,165,210,223.52,7,,
85000,9,2,29.1,32,330,380,260.76,5,,
50000,7,2,29.1,82,165,210,277.42,4,,
105000,8,2,29.1,82,165,210,202.94,4,,
95000,9,2,29.1,22,360,410,126.62,4,,
80000,7,2,29.1,32,285,330,60.96,0,,
80000,7,2,29.1,32,285,330,89.68,5,,
95000,9,2,29.1,18,360,410,151.43,4,,
70000,8,2,29.1,82,165,210,100.09,0,,
50000,7,2,29.1,82,165,210,43.17,1,,
80000,9,2,29.1,32,330,380,131.14,0,,
105000,7,2,29.1,8,570,280,180.94,4,,
70000,8,2,29.1,42,165,210,132.26,1,,
80000,7,2,29.1,32,285,330,205.3,2,,
45000,6,2,29.1,42,285,330,239.78,12,,
45000,6,2,29.1,42,285,330,169,12,,
80000,6,2,29.1,42,285,330,38.83,0,,
85000,9,2,29.1,32,330,380,88.24,1,,
45000,6,2,29.1,42,285,330,166.37,3,,
105000,6,2,29.1,8,765,280,202.81,5,,
50000,7,2,29.1,88,165,210,253.16,4,,
50000,7,2,29.1,88,165,210,322.1,3,,
55000,6,2,29.1,38,285,330,237.89,0,,
55000,6,2,29.1,42,285,330,132.85,0,,
65000,8,2,29.1,42,165,210,283.73,4,,
80000,6,2,29.1,42,285,330,268.2,8,,
50000,7,2,29.1,88,165,210,234.4,5,,
50000,7,2,29.1,88,165,210,255.34,9,,
45000,6,2,29.1,42,285,330,245.6,2,,
105000,6,2,29.1,8,450,500,278.26,7,,
105000,9,2,29.1,18,360,410,158.45,8,,
65000,8,2,29.1,42,165,210,60.27,6,,
100000,9,2,29.1,32,330,380,268.88,2,,
100000,7,2,29.1,62,120,170,367.14,1,,
100000,7,2,29.1,62,120,170,322.61,1,,
100000,6,2,29.1,42,285,330,276.59,1,,
90000,9,2,29.1,32,330,380,193.02,3,,
50000,8,2,29.1,88,165,210,170.06,7,,
70000,8,2,29.1,42,165,210,92.42,3,,
55000,6,2,29.1,42,285,330,217.86,6,,
55000,9,2,29.1,32,330,380,208.2,3,,
105000,9,2,29.1,72,210,260,354.35,0,,
90000,9,2,29.1,72,210,260,340.07,9,,
85000,6,2,29.1,42,285,330,259.7,7,,
65000,8,2,29.1,82,165,210,257.74,6,,
65000,8,2,29.1,82,165,210,174.89,4,,
45000,6,2,29.1,42,285,330,308.3,5,,
60000,6,2,29.1,42,285,330,274.15,10,,
60000,6,2,29.1,42,285,330,212.48,5,,
105000,6,2,29.1,42,285,330,117.28,4,,
100000,9,2,29.1,13,405,450,37.64,2,,
65000,8,2,29.1,82,165,210,95.52,1,,
90000,9,2,29.1,18,360,410,169.1,2,,
90000,8,2,29.1,82,165,210,278,7,,
90000,6,2,29.1,8,765,280,254.75,4,,
90000,7,2,29.1,32,285,330,346.9,5,,
90000,7,2,29.1,88,165,210,417,9,,
50000,7,2,29.1,88,165,210,405.19,12,,
90000,9,2,29.1,18,405,450,413.7,6,,
40000,7,2,29.1,62,120,170,349.95,6,,
80000,7,2,29.1,32,285,330,202.08,4,,
50000,7,2,29.1,88,165,210,294.33,5,,
60000,6,2,29.1,42,285,330,424.84,3,,
105000,6,2,29.1,8,720,380,52.4,0,,
55000,6,2,29.1,8,765,280,196.73,1,,
75000,8,2,29.1,42,165,210,278.23,0,,
70000,8,2,29.1,42,165,210,171.01,7,,
70000,8,2,29.1,42,165,210,102.96,7,,
60000,6,2,29.1,42,285,330,91.55,1,,
50000,7,2,29.1,88,165,210,98.68,2,,
50000,7,2,29.1,88,165,210,258.05,1,,
95000,9,2,29.1,8,405,450,187.95,1,,
60000,7,2,29.1,42,285,330,227.38,6,,
100000,7,2,29.1,7,570,280,167.24,3,,
100000,9,2,29.1,17,360,410,190.38,5,,
100000,9,2,29.1,32,330,380,88.57,4,,
100000,9,2,29.1,72,210,260,60.77,0,,
100000,6,2,29.1,42,285,330,200.83,8,,
100000,9,2,29.1,32,330,380,205.06,8,,
40000,9,2,29.1,17,360,410,158.38,7,,
100000,6,2,29.1,7,360,410,150.12,5,,
40000,7,2,29.1,82,120,170,38.08,0,,
105000,9,2,29.1,17,405,450,103.58,2,,
100000,6,2,29.1,7,765,280,312.75,9,,
105000,9,2,29.1,32,330,380,236.03,0,,
45000,6,2,29.1,42,285,330,278.79,0,,
105000,8,2,29.1,72,165,210,166.71,0,,
40000,7,2,29.1,72,120,170,227.27,2,,
75000,7,2,29.1,42,285,330,281.37,7,,
40000,7,2,29.1,82,120,170,279.51,5,,
70000,8,2,29.1,72,165,210,156.26,8,,
45000,6,2,29.1,42,285,330,244.44,2,,
85000,9,2,29.1,17,405,450,317.65,5,,
65000,8,2,29.1,72,165,210,317.83,12,,
65000,8,2,29.1,72,165,210,343.01,12,,
75000,7,2,29.1,42,285,330,394.97,9,,
90000,9,2,29.1,17,360,410,324.3,7,,
90000,9,2,29.1,17,360,410,343.83,9,,
90000,7,2,29.1,42,285,330,349.26,6,,
90000,7,2,29.1,7,570,280,375.37,10,,
90000,9,2,29.1,17,360,410,90.67,8,,
90000,6,2,29.1,42,285,330,149.16,5,,
75000,7,2,29.1,32,285,330,119,9,,
100000,7,2,29.1,7,645,400,223.45,10,,
70000,8,2,29.1,72,165,210,247,2,,
95000,9,2,29.1,17,360,410,111.14,1,,
60000,6,2,29.1,37,285,330,163.23,2,,
70000,9,2,29.1,32,330,380,159.89,3,,
75000,7,2,29.1,42,285,330,281.17,9,,
80000,7,2,29.1,42,150,200,81.27,1,,
75000,7,2,29.1,42,350,400,199.46,6,,
105000,6,2,29.1,7,550,450,149.69,4,,
45000,6,2,29.1,42,285,330,223.37,5,,
45000,9,2,29.1,92,285,330,295.1,6,,
45000,7,2,29.1,82,120,170,336.15,15,,
45000,7,2,29.1,7,360,410,320.33,13,,
45000,7,2,29.1,42,285,330,272.39,3,,
50000,7,2,29.1,82,120,170,256.01,14,,
75000,7,2,29.1,42,350,400,188.49,6,,
80000,9,2,29.1,17,405,450,109.07,3,,
105000,6,2,29.1,62,210,260,144.25,0,,
75000,7,2,29.1,32,285,330,63.81,1,,
90000,9,2,29.1,17,360,410,67.54,1,,
85000,9,2,29.1,17,405,450,38.83,1,,
45000,6,2,29.1,42,285,330,96.02,3,,
100000,6,2,29.1,42,150,200,188.74,16,,
50000,7,2,29.1,82,120,170,146.25,6,,
65000,8,2,29.1,72,165,210,179.51,2,,
75000,7,2,29.1,42,285,330,139.04,1,,
75000,7,2,29.1,37,280,330,243.4,10,,
75000,7,2,29.1,37,285,330,71.03,0,,
75000,9,2,29.1,17,200,250,115.97,3,,
75000,7,2,29.1,72,120,170,187,12,,
75000,6,2,29.1,37,150,200,107.84,7,,
40000,7,2,29.1,72,120,170,131.32,5,,
55000,6,2,29.1,37,285,330,201.23,6,,
100000,7,2,29.1,22,360,410,214.7,11,,
45000,6,2,29.1,37,285,330,272.03,17,,
45000,9,2,29.1,47,210,260,419.31,26,,
40000,7,2,29.1,72,120,170,405.05,27,,
55000,6,2,29.1,42,285,330,792.91,37,,
95000,9,2,29.1,47,210,260,648.04,25,,
50000,7,2,29.1,72,120,170,569.08,25,,
60000,6,2,29.1,37,285,330,494.01,19,,
60000,9,2,29.1,47,210,260,465.7,19,,
85000,9,2,29.1,47,210,260,611.74,23,,
105000,6,2,29.1,32,330,380,730.95,30,,
85000,9,2,29.1,47,210,260,644.66,33,,
50000,7,2,29.1,72,120,170,475.62,24,,
100000,7,2,29.1,47,285,330,576.34,29,,
65000,8,2,29.1,72,165,210,472.02,22,,
65000,9,2,29.1,47,210,260,390.23,26,,
65000,9,2,29.1,47,210,260,328.87,26,,
65000,7,2,29.1,72,165,210,241.15,11,,
65000,7,2,29.1,72,120,170,141.82,1,,
105000,6,2,29.1,7,350,400,68.88,1,,
105000,7,2,29.1,32,330,380,129.6,3,,
95000,8,2,29.1,72,165,210,256.73,22,,
60000,6,2,29.1,42,285,330,320.25,21,,
85000,9,2,29.1,77,210,260,99.92,7,,
100000,9,2,29.1,77,210,260,349.89,6,,
70000,8,2,29.1,72,165,210,562.47,9,,
50000,7,2,29.1,72,165,210,711.4,6,,
85000,9,2,29.1,77,210,260,678.28,13,,
80000,7,2,29.1,42,285,330,801.24,21,,
80000,8,2,29.1,72,165,210,848.38,3,,
80000,9,2,29.1,77,210,260,777.41,12,,
80000,6,2,29.1,42,285,330,867.16,10,,
85000,9,2,29.1,77,210,260,818.21,12,,
55000,6,2,29.1,37,285,330,888.79,18,,
55000,7,2,29.1,37,285,330,738.36,5,,
60000,9,2,29.1,47,210,260,675.67,8,,
90000,9,2,29.1,47,210,260,636.03,1,,
45000,6,2,29.1,42,285,330,581.61,1,,
45000,6,2,29.1,42,285,330,504.73,7,,
45000,6,2,29.1,7,400,450,554.22,1,,
45000,7,2,29.1,82,120,170,476.18,3,,
45000,9,2,29.1,47,210,260,419.65,0,,
45000,8,2,29.1,72,165,210,572.07,12,,
45000,9,2,29.1,47,150,200,479.15,4,,
105000,7,2,29.1,32,330,380,353.14,5,,
95000,9,2,29.1,47,210,260,542.37,10,,
50000,7,2,29.1,72,165,210,349.41,7,,
60000,6,2,29.1,42,285,330,89.81,1,,
55000,9,2,29.1,77,210,260,127.12,3,,
40000,7,2,29.1,82,280,330,155.24,1,,
40000,7,2,29.1,82,120,170,230.2,6,,
105000,9,2,29.1,42,180,230,190.37,10,,
85000,9,2,29.1,32,330,380,195.8,3,,
100000,7,2,29.1,7,480,300,190.34,9,,
100000,9,2,29.1,37,285,330,113.44,14,,
85000,9,2,29.1,47,210,260,186.42,2,,
105000,9,2,29.1,32,330,380,82.46,2,,
50000,7,2,29.1,82,120,170,156.71,6,,
60000,6,2,29.1,42,285,330,218.08,8,,
105000,9,2,29.1,42,150,200,166.4,4,,
95000,9,2,29.1,32,330,380,133.65,1,,
85000,9,2,29.1,42,285,330,107.87,3,,
100000,9,2,29.1,32,330,380,78.26,3,,
75000,7,2,29.1,42,285,330,124.53,7,,
90000,9,2,29.1,32,200,250,127.53,4,,
45000,6,2,29.1,42,285,330,156.59,12,,
65000,8,2,29.1,12,405,450,81.02,3,,
65000,8,2,29.1,72,165,210,47.01,3,,
85000,9,2,29.1,37,285,330,77.16,3,,
105000,9,2,29.1,22,360,410,86,0,,
50000,7,2,29.1,77,165,210,170.11,10,,
50000,9,2,29.1,22,360,410,104.81,6,,
50000,7,2,29.1,72,120,170,79.16,3,,
50000,7,2,29.1,77,165,210,158.86,15,,
70000,8,2,29.1,72,165,210,113.6,5,,
100000,9,2,29.1,47,210,260,69.66,1,,
100000,9,2,29.1,47,210,260,141.43,2,,
40000,7,2,29.1,72,120,170,133.6,3,,
55000,6,2,29.1,37,285,330,182.92,9,,
40000,7,2,29.1,72,120,170,138.5,11,,
40000,6,2,29.1,37,300,350,76.58,1,,
40000,6,2,29.1,37,285,330,46.62,0,,
45000,6,2,29.1,37,180,230,114.34,3,,
75000,7,2,29.1,37,285,330,49.48,0,,
55000,6,2,29.1,37,285,330,143.54,7,,
50000,7,2,29.1,72,165,210,85.01,3,,
60000,6,2,29.1,37,200,250,156.01,9,,
45000,6,2,29.1,42,285,330,101.91,5,,
60000,6,2,29.1,37,285,330,92.89,4,,
80000,7,2,29.1,37,150,200,44.65,0,,
55000,6,2,29.1,42,285,330,105.8,0,,
70000,8,2,29.1,72,165,210,60.31,11,,
65000,8,2,29.1,72,165,210,107.28,4,,
95000,9,2,29.1,47,210,260,157.54,1,,
70000,8,2,29.1,72,165,210,200.01,4,,
105000,6,2,29.1,12,500,550,236.08,4,,
105000,7,2,29.1,32,330,380,222,1,,
60000,6,2,29.1,37,285,330,286.5,7,,
95000,9,2,29.1,47,210,260,285.95,1,,
90000,9,2,29.1,47,210,260,162.56,5,,
95000,9,2,29.1,47,100,150,256.56,6,,
95000,9,2,29.1,47,210,260,171.09,5,,
100000,9,2,29.1,47,210,260,150.36,0,,
40000,7,2,29.1,72,300,350,249.83,2,,
45000,6,2,29.1,37,285,330,325.07,5,,
70000,8,2,29.1,72,165,210,319.27,1,,
70000,8,2,29.1,72,165,210,259.12,0,,
80000,7,2,29.1,37,285,330,179.64,1,,
50000,7,2,29.1,72,165,210,277.14,1,,
75000,7,2,29.1,32,200,250,159.81,1,,
55000,6,2,29.1,42,285,330,127.14,1,,
75000,7,2,29.1,32,285,330,48.85,0,,
75000,7,2,29.1,37,150,200,101.08,2,,
75000,9,2,29.1,47,210,260,176.51,1,,
75000,7,2,29.1,32,285,330,204.13,0,,
60000,6,2,29.1,42,285,330,281.04,1,,
90000,9,2,29.1,47,210,260,252.24,2,,
100000,7,2,29.1,22,200,250,264.37,3,,
90000,9,2,29.1,47,210,260,192.21,4,,
70000,8,2,29.1,72,165,210,125.26,0,,
60000,6,2,29.1,37,285,330,129.4,2,,
85000,9,2,29.1,47,210,260,65.86,0,,
85000,6,2,29.1,37,285,330,148,2,,
85000,7,2,29.1,72,400,450,99.73,1,,
85000,8,2,29.1,72,165,210,66.21,1,,
85000,7,2,29.1,72,120,170,70.18,1,,
70000,8,2,29.1,72,165,210,124.91,8,,
40000,7,2,29.1,72,120,170,64.47,4,,
95000,9,2,29.1,47,150,200,39.6,5,,
105000,9,2,29.1,47,210,260,88.46,2,,
105000,9,2,29.1,47,210,260,121.49,2,,
90000,9,2,29.1,47,210,260,160.1,11,,
55000,6,2,29.1,37,400,450,154.95,1,,
80000,7,2,29.1,37,285,330,63.29,1,,
80000,7,2,29.1,72,165,210,53.71,5,,
80000,6,2,29.1,42,450,500,95.34,7,,
80000,9,2,29.1,47,210,260,66.07,2,,
80000,9,2,29.1,47,210,260,71.01,1,,
50000,7,2,29.1,72,165,210,87.6,1,,
90000,9,2,29.1,47,450,500,134.66,2,,
40000,7,2,29.1,72,120,170,94.43,2,,
90000,9,2,29.1,47,210,260,12.04,0,,
90000,7,2,29.1,37,350,400,19.1,2,,
90000,6,2,29.1,42,285,330,82.46,1,,
90000,7,2,29.1,72,120,170,63.89,1,,
90000,9,2,29.1,47,210,260,72.12,2,,
90000,6,2,29.1,37,285,330,124.47,2,,
55000,6,2,29.1,37,285,330,248.58,7,,
105000,9,2,29.1,122,285,330,225.62,4,,
100000,9,2,29.1,47,210,260,200.39,9,,
40000,7,2,29.1,72,350,400,149.91,4,,
70000,8,2,29.1,72,165,210,144.8,7,,
85000,9,2,29.1,47,210,260,82.13,4,,
50000,7,2,29.1,72,300,350,117.2,0,,
40000,7,2,29.1,72,120,170,101.65,4,,
70000,8,2,29.1,42,165,210,110,3,,
75000,7,2,29.1,32,285,330,30.41,3,,
85000,9,2,29.1,47,210,260,43.17,4,,
60000,6,2,29.1,42,200,250,82.57,6,,
60000,6,2,29.1,47,285,330,58.82,1,,
60000,7,2,29.1,72,165,210,60.5,5,,
60000,9,2,29.1,47,210,260,122.87,4,,
60000,9,2,29.1,122,210,260,170.88,4,,
50000,7,2,29.1,72,120,170,175.32,3,,
40000,7,2,29.1,72,120,170,108.81,2,,
40000,7,2,29.1,62,120,170,204.69,5,,
40000,7,2,29.1,62,120,170,166.03,2,,
60000,6,2,29.1,42,285,330,217.22,4,,
75000,7,2,29.1,32,285,330,276.16,2,,
75000,7,2,29.1,32,285,330,223.89,3,,
75000,6,2,29.1,42,285,330,330.22,13,,
105000,9,2,29.1,92,285,330,281.44,2,,
70000,8,2,29.1,42,165,210,210.21,1,,
80000,7,2,29.1,32,285,330,347.48,0,,
65000,8,2,29.1,42,165,210,370.11,8,,
80000,7,2,29.1,32,285,330,274.48,3,,
50000,7,2,29.1,72,165,210,134.18,3,,
80000,7,2,29.1,32,285,330,104.79,3,,
40000,7,2,29.1,72,120,170,24.17,1,,
80000,7,2,29.1,32,285,330,136.57,2,,
90000,9,2,29.1,22,200,250,219.02,1,,
100000,9,2,29.1,22,405,450,277.71,5,,
100000,9,2,29.1,22,405,450,283.71,5,,
100000,9,2,29.1,122,405,450,422.49,10,,
100000,7,2,29.1,37,285,330,432.14,12,,
60000,6,2,29.1,42,285,330,143.74,1,,
105000,9,2,29.1,22,405,450,225.25,0,,
100000,9,2,29.1,22,405,450,134.01,2,,
85000,9,2,29.1,22,330,380,100.69,2,,
75000,7,2,29.1,32,285,330,221.11,4,,
75000,7,2,29.1,72,120,170,462.49,15,,
75000,7,2,29.1,32,285,330,374.97,1,,
75000,6,2,29.1,42,285,330,401.78,5,,
70000,8,2,29.1,72,165,210,392.76,10,,
75000,7,2,29.1,37,285,330,298.38,6,,
55000,6,2,29.1,42,285,330,273.59,5,,
90000,9,2,29.1,17,405,450,99.14,4,,
40000,7,2,29.1,62,120,170,30.81,1,,
40000,7,2,29.1,72,120,170,191.67,7,,
75000,7,2,29.1,32,285,330,142.59,3,,
105000,9,2,29.1,32,330,380,63.2,1,,
105000,9,2,29.1,72,210,260,110.28,2,,
105000,6,2,29.1,42,285,330,158.9,3,,
105000,7,2,29.1,62,120,170,297.2,7,,
105000,9,2,29.1,17,405,450,32.89,2,,
65000,8,2,29.1,42,165,210,147.27,6,,
65000,8,2,29.1,42,165,210,88.64,3,,
90000,9,2,29.1,17,405,450,173.22,4,,
90000,9,2,29.1,17,200,250,112.93,0,,
90000,9,2,29.1,17,360,410,216.12,4,,
90000,6,2,29.1,42,285,330,273.34,4,,
90000,7,2,29.1,32,285,330,228.18,7,,
90000,6,2,29.1,42,285,330,354.73,8,,
80000,7,2,29.1,32,285,330,34.06,1,,
100000,9,2,29.1,122,285,330,44.42,3,,
100000,9,2,29.1,17,250,300,85.09,2,,
55000,6,2,29.1,42,285,330,60.34,0,,
60000,6,2,29.1,42,285,330,170.84,1,,
75000,7,2,29.1,32,180,230,36.07,1,,
80000,7,2,29.1,32,285,330,51.11,3,,
80000,8,2,29.1,42,165,210,33.24,2,,
80000,7,2,29.1,72,200,250,106.79,1,,
80000,9,2,29.1,122,120,170,173.18,4,,
80000,7,2,29.1,32,285,330,137.3,0,,
80000,6,2,29.1,42,285,330,200.8,4,,
75000,7,2,29.1,72,120,170,155.54,0,,
50000,7,2,29.1,72,300,350,189.91,1,,
65000,8,2,29.1,42,165,210,185.53,1,,
45000,8,2,29.1,17,450,500,254.1,2,,
45000,6,2,29.1,42,285,330,75.58,3,,
85000,9,2,29.1,17,360,410,109.86,3,,
50000,7,2,29.1,72,120,170,177.79,0,,
100000,9,2,29.1,47,210,260,165,2,,
100000,7,2,29.1,32,285,330,224.51,5,,
100000,9,2,29.1,22,360,410,207.48,5,,
100000,7,2,29.1,32,285,330,128.13,4,,
100000,8,2,29.1,42,165,210,118.15,7,,
100000,8,2,29.1,42,165,210,65.73,0,,
100000,7,2,29.1,32,285,330,91.39,2,,
100000,7,2,29.1,7,570,280,112.29,5,,
45000,8,2,29.1,42,165,210,173.97,1,,
45000,9,2,29.1,72,120,170,222.1,1,,
70000,8,2,29.1,92,120,170,155.08,2,,
90000,9,2,29.1,22,360,410,86.58,5,,
65000,8,2,29.1,72,165,210,87.48,0,,
105000,9,2,29.1,22,360,410,70.6,2,,
100000,9,2,29.1,72,360,410,144.62,2,,
