ID,Household income,Household size,Rainfall,Ave temp dry,LST dry,Travel time,Shortest distance,Height diff,Volume per day,Amount spent,Willingness to pay
1,100000,7,0,29.1,41.4,20,136.01,4,180,330,380
2,50000,7,0,29.1,41.37,50,349.69,2,100,165,210
3,85000,6,0,29.1,41.75,20,335.43,7,180,450,500
4,80000,8,0,29.1,41.66,35,310.44,2,140,165,210
5,75000,7,0,29.1,42,30,276.74,0,160,285,330
6,50000,7,0,29.1,42.56,45,224.96,2,100,330,380
7,75000,7,0,29.1,42.21,30,167.03,4,160,150,200
8,75000,9,0,29.1,41.88,20,122.1,3,180,210,260
9,75000,7,0,29.1,42.16,30,107.42,3,160,165,210
10,75000,9,0,29.1,43.12,20,151.09,3,200,400,450
11,75000,6,0,29.1,42.63,20,249,1,180,200,250
12,75000,9,0,29.1,42.4,20,290,8,180,210,260
13,75000,6,0,29.1,43,35,266.37,6,120,285,330
14,75000,8,0,29.1,43,40,238.1,3,140,165,210
15,75000,7,0,29.1,42.94,60,203.82,0,80,120,170
16,75000,7,0,29.1,43.13,30,156.35,2,160,285,330
17,75000,6,0,29.1,43.33,40,104.85,2,120,285,330
18,45000,8,0,29.1,43.23,40,76.55,1,140,165,210
19,40000,7,0,29.1,42.9,60,52.61,2,80,280,330
20,105000,6,0,29.1,43.29,20,126.21,1,180,450,500
21,100000,9,0,29.1,43.11,20,189.99,0,200,300,350
22,105000,9,0,29.1,42.62,20,251.53,7,180,210,260
23,50000,7,0,29.1,42.67,50,240.93,7,100,165,210
24,45000,6,0,29.1,43,40,207.39,5,120,285,330
25,65000,8,0,29.1,43.12,35,182.72,2,140,380,430
26,50000,6,0,29.1,43.31,40,112.16,0,120,285,330
27,105000,6,0,29.1,43.5,20,56.3,1,180,450,500
28,40000,7,0,29.1,43.09,60,30.41,1,80,120,170
29,40000,6,0,29.1,43.39,40,74.43,2,120,200,250
30,40000,7,0,29.1,43.14,60,141.01,2,80,120,170
31,40000,7,0,29.1,43.03,60,144.28,3,80,360,410
32,40000,7,0,29.1,42.82,30,167.93,5,160,90,140
33,40000,7,0,29.1,43.08,30,67.2,4,160,210,260
34,40000,6,0,29.1,42.49,20,93.52,5,200,120,170
35,40000,7,0,29.1,42.92,60,102.07,5,80,120,170
36,40000,8,0,29.1,43.25,40,60.88,2,140,280,330
37,40000,6,0,29.1,43.08,20,87,0,180,240,290
38,40000,7,0,29.1,43.22,30,92.91,3,160,165,210
39,100000,7,0,29.1,42.69,30,126.53,3,160,120,170
40,60000,6,0,29.1,42.39,40,167.06,6,120,300,350
41,45000,6,0,29.1,41.57,35,206.46,6,120,120,170
42,60000,6,0,29.1,41.4,40,193.83,6,120,260,310
43,40000,7,0,29.1,41.94,60,188.4,4,80,120,170
44,60000,6,0,29.1,42.38,35,139.45,4,120,120,170
45,65000,7,0,29.1,43.01,30,74.4,3,160,180,230
46,100000,7,0,29.1,43.19,20,35.36,1,200,360,410
47,70000,8,0,29.1,42.99,40,51.62,1,140,285,330
48,100000,9,0,29.1,42.92,20,90.8,1,200,240,290
49,85000,9,0,29.1,42.69,20,136.56,2,180,120,170
50,100000,9,0,29.1,42.41,20,150.72,4,200,300,350
51,90000,9,0,29.1,42.67,20,102.08,1,200,120,170
52,105000,9,0,29.1,42.87,20,114.39,3,180,240,290
53,75000,7,0,29.1,42.86,30,139.29,4,160,120,170
54,75000,7,0,29.1,41.51,45,188.53,3,100,120,170
55,75000,9,0,29.1,42.24,20,189.11,3,180,200,250
56,75000,7,0,29.1,42.61,30,151.82,3,160,120,170
57,75000,8,0,29.1,42.59,40,98.27,3,140,310,360
58,75000,6,0,29.1,42.72,20,66.1,3,180,285,330
59,75000,6,0,29.1,42.31,40,54.04,2,140,330,380
60,75000,6,0,29.1,42.42,35,37.12,1,120,280,330
61,80000,7,0,29.1,42.32,30,77.16,2,160,210,260
62,40000,7,0,29.1,42.45,60,118.44,2,80,165,210
63,75000,7,0,29.1,42.49,30,176.82,3,160,165,210
64,40000,7,0,29.1,40.69,50,235.36,6,100,100,150
65,45000,6,0,29.1,41.03,40,254.87,7,120,165,210
66,90000,9,0,29.1,40.52,20,296.1,9,200,165,210
67,50000,7,0,29.1,40.97,50,207.2,5,100,200,250
68,60000,6,0,29.1,39.66,40,238.32,6,120,165,210
69,60000,7,0,29.1,40.17,50,197.28,5,100,165,210
70,60000,9,0,29.1,39.63,20,228.64,6,180,310,360
71,60000,7,0,29.1,39.46,60,237.98,6,80,165,210
72,60000,8,0,29.1,40.44,40,197.31,5,140,165,210
73,60000,6,0,29.1,39.49,40,209.4,5,120,120,170
74,60000,7,0,29.1,38.86,30,261.01,6,160,280,330
75,65000,8,0,29.1,39.33,40,234.85,6,140,120,170
76,70000,7,0,29.1,39.66,30,281.32,4,160,120,170
77,40000,7,0,29.1,39.25,60,344.41,0,80,300,350
78,45000,6,0,29.1,39.43,40,315.41,1,120,120,170
79,95000,9,0,29.1,39.72,20,347.59,2,180,120,170
80,105000,7,0,29.1,40.1,20,372.86,3,180,120,170
81,75000,9,0,29.1,39.85,20,408.79,5,180,180,230
82,60000,6,0,29.1,40.33,40,389.42,4,120,120,170
83,105000,6,0,29.1,40.24,20,415.88,8,180,120,170
84,95000,9,0,29.1,39.99,20,465.97,15,180,220,270
85,80000,7,0,29.1,39.09,30,491.23,11,160,120,170
86,45000,6,0,29.1,39.33,40,434.01,4,120,120,170
87,60000,6,0,29.1,37.55,35,491.92,3,120,180,230
88,85000,9,0,29.1,38.16,20,422.2,3,180,120,170
89,45000,6,0,29.1,39.42,40,349.23,8,120,190,240
90,45000,6,0,29.1,39.59,40,326.96,10,120,120,170
91,45000,7,0,29.1,39.47,50,297.43,7,100,165,210
92,45000,7,0,29.1,41.28,60,345.24,11,80,165,210
93,45000,9,0,29.1,40.36,20,318.68,10,180,100,150
94,45000,9,0,29.1,41.22,20,292.31,9,180,165,210
95,45000,9,0,29.1,41.24,20,320.98,10,180,120,170
96,45000,6,0,29.1,40.31,20,359.9,16,200,165,210
97,45000,7,0,29.1,40.11,60,322.58,12,80,165,210
98,50000,7,0,29.1,40.45,50,266.32,10,100,200,250
99,80000,7,0,29.1,39.19,30,364.61,9,160,165,210
100,70000,8,0,29.1,40.94,40,239.56,2,140,285,330
101,85000,9,0,29.1,41.74,20,90.27,2,180,240,290
102,105000,6,0,29.1,42.3,35,201.42,2,140,480,300
103,40000,7,0,29.1,42.02,60,154.25,3,80,285,330
104,65000,8,0,29.1,42.19,40,169.96,3,140,210,260
105,85000,9,0,29.1,42.26,20,173.93,6,180,165,210
106,60000,6,0,29.1,42.21,40,144.14,6,120,405,450
107,75000,7,0,29.1,41.83,30,164,6,160,200,250
108,55000,8,0,29.1,42.03,40,108.26,2,140,285,330
109,95000,9,0,29.1,40.77,20,113.89,2,180,210,260
110,75000,7,0,29.1,39.51,30,183.35,1,160,330,380
111,85000,9,0,29.1,38.72,20,226.74,2,180,165,210
112,85000,7,0,29.1,38.53,30,283.47,1,160,240,290
113,85000,6,0,29.1,38.69,35,261.69,2,120,360,410
114,85000,7,0,29.1,42.04,30,118.68,2,160,405,450
115,85000,8,0,29.1,43,40,33.53,1,140,450,500
116,85000,8,0,29.1,43.46,40,142.44,2,140,210,260
117,85000,7,0,29.1,44.51,30,81.5,0,160,220,270
118,85000,8,0,29.1,41.69,40,88.28,2,140,285,330
119,100000,6,0,29.1,39.28,20,199.4,5,200,180,230
120,80000,9,0,29.1,41.5,20,172,7,180,165,210
121,40000,7,0,29.1,44.28,45,147.49,3,80,285,330
122,50000,7,0,29.1,44.63,50,57.01,1,100,360,410
123,100000,6,0,29.1,44.22,20,56.75,2,200,480,300
124,100000,7,0,29.1,42.56,20,145.91,8,200,220,270
125,40000,7,0,29.1,44.28,60,55.01,1,80,405,450
126,100000,6,0,29.1,44.75,20,88.62,4,200,350,400
127,60000,6,0,29.1,43.19,40,97.74,3,120,480,300
128,40000,7,0,29.1,44.44,60,32.02,1,80,450,500
129,95000,9,0,29.1,42.97,20,79.88,0,180,240,290
130,45000,6,0,29.1,44.66,40,95.52,4,120,480,300
131,85000,7,0,29.1,43.09,30,56.01,1,160,405,450
132,60000,6,0,29.1,44.48,40,94.37,1,120,450,500
133,75000,7,0,29.1,44,30,23.85,1,160,480,300
134,80000,7,0,29.1,42.44,30,74.17,1,160,300,350
135,95000,9,0,29.1,43.95,20,79.2,1,200,240,290
136,95000,9,0,29.1,44.03,20,30.59,1,180,330,380
137,95000,7,0,29.1,43.11,20,67.08,2,180,450,500
138,95000,8,0,29.1,43.79,40,69.35,2,140,230,280
139,95000,6,0,29.1,42.82,40,49.48,1,120,600,450
140,95000,6,0,29.1,42.48,40,45.88,0,120,480,300
141,95000,7,0,29.1,42.15,30,93.91,3,160,360,410
142,75000,9,0,29.1,42.79,20,10.77,0,180,280,330
143,95000,9,0,29.1,43.6,20,60.44,2,180,285,330
144,60000,6,0,29.1,43.37,40,35.44,1,120,720,380
145,75000,7,0,29.1,43.5,30,59.51,0,160,450,500
146,40000,7,0,29.1,43.15,60,99.76,1,80,180,230
147,65000,8,0,29.1,43.71,40,89.47,2,140,285,330
148,85000,9,0,29.1,43.49,20,57.71,1,180,300,350
149,40000,7,0,29.1,40.61,60,229.59,8,80,120,170
150,45000,6,0,29.1,41.54,40,36.36,1,120,645,400
151,65000,8,0,29.1,42.24,35,129.4,5,140,285,330
152,40000,7,0,29.1,41.19,60,121.5,4,80,360,410
153,40000,9,0,29.1,40.33,20,177.72,4,180,210,260
154,40000,8,0,29.1,39.46,40,230.65,7,140,380,430
155,40000,7,0,29.1,38.67,30,294.54,6,160,210,260
156,40000,7,0,29.1,41.75,20,178.72,2,180,210,260
157,40000,8,0,29.1,41.63,40,196.02,9,140,380,430
158,90000,9,0,29.1,40.67,20,224.45,11,180,210,260
159,105000,9,0,29.1,40.08,20,215.2,11,200,180,230
160,70000,8,0,29.1,39.41,40,210.11,5,140,210,260
161,70000,6,0,29.1,39.31,35,250.91,6,120,210,260
162,70000,8,0,29.1,38.4,40,332.63,7,140,180,230
163,70000,9,0,29.1,39.36,20,389.28,1,180,210,260
164,70000,6,0,29.1,38.49,20,448.99,3,200,370,420
165,105000,7,0,29.1,38.31,30,338.76,10,160,210,260
166,40000,7,0,29.1,39.85,50,305.81,18,80,210,260
167,100000,6,0,29.1,40.07,20,308.01,18,200,320,370
168,40000,7,0,29.1,39.7,60,400.05,22,80,210,260
169,50000,7,0,29.1,39.53,50,420.33,23,100,140,190
170,55000,6,0,29.1,38.69,40,378.8,18,120,210,260
171,70000,8,0,29.1,38.36,35,426.9,11,140,210,260
172,50000,7,0,29.1,39.53,60,473.33,10,80,180,230
173,80000,7,0,29.1,41.05,30,531.51,18,160,210,260
174,80000,8,0,29.1,40.77,40,527.39,16,140,210,260
175,80000,9,0,29.1,40.58,20,463.04,4,180,190,240
176,80000,6,0,29.1,39.66,20,488.07,26,180,210,260
177,80000,7,0,29.1,39.04,50,474.22,15,200,210,260
178,80000,7,0,29.1,38.63,30,469.3,24,160,400,450
179,80000,8,0,29.1,39.96,40,470.34,17,140,210,260
180,80000,6,0,29.1,39.99,40,405.81,9,120,120,170
181,80000,7,0,29.1,40.89,30,379.33,16,160,280,330
182,50000,7,0,29.1,39.95,30,323.36,12,160,120,170
183,60000,6,0,29.1,40.97,40,373.55,9,120,120,170
184,50000,7,0,29.1,39.93,50,268.75,9,100,165,210
185,70000,8,0,29.1,39.97,40,342.38,2,140,380,430
186,95000,8,0,29.1,39.21,35,297.26,6,140,165,210
187,95000,9,0,29.1,40.44,20,231.68,8,180,120,170
188,65000,8,0,29.1,39.33,40,237.2,0,140,165,210
189,45000,6,0,29.1,39.69,40,186.42,6,120,280,330
190,40000,7,0,29.1,41.57,60,72.57,3,80,360,410
191,55000,6,0,29.1,40.24,40,112.72,3,120,450,500
192,55000,6,0,29.1,40.42,40,159.14,6,120,450,500
193,85000,9,0,29.1,39.78,40,196.45,4,180,165,210
194,90000,8,0,29.1,39.21,40,222.3,9,140,210,260
195,60000,6,0,29.1,40.36,40,128.72,1,120,280,330
196,100000,7,0,29.1,38.66,20,306.37,15,200,285,330
197,100000,9,0,29.1,39.94,20,196.6,3,200,210,260
198,40000,7,0,29.1,40.34,60,211.02,2,80,330,380
199,50000,6,0,29.1,41.08,40,192.63,4,120,480,300
200,75000,7,0,29.1,40.59,30,230.85,2,160,330,380
201,95000,9,0,29.1,42.93,50,101.84,0,180,285,330
202,55000,6,0,29.1,43.1,40,138.64,2,120,570,280
203,65000,7,0,29.1,43.27,30,105.08,1,160,480,300
204,105000,6,0,29.1,42.74,20,72.84,0,180,720,380
205,65000,8,0,29.1,42.23,40,87.14,1,140,300,350
206,60000,6,0,29.1,42.41,40,113.88,4,120,600,450
207,75000,7,0,29.1,43.1,30,137.06,2,160,450,500
208,105000,7,0,29.1,43.08,20,132.09,4,180,380,430
209,45000,6,0,29.1,42.72,40,55.07,3,120,765,280
210,80000,7,0,29.1,42.97,30,85.29,4,160,525,480
211,80000,7,0,29.1,42.51,30,27.07,1,160,600,450
212,95000,9,0,29.1,42.76,20,146.49,2,180,165,210
213,85000,9,0,29.1,42.54,35,131.61,2,180,270,320
214,40000,7,0,29.1,42.15,60,152.63,1,80,240,290
215,100000,7,0,29.1,42.68,30,76.69,1,160,310,360
216,95000,9,0,29.1,42.77,20,105.72,2,180,210,260
217,95000,9,0,29.1,43.53,20,90.44,2,180,380,430
218,95000,9,0,29.1,43.94,20,39.66,0,180,285,330
219,95000,7,0,29.1,43.55,50,79.4,2,100,450,500
220,95000,9,0,29.1,42.52,50,118.98,1,180,165,210
221,95000,7,0,29.1,42.17,30,144.81,0,160,240,290
222,50000,7,0,29.1,42.23,50,85.98,3,100,360,410
223,75000,7,0,29.1,43.42,30,35.47,1,160,525,480
224,80000,7,0,29.1,41.98,30,105.39,3,160,285,330
225,75000,7,0,29.1,42.7,30,55.11,0,160,570,280
226,80000,7,0,29.1,41.89,30,104.04,0,160,330,380
227,80000,9,0,29.1,41.13,20,150.88,4,180,165,210
228,80000,7,0,29.1,41.38,30,188.67,5,160,300,350
229,100000,6,0,29.1,42.44,20,107.45,0,200,360,410
230,55000,6,0,29.1,41.44,40,156.85,2,120,360,410
231,60000,6,0,29.1,43.02,40,78.11,1,120,480,300
232,50000,7,0,29.1,42.03,50,118.6,3,100,330,380
233,45000,6,0,29.1,43.28,40,42.38,2,120,690,500
234,95000,9,0,29.1,42.48,20,100.9,4,180,320,370
235,50000,6,0,29.1,42.7,40,66.73,2,120,480,300
236,65000,8,0,29.1,41.78,40,172.24,4,140,210,260
237,90000,9,0,29.1,40.77,20,201.09,7,180,165,210
238,90000,9,0,29.1,41.66,20,234.88,6,180,200,250
239,55000,6,0,29.1,40.05,40,223.29,7,120,330,380
240,105000,6,0,29.1,39.03,20,251.73,10,180,285,330
241,55000,6,0,29.1,40.58,40,304.38,17,120,220,270
242,105000,9,0,29.1,40.28,20,367.9,14,180,285,330
243,95000,9,0,29.1,39.52,20,369.86,18,180,285,330
244,100000,6,0,29.1,40.11,20,438.77,15,180,270,320
245,90000,9,0,29.1,40.06,20,446.23,0,180,165,210
246,70000,8,0,29.1,40.33,40,378.76,2,140,165,210
247,100000,5,0,29.1,40.94,20,462.39,22,200,320,370
248,60000,6,0,29.1,40.28,40,421.35,19,120,120,170
249,100000,7,0,29.1,40.3,20,463.04,23,200,210,260
250,45000,6,0,29.1,40.3,40,473.06,18,120,120,170
251,70000,9,0,29.1,40.42,20,544.23,22,200,410,460
252,45000,6,0,29.1,41.3,40,527.8,19,120,120,170
253,95000,9,0,29.1,40.62,20,374.88,2,180,120,170
254,65000,8,0,29.1,40.92,40,365,0,140,120,170
255,90000,9,0,29.1,40.39,20,440.65,3,180,120,170
256,90000,9,0,29.1,40.28,20,509.4,3,180,120,170
257,90000,7,0,29.1,40.69,30,578.28,8,160,120,170
258,90000,9,0,29.1,40.24,35,598.07,3,180,120,170
259,90000,8,0,29.1,40.01,40,541.94,28,140,120,170
260,90000,9,0,29.1,40.39,20,537.82,9,180,120,170
261,70000,8,0,29.1,41.79,40,419.44,13,140,90,140
262,60000,8,0,29.1,39.46,40,467.74,27,140,90,140
263,65000,8,0,29.1,39.65,45,465.28,30,140,90,140
264,80000,7,0,29.1,39.49,30,496.23,28,160,90,140
265,55000,6,0,29.1,40.22,40,578.36,35,120,90,140
266,80000,7,0,29.1,40.26,30,578.02,21,160,90,140
267,80000,9,0,29.1,40.46,20,548.89,15,180,90,140
268,80000,6,0,29.1,40.82,40,569.17,13,120,90,140
269,80000,6,0,29.1,40.54,20,405.76,11,180,120,170
270,80000,7,0,29.1,40.59,30,380.87,10,160,120,170
271,65000,8,0,29.1,41.68,40,351.37,6,140,120,170
272,45000,6,0,29.1,40.98,40,405.94,8,120,165,210
273,50000,7,0,29.1,40.25,50,431,9,100,165,210
274,40000,7,0,29.1,41.31,60,414.42,8,80,165,210
275,85000,9,0,29.1,41.24,20,430.59,8,180,165,210
276,105000,9,0,29.1,40.4,20,475.84,10,200,165,210
277,75000,7,0,29.1,40.24,30,509.01,6,160,120,170
278,85000,9,0,29.1,40.9,20,576.85,4,180,120,170
279,65000,8,0,29.1,39.41,40,606.85,36,140,120,170
280,70000,8,0,29.1,39.18,40,597.34,1,140,120,170
281,55000,6,0,29.1,38.96,40,588.59,37,120,120,170
282,55000,7,0,29.1,39.48,30,534.18,31,160,120,170
283,55000,6,0,29.1,39.68,20,353.01,5,180,165,210
284,55000,9,0,29.1,39.15,20,469.66,21,180,165,210
285,55000,7,0,29.1,39.21,60,393.91,12,80,165,210
286,55000,9,0,29.1,39.36,20,317.62,11,180,165,210
287,55000,9,0,29.1,40.78,20,223.62,10,180,210,260
288,70000,8,0,29.1,40.54,40,178.75,11,140,240,290
289,100000,6,0,29.1,39.41,20,242.92,14,200,480,300
290,40000,7,0,29.1,40.79,60,47.76,2,80,570,280
291,60000,6,0,29.1,40.74,40,131.19,12,120,450,500
292,75000,7,0,29.1,39.91,30,145.66,10,160,330,380
293,90000,9,0,29.1,40.17,20,188.32,20,180,165,210
294,60000,6,0,29.1,38.82,40,284.86,16,120,480,300
295,105000,9,0,29.1,39.22,20,458.75,30,180,480,300
296,40000,7,0,29.1,39.71,60,564.72,38,80,480,300
297,85000,9,0,29.1,39.29,20,489.34,35,180,480,300
298,45000,6,0,29.1,39.36,35,409.46,27,120,210,260
299,65000,7,0,29.1,38.39,30,525.76,23,160,210,260
300,45000,6,0,29.1,38.32,40,429.38,9,120,210,260
301,100000,7,0,29.1,42.52,20,192.46,2,200,165,210
302,100000,8,0,29.1,41.53,40,222.27,3,140,210,260
303,100000,6,0,29.1,41.37,40,264.75,4,120,360,410
304,100000,7,0,29.1,41.86,50,283.44,4,100,240,290
305,100000,7,0,29.1,42.08,30,269.03,4,160,240,290
306,100000,9,0,29.1,41.95,20,239.04,4,180,210,260
307,100000,6,0,29.1,42.31,40,179.36,3,120,525,480
308,70000,8,0,29.1,42.5,35,147.41,3,140,330,380
309,65000,8,0,29.1,42.15,40,183.85,3,140,285,330
310,105000,7,0,29.1,42.08,20,216.09,4,180,360,410
311,100000,6,0,29.1,42.29,20,114.04,2,180,450,500
312,65000,8,0,29.1,42.09,40,73.16,1,140,450,500
313,70000,8,0,29.1,42.01,40,114.74,2,140,240,290
314,90000,9,0,29.1,42.1,20,152.21,4,180,210,260
315,70000,8,0,29.1,43,40,208.63,4,140,120,170
316,90000,9,0,29.1,42.73,20,147.33,3,200,240,290
317,45000,6,0,29.1,42.13,40,57.28,2,120,765,280
318,60000,6,0,29.1,43.57,40,110.26,1,120,450,500
319,40000,7,0,29.1,43.66,60,154.15,3,80,405,450
320,40000,7,0,29.1,44.1,60,196.76,4,80,405,450
321,105000,6,0,29.1,44.5,20,190.08,4,180,525,480
322,100000,5,0,29.1,44.25,40,183.97,0,140,840,550
323,100000,9,0,29.1,43.08,20,60,1,180,360,410
324,100000,6,0,29.1,42.96,40,164.91,3,120,525,480
325,100000,6,0,29.1,43.12,40,193.76,3,120,210,260
326,100000,9,0,29.1,44.52,20,229.71,3,180,210,260
327,100000,8,0,29.1,44.55,40,244.77,5,140,210,260
328,100000,7,0,29.1,44.3,30,280.49,5,160,210,260
329,45000,9,0,29.1,44.09,20,226.08,0,180,210,260
330,60000,6,0,29.1,42.79,40,208.21,3,120,210,260
331,80000,7,0,29.1,43.82,30,227.73,4,160,120,170
332,105000,7,0,29.1,44.05,20,263.29,2,180,120,170
333,70000,8,0,29.1,44.05,40,295.58,7,140,120,170
334,75000,7,0,29.1,43.34,30,258.31,8,160,120,170
335,75000,7,0,29.1,44.16,30,217.61,6,160,120,170
336,75000,7,0,29.1,43.4,30,112.01,5,160,330,380
337,60000,6,0,29.1,42.36,40,106.78,3,120,450,500
338,65000,8,0,29.1,42.54,40,62.43,2,140,285,330
339,50000,7,0,29.1,43.38,50,68.25,3,100,405,450
340,50000,8,0,29.1,43.91,35,117.72,4,140,285,330
341,50000,6,0,29.1,43.78,40,150.76,4,120,450,500
342,50000,7,0,29.1,42.99,30,187.24,4,160,285,330
343,50000,9,0,29.1,43.01,20,196.98,1,180,165,210
344,50000,8,0,29.1,43.54,40,151.79,4,140,240,290
345,50000,6,0,29.1,43.47,40,52.17,2,120,525,480
346,50000,7,0,29.1,43.1,30,109.81,1,160,330,380
347,50000,8,0,29.1,43.08,40,145.99,3,140,240,290
348,70000,7,0,29.1,42.96,30,97.02,2,160,360,410
349,75000,7,0,29.1,43.07,30,76.22,0,160,360,410
350,90000,9,0,29.1,43.01,50,71.81,2,180,240,290
351,70000,8,0,29.1,42.68,40,61.2,1,140,285,330
352,75000,7,0,29.1,42.63,30,125.25,2,160,330,380
353,100000,6,0,29.1,42.05,20,293.9,5,200,120,170
354,70000,8,0,29.1,41.9,35,340.3,5,140,120,170
355,80000,9,0,29.1,42.18,20,267.37,4,180,120,170
356,95000,9,0,29.1,42.1,20,296.45,5,180,120,170
357,90000,9,0,29.1,42.02,20,328.4,6,180,120,170
358,40000,7,0,29.1,42.3,60,271.15,4,80,120,170
359,55000,6,0,29.1,43.48,40,260.71,4,120,120,170
360,100000,6,0,29.1,42.64,20,327.27,7,180,90,140
361,85000,9,0,29.1,43.28,20,291.29,6,180,90,140
362,105000,9,0,29.1,42.81,20,339.84,8,180,90,140
363,100000,9,0,29.1,43.78,20,306.22,6,200,90,140
364,100000,8,0,29.1,44.11,40,268.07,5,140,90,140
365,100000,9,0,29.1,42.79,20,355.76,7,180,90,140
366,100000,6,0,29.1,43.88,40,310.04,7,120,90,140
367,100000,8,0,29.1,43.44,40,357.58,7,140,90,140
368,100000,9,0,29.1,42.42,20,306.79,10,180,90,140
369,80000,8,0,29.1,42.13,40,356.72,11,140,90,140
370,65000,8,0,29.1,41.82,40,244,3,140,90,140
371,80000,7,0,29.1,42.92,30,183.17,4,160,330,380
372,60000,6,0,29.1,42.05,40,237.61,5,120,120,170
373,60000,6,0,29.1,42.8,20,157.43,4,180,405,450
374,60000,7,0,29.1,42.47,20,203.97,3,180,330,380
375,60000,7,0,29.1,42.41,30,136.36,1,160,330,380
376,70000,8,0,29.1,42.25,40,45.04,1,140,360,410
377,50000,7,0,29.1,41.91,50,47.68,2,100,480,300
378,80000,7,0,29.1,42.2,30,79.16,0,160,360,410
379,40000,7,0,29.1,42.08,50,112.36,1,80,330,380
380,100000,7,0,29.1,42.11,20,82.86,0,200,330,380
381,70000,8,0,29.1,42.31,40,93.41,3,140,240,290
382,70000,7,0,29.1,42.2,30,54.82,0,160,450,500
383,85000,9,0,29.1,42.16,20,82.46,2,180,285,330
384,70000,8,0,29.1,42.02,40,118.11,2,140,330,380
385,95000,9,0,29.1,42.13,20,55.58,0,180,285,330
386,65000,8,0,29.1,42.65,40,53.54,1,140,360,410
387,65000,6,0,29.1,42.98,40,48.84,1,120,645,400
388,65000,9,0,29.1,42.4,20,88.2,2,180,285,330
389,65000,9,0,29.1,42.82,20,42.2,0,180,285,330
390,65000,7,0,29.1,42.46,20,38.48,0,180,450,500
391,75000,7,0,29.1,42.19,30,47.76,1,160,480,300
392,70000,8,0,29.1,42.72,40,15.62,0,140,450,500
393,105000,9,0,29.1,42.58,20,23.19,1,180,360,410
394,60000,6,0,29.1,42.23,35,46.49,1,120,645,400
395,90000,9,0,29.1,42.33,20,65.73,0,180,285,330
396,80000,7,0,29.1,42.04,30,52.2,1,160,480,300
397,60000,7,0,29.1,42.38,30,67.36,1,160,480,300
398,95000,9,0,29.1,42.33,20,56.73,0,180,285,330
399,60000,6,0,29.1,42.58,40,135.2,2,120,570,280
400,65000,8,0,29.1,42.68,40,143.39,3,140,330,380
401,95000,9,0,29.1,43.77,20,121.56,3,180,240,290
402,60000,6,0,29.1,42.46,40,66.03,2,120,645,400
403,95000,9,0,29.1,43.55,20,155.97,5,200,240,290
404,100000,6,0,29.1,43.45,20,116.73,3,200,570,280
405,60000,6,0,29.1,43.54,40,151.73,2,120,570,280
406,50000,7,0,29.1,43.85,50,44.18,3,100,480,300
407,100000,5,0,29.1,43.92,20,69.32,1,200,480,300
408,50000,7,0,29.1,43.77,50,91.55,2,100,480,300
409,100000,7,0,29.1,44.24,20,37.7,0,200,480,300
410,75000,7,0,29.1,43.8,30,94.34,3,160,405,450
411,80000,9,0,29.1,42.36,20,103.46,2,180,240,290
412,50000,7,0,29.1,41.58,50,196.36,2,100,405,450
413,100000,6,0,29.1,44.08,20,187.96,6,200,525,480
414,40000,7,0,29.1,44.87,60,220.1,1,80,360,410
415,65000,8,0,29.1,44.47,40,163.62,0,140,330,380
416,50000,7,0,29.1,44.29,50,138.36,3,100,405,450
417,90000,9,0,29.1,45.14,20,213.04,2,180,210,260
418,40000,7,0,29.1,43.64,50,145.72,2,100,405,450
419,50000,7,0,29.1,43.9,50,256.45,2,100,330,380
420,50000,7,0,29.1,43.15,30,180.25,2,160,405,450
421,50000,7,0,29.1,43.73,20,214.46,1,180,360,410
422,50000,8,0,29.1,42.23,40,319.04,2,140,210,260
423,50000,9,0,29.1,42.11,20,311.67,8,200,165,210
424,50000,7,0,29.1,42.44,50,247.03,6,80,330,380
425,95000,9,0,29.1,43.52,20,145.5,1,180,210,260
426,65000,8,0,29.1,43.81,40,243.13,5,140,240,290
427,95000,9,0,29.1,45.24,20,277.12,3,180,210,260
428,100000,9,0,29.1,45.08,20,259.28,2,200,210,260
429,100000,6,0,29.1,44.96,40,223.83,1,120,480,300
430,100000,7,0,29.1,45.41,30,221.54,7,160,360,410
431,100000,6,0,29.1,45.64,40,254.95,6,120,450,500
432,100000,7,0,29.1,44.46,60,256.85,3,80,330,380
433,60000,6,0,29.1,44.46,40,304.61,2,120,450,500
434,70000,8,0,29.1,45.27,40,322.06,7,140,240,290
435,70000,8,0,29.1,45.31,35,318.11,5,140,240,290
436,90000,9,0,29.1,44.18,20,320.63,1,180,210,260
437,95000,9,0,29.1,44.29,20,256.73,4,180,240,290
438,105000,7,0,29.1,43.65,30,260.6,4,160,405,450
439,55000,6,0,29.1,43.36,40,318.02,3,120,450,500
440,55000,6,0,29.1,42.55,40,301.88,2,120,450,500
441,90000,9,0,29.1,42.77,20,234.06,2,180,240,290
442,45000,6,0,29.1,42.73,40,234.36,4,120,525,480
443,100000,7,0,29.1,42.17,20,132,1,200,525,480
444,60000,6,0,29.1,43.29,40,206.63,7,120,405,450
445,80000,9,0,29.1,43.23,20,138.22,4,180,330,380
446,85000,9,0,29.1,43.61,20,80.99,2,180,360,410
447,85000,7,0,29.1,43.41,60,26.17,0,80,600,450
448,85000,9,0,29.1,43.06,20,109.66,4,180,360,410
449,85000,6,0,29.1,42.89,20,174.52,9,180,690,500
450,85000,7,0,29.1,42.8,20,255.15,11,180,405,450
451,40000,7,0,29.1,43.39,60,297.06,11,80,405,450
452,105000,7,0,29.1,43.25,20,276.74,10,200,405,450
453,60000,6,0,29.1,43.68,40,261.28,9,120,525,480
454,55000,6,0,29.1,43.61,40,209.29,8,120,600,450
455,95000,9,0,29.1,43.98,20,238.03,6,180,285,330
456,95000,9,0,29.1,43.86,20,160.65,8,180,330,380
457,95000,7,0,29.1,44.24,20,152.07,6,200,480,300
458,95000,7,0,29.1,44.83,50,112.64,4,100,525,480
459,95000,6,0,29.1,45.26,40,177.19,4,120,645,400
460,95000,7,0,29.1,45.14,30,159.15,2,160,480,300
461,95000,6,0,29.1,44.89,40,97.59,2,120,765,280
462,90000,9,0,29.1,45.09,20,80.06,3,180,360,410
463,45000,6,0,29.1,44.28,40,70.01,1,120,810,550
464,85000,9,0,29.1,42.66,50,183.13,4,180,285,330
465,105000,7,0,29.1,43.33,20,116.71,4,180,525,480
466,105000,6,0,29.1,43.14,20,86.05,5,200,765,280
467,95000,9,0,29.1,43,20,46.53,3,180,405,450
468,65000,8,0,29.1,43.29,40,52.33,3,140,480,300
469,65000,8,0,29.1,44.79,40,70.72,4,140,480,300
470,50000,7,0,29.1,44.65,50,67.12,3,100,645,400
471,70000,8,0,29.1,44.54,40,141.82,4,140,360,410
472,80000,7,0,29.1,43.27,30,211.68,8,160,450,500
473,85000,7,0,29.1,43.36,20,221.62,10,160,450,500
474,95000,9,0,29.1,44.79,20,155.08,6,180,330,380
475,75000,7,0,29.1,43.36,30,248.6,11,160,450,500
476,50000,7,0,29.1,42.88,50,260.95,10,100,450,500
477,80000,7,0,29.1,42.8,30,297.67,10,160,405,450
478,45000,6,0,29.1,43.45,35,368.4,15,120,360,410
479,80000,7,0,29.1,42.34,30,315.36,11,160,285,330
480,85000,9,0,29.1,42.54,20,346.99,9,200,165,210
481,100000,7,0,29.1,41.7,20,317.16,10,200,240,290
482,105000,6,0,29.1,41.83,20,409.42,6,180,240,290
483,60000,6,0,29.1,42.71,40,461.86,7,120,210,260
484,105000,9,0,29.1,43.13,20,371.01,12,180,120,170
485,40000,7,0,29.1,43.25,35,398.42,12,80,240,290
486,55000,6,0,29.1,42.92,40,463.79,9,120,210,260
487,55000,7,0,29.1,43.26,30,308.15,12,160,285,330
488,55000,8,0,29.1,43.77,40,337.38,11,140,210,260
489,55000,7,0,29.1,43.57,50,324.49,9,100,240,290
490,55000,9,0,29.1,43.46,20,270.65,7,180,240,290
491,55000,9,0,29.1,43.11,20,180.23,7,180,285,330
492,55000,9,0,29.1,42.86,20,391.76,6,180,165,210
493,75000,7,0,29.1,43,30,322.41,6,160,285,330
494,55000,6,0,29.1,42.63,40,337,4,120,360,410
495,85000,9,0,29.1,42.3,35,319.9,3,180,165,210
496,90000,9,0,29.1,42.63,20,253.51,3,180,285,330
497,90000,9,0,29.1,43,20,229.11,4,200,285,330
498,90000,7,0,29.1,42.96,30,177.55,5,160,480,300
499,90000,7,0,29.1,43.08,50,106.47,3,100,525,480
500,90000,9,0,29.1,42.73,20,77.01,4,180,360,410
501,105000,7,0,29.1,42.11,30,87.09,0,160,570,280
502,80000,9,0,29.1,41.56,20,202.25,5,200,240,290
503,60000,6,0,29.1,40.1,40,303.64,11,120,360,410
504,100000,6,0,29.1,40.86,20,241.25,11,200,600,450
505,100000,7,0,29.1,42.13,20,116.1,0,200,480,300
506,50000,7,0,29.1,42.2,50,142.04,2,100,480,300
507,70000,8,0,29.1,42.31,40,160.8,5,140,360,410
508,55000,6,0,29.1,42.58,40,169.12,2,120,600,450
509,55000,8,0,29.1,42.61,40,115.69,5,140,360,410
510,80000,7,0,29.1,43.49,30,126.15,3,160,480,300
511,90000,9,0,29.1,42.77,20,213.46,16,180,285,330
512,75000,7,0,29.1,43.13,30,104,3,160,480,300
513,75000,7,0,29.1,41.63,30,212.21,16,160,450,500
514,95000,7,0,29.1,43.51,30,76.69,0,160,525,480
515,55000,6,0,29.1,43.48,40,99.01,0,120,690,500
516,85000,9,0,29.1,42.59,20,260,2,180,285,330
517,70000,8,0,29.1,43.44,40,46.01,4,140,480,300
518,70000,8,0,29.1,43.37,40,105.91,9,140,360,410
519,90000,9,0,29.1,43.27,20,129.99,4,180,285,330
520,50000,6,0,29.1,43.19,40,151.17,2,120,600,450
521,55000,7,0,29.1,43.28,40,78.6,2,120,570,280
522,95000,9,0,29.1,43.4,20,148.5,1,180,285,330
523,80000,7,0,29.1,43.27,30,158.9,6,160,450,500
524,95000,9,0,29.1,42.73,20,208.24,11,180,240,290
525,55000,6,0,29.1,43.77,40,99.41,0,120,720,380
526,40000,7,0,29.1,44.06,60,160.25,0,80,450,500
527,105000,9,0,29.1,42.7,20,220.51,5,180,240,290
528,90000,9,0,29.1,44.81,20,149.91,3,180,285,330
529,40000,7,0,29.1,43.21,60,78.23,1,80,570,280
530,100000,9,0,29.1,43.96,35,47.17,1,200,405,450
531,65000,8,0,29.1,43.17,40,147.96,3,140,330,380
532,65000,8,0,29.1,43.13,40,87.37,5,120,450,500
533,65000,6,0,29.1,41.99,20,89.27,1,180,765,280
534,65000,7,0,29.1,42.47,30,208.89,6,160,405,450
535,65000,9,0,29.1,42.68,50,213.78,4,180,240,290
536,80000,7,0,29.1,43.1,30,229.31,6,160,360,410
537,90000,9,0,29.1,43.45,20,152.74,3,180,285,330
538,95000,9,0,29.1,42.84,20,185.98,2,180,240,290
539,100000,7,0,29.1,43.05,20,143.68,2,200,450,500
540,95000,9,0,29.1,43.19,20,88.51,1,180,360,410
541,95000,6,0,29.1,43.53,40,126.57,1,120,600,450
542,95000,7,0,29.1,42.39,30,295.1,6,160,450,500
543,95000,7,0,29.1,42.84,60,202.06,5,80,450,500
544,100000,7,0,29.1,42.89,20,295.43,7,200,405,450
545,40000,7,0,29.1,42.83,60,310.11,1,80,360,410
546,60000,6,0,29.1,43.03,40,233.14,3,120,600,450
547,50000,7,0,29.1,42.85,50,187.78,3,100,450,500
548,50000,7,0,29.1,42.15,50,308.1,5,100,285,330
549,90000,9,0,29.1,41.71,20,344.48,4,180,165,210
550,55000,6,0,29.1,42.53,40,339.53,0,120,360,410
551,55000,6,0,29.1,42.2,40,304.31,1,120,360,410
552,55000,8,0,29.1,42.62,40,204.79,3,140,285,330
553,55000,9,0,29.1,41.85,20,290.72,6,180,210,260
554,55000,7,0,29.1,41.87,30,132.7,3,160,450,500
555,55000,6,0,29.1,42.63,40,121.75,1,120,600,450
556,55000,7,0,29.1,41.81,30,195.01,3,160,360,410
557,55000,7,0,29.1,41.96,50,149.6,0,100,360,410
558,60000,6,0,29.1,42.34,40,410.67,5,120,285,330
559,85000,9,0,29.1,42.93,20,320.65,6,180,165,210
560,90000,9,0,29.1,43.26,20,406.23,9,180,90,140
561,100000,7,0,29.1,42.97,30,546.36,7,160,165,210
562,55000,6,0,29.1,43.51,40,60.21,2,120,765,280
563,65000,8,0,29.1,44.5,40,73.35,3,140,405,450
564,85000,6,0,29.1,43.5,40,113.15,6,120,600,450
565,105000,7,0,29.1,44.57,20,81.22,4,180,570,280
566,75000,7,0,29.1,43.83,30,80.75,3,160,570,280
567,90000,9,0,29.1,43.12,20,229.03,6,180,285,330
568,55000,6,0,29.1,43.41,40,471.35,10,120,285,330
569,70000,8,0,29.1,42.99,35,390.93,5,140,120,170
570,70000,8,0,29.1,42.32,40,429.75,11,140,120,170
571,40000,7,0,29.1,42.66,60,312.82,3,80,285,330
572,55000,7,0,29.1,41.98,30,319.86,10,160,285,330
573,70000,8,0,29.1,43.16,40,481.27,8,140,120,170
574,80000,7,0,29.1,43.11,30,373.61,7,160,210,260
575,75000,7,0,29.1,42.17,30,152.08,2,160,450,500
576,105000,7,0,29.1,43.57,20,178.19,7,180,405,450
577,80000,7,0,29.1,43.96,30,240.05,8,160,405,450
578,95000,8,0,29.1,42.78,40,262.49,6,140,285,330
579,70000,8,0,29.1,41.93,40,394.87,9,140,165,210
580,50000,7,0,29.1,42.35,50,365.17,1,100,210,260
581,65000,8,0,29.1,42.65,45,183.36,4,140,360,410
582,95000,9,0,29.1,43.21,20,227.27,5,180,285,330
583,90000,9,0,29.1,42.76,20,253.12,4,180,240,290
584,95000,6,0,29.1,42.5,40,86.93,0,120,765,280
585,45000,6,0,29.1,41.72,40,90.43,5,120,720,380
586,60000,6,0,29.1,42.1,40,174.18,4,120,600,450
587,80000,7,0,29.1,42.5,30,217.86,9,160,450,500
588,85000,9,0,29.1,42.69,20,280.06,11,180,240,290
589,60000,6,0,29.1,42.89,40,168.05,1,120,570,280
590,85000,6,0,29.1,42.34,40,336.01,7,120,360,410
591,60000,6,0,29.1,41.86,40,391.66,11,120,285,330
592,60000,6,0,29.1,42.28,40,470.12,7,120,285,330
593,60000,6,0,29.1,42.12,40,505.18,5,120,210,260
594,60000,8,0,29.1,42.71,40,523.07,4,140,90,140
595,60000,7,0,29.1,42.72,60,419,12,80,165,210
596,60000,8,0,29.1,42.04,40,507.63,17,140,120,170
597,60000,8,0,29.1,43.13,40,348.3,8,140,165,210
598,60000,7,0,29.1,42.34,30,345.61,2,160,240,290
599,65000,8,0,29.1,43.43,40,274.9,1,140,285,330
600,65000,8,0,29.1,43.69,40,167.6,3,140,360,410
601,95000,9,0,29.1,43.23,20,292.36,3,180,240,290
602,95000,9,0,29.1,40.95,20,383.94,5,180,120,170
603,95000,9,0,29.1,41.74,20,357.19,12,200,120,170
604,70000,8,0,29.1,41.78,40,291.78,6,140,285,330
605,70000,7,0,29.1,43.44,30,367.35,8,160,210,260
606,65000,8,0,29.1,43.94,40,253.65,6,140,165,210
607,90000,9,0,29.1,42.45,20,281.83,3,180,120,170
608,90000,9,0,29.1,43.89,20,273.75,5,180,120,170
609,40000,7,0,29.1,43.98,60,300.83,10,80,165,210
610,105000,7,0,29.1,43.81,50,349.21,5,180,165,210
611,40000,7,0,29.1,42.78,60,426.48,4,80,120,170
612,80000,7,0,29.1,42.42,30,429.36,4,160,120,170
613,95000,6,0,29.1,43.21,40,392.21,12,120,210,260
614,50000,7,0,29.1,42.13,50,342.53,4,100,165,210
615,45000,7,0,29.1,42.27,40,391.09,10,120,120,170
616,40000,7,0,29.1,43.75,60,278.71,0,80,210,260
617,90000,9,0,29.1,43,20,212.95,5,180,120,170
618,45000,6,0,29.1,43.25,40,278.63,5,120,285,330
619,60000,9,0,29.1,43.1,20,323.54,4,180,120,170
620,45000,6,0,29.1,43.29,40,421.23,8,120,285,330
621,45000,9,0,29.1,42.93,35,345.01,6,120,120,170
622,60000,7,0,29.1,43.26,30,308.52,4,160,240,290
623,105000,7,0,29.1,43.03,20,401.4,8,180,645,400
624,55000,6,0,29.1,43.01,40,326.7,8,120,285,330
625,50000,7,0,29.1,42.93,50,417.54,9,100,165,210
626,105000,7,0,29.1,42.65,20,127,3,200,645,400
627,50000,7,0,29.1,44.3,50,36.24,1,100,165,210
628,70000,8,0,29.1,44.05,40,103.09,2,140,165,210
629,40000,7,0,29.1,42.75,60,189.31,6,80,120,170
630,80000,7,0,29.1,42.82,30,200.46,5,160,285,330
631,90000,9,0,29.1,42.83,20,175.82,5,180,405,450
632,100000,6,0,29.1,42.37,20,94.83,0,200,840,550
633,55000,6,0,29.1,43.52,40,50.16,2,120,285,330
634,50000,7,0,29.1,42.3,30,83.76,2,160,285,330
635,80000,7,0,29.1,43.17,30,57.94,0,160,285,330
636,80000,9,0,29.1,42.62,20,131.03,1,180,330,380
637,80000,6,0,29.1,43.23,20,143.89,3,180,765,280
638,80000,6,0,29.1,42.09,40,167.29,6,120,285,330
639,80000,7,0,29.1,42.14,30,124.33,2,160,285,330
640,80000,8,0,29.1,42.49,40,64.5,2,140,165,210
641,80000,9,0,29.1,42.04,20,23,1,180,330,380
642,80000,8,0,29.1,43.11,40,136.74,0,140,165,210
643,60000,6,0,29.1,42.5,40,224.61,1,120,285,330
644,60000,6,0,29.1,41.09,40,434.95,8,120,285,330
645,105000,9,0,29.1,41.76,20,446.16,1,180,330,380
646,95000,9,0,29.1,40.05,20,586.78,5,200,330,380
647,45000,6,0,29.1,42.15,40,485.49,3,120,285,330
648,45000,6,0,29.1,42.51,40,137.41,0,120,285,330
649,50000,9,0,29.1,42.84,40,207.52,1,120,120,170
650,105000,7,0,29.1,42.69,20,148.22,0,180,645,400
651,100000,6,0,29.1,42.25,20,135.03,3,200,720,380
652,65000,8,0,29.1,43.15,20,234.05,4,140,450,500
653,100000,7,0,29.1,43.23,30,85.23,1,160,285,330
654,105000,9,0,29.1,42.72,20,154.39,3,180,330,380
655,40000,7,0,29.1,43.55,60,254.33,7,80,120,170
656,80000,7,0,29.1,43.31,30,245.8,7,160,285,330
657,105000,9,0,29.1,42.12,20,254.47,5,180,360,410
658,65000,8,0,29.1,41.59,40,327.07,3,140,165,210
659,65000,8,0,29.1,42.38,40,308.87,2,140,165,210
660,65000,8,0,29.1,43.28,20,364.97,4,120,450,500
661,65000,9,0,29.1,43.49,20,382.93,4,180,330,380
662,65000,7,0,29.1,41.36,50,339.04,2,100,165,210
663,65000,6,0,29.1,40.49,40,234.48,3,120,285,330
664,65000,9,0,29.1,41.42,20,92.02,2,180,330,380
665,65000,7,0,29.1,40.75,30,156.32,3,160,285,330
666,100000,9,0,29.1,41.28,20,71.17,1,200,330,380
667,55000,9,0,29.1,40.87,20,155.79,8,180,360,410
668,100000,9,0,29.1,42.1,20,89.84,3,200,360,410
669,75000,7,0,29.1,42.44,30,137.75,4,160,285,330
670,80000,7,0,29.1,42.39,30,180.25,4,160,285,330
671,105000,9,0,29.1,41.74,20,259.33,8,180,330,380
672,95000,9,0,29.1,39.99,20,336.03,9,180,360,410
673,75000,7,0,29.1,42,30,106.98,0,160,285,330
674,40000,7,0,29.1,41.03,60,211.48,6,80,120,170
675,70000,9,0,29.1,39.63,20,322.91,13,180,360,410
676,40000,7,0,29.1,43.58,60,297.43,4,80,120,170
677,70000,8,0,29.1,42.92,40,375.95,6,140,165,210
678,105000,9,0,29.1,43.18,20,252.17,3,180,330,380
679,50000,7,0,29.1,44.3,50,406.12,8,100,165,210
680,65000,8,0,29.1,43.89,50,418.08,8,140,165,210
681,95000,9,0,29.1,42.95,20,378.08,13,180,330,380
682,40000,6,0,29.1,44.01,40,388.6,5,120,285,330
683,70000,8,0,29.1,40,40,644.24,3,140,165,210
684,70000,9,0,29.1,42.09,20,619.08,0,180,330,380
685,70000,9,0,29.1,44.29,35,421.46,5,180,210,260
686,70000,9,0,29.1,43.86,20,538.35,4,200,330,380
687,70000,9,0,29.1,43.58,20,531.98,9,180,360,410
688,70000,7,0,29.1,42.61,20,616.76,6,200,450,500
689,70000,8,0,29.1,41.1,40,736.77,1,140,165,210
690,45000,6,0,29.1,41.74,40,640.86,15,120,285,330
691,50000,7,0,29.1,43.9,50,401.31,15,100,165,210
692,100000,6,0,29.1,44.09,20,434.63,8,200,690,500
693,40000,7,0,29.1,44.78,60,393.39,11,80,120,170
694,70000,8,0,29.1,44.12,40,428.78,9,140,165,210
695,50000,7,0,29.1,44.22,40,416.48,7,120,210,260
696,50000,7,0,29.1,42.12,50,482.9,13,100,165,210
697,50000,7,0,29.1,40.76,50,515.38,16,100,165,210
698,45000,6,0,29.1,40.79,40,644.1,16,120,285,330
699,105000,6,0,29.1,41.94,20,560.29,14,180,690,500
700,85000,9,0,29.1,43.49,20,507.99,10,180,360,410
701,65000,8,0,29.1,41.02,40,39.96,1,140,165,210
702,60000,6,0,29.1,41.3,40,84.58,2,120,285,330
703,60000,7,0,29.1,41.31,30,130.18,2,160,285,330
704,60000,8,0,29.1,40.88,40,108.71,2,120,120,170
705,60000,9,0,29.1,41.89,20,53.85,5,180,360,410
706,60000,7,0,29.1,41.81,50,105.65,9,100,165,210
707,60000,7,0,29.1,40.67,50,162.2,12,100,165,210
708,60000,6,0,29.1,41.61,40,86.03,2,120,285,330
709,85000,9,0,29.1,41,20,171.35,7,180,360,410
710,55000,9,0,29.1,41.11,20,173.42,4,200,360,410
711,100000,9,0,29.1,41.72,20,194.1,2,200,360,410
712,60000,6,0,29.1,40.65,40,241.66,7,120,285,330
713,90000,9,0,29.1,40.67,20,279.87,9,180,360,410
714,60000,6,0,29.1,40.98,50,194,5,120,285,330
715,105000,9,0,29.1,41.44,20,258.7,8,180,330,380
716,55000,9,0,29.1,42.09,20,189.74,5,180,330,380
717,90000,9,0,29.1,41.38,20,80.6,1,180,330,380
718,40000,6,0,29.1,41.96,40,35.13,1,120,285,330
719,45000,6,0,29.1,41.6,40,110.32,1,120,285,330
720,45000,9,0,29.1,42.01,20,115.52,1,180,330,380
721,45000,7,0,29.1,41.93,30,165.68,4,160,285,330
722,45000,7,0,29.1,42.44,60,263.22,2,80,120,170
723,45000,7,0,29.1,42.36,20,312.29,4,200,525,480
724,45000,9,0,29.1,42.21,20,249.01,2,180,210,260
725,55000,6,0,29.1,41.03,60,259.12,3,120,210,260
726,70000,8,0,29.1,41.13,40,200.08,4,140,165,210
727,75000,7,0,29.1,41.26,50,150.44,7,100,165,210
728,60000,6,0,29.1,41.46,40,78.64,5,120,285,330
729,70000,8,0,29.1,40.95,40,244.14,2,140,165,210
730,95000,9,0,29.1,40.89,20,269.22,0,180,360,410
731,95000,7,0,29.1,41.44,30,282.78,14,160,285,330
732,95000,7,0,29.1,41.07,30,339.24,0,160,285,330
733,40000,7,0,29.1,40.59,60,320.98,15,80,120,170
734,60000,6,0,29.1,41.27,40,299.29,0,120,285,330
735,65000,8,0,29.1,40.81,40,300.2,8,140,165,210
736,40000,7,0,29.1,41.16,60,282.4,2,80,120,170
737,70000,8,0,29.1,42.09,40,254.61,2,140,165,210
738,80000,7,0,29.1,42.24,30,275.15,4,160,285,330
739,45000,6,0,29.1,42.44,40,210.09,3,120,285,330
740,50000,7,0,29.1,43.01,50,217.52,5,100,165,210
741,105000,7,0,29.1,42,20,329.16,10,180,570,280
742,105000,7,0,29.1,42.88,30,251.48,2,160,285,330
743,105000,6,0,29.1,43.23,40,196.02,4,120,285,330
744,85000,9,0,29.1,42.9,20,175.97,1,180,360,410
745,85000,9,0,29.1,42.87,20,208.24,1,180,360,410
746,85000,9,0,29.1,43.14,20,150.44,3,180,405,450
747,85000,9,0,29.1,43.05,20,138.22,2,180,360,410
748,70000,9,0,29.1,42.06,20,246.66,1,200,405,450
749,70000,7,0,29.1,42.38,60,180.4,1,80,120,170
750,70000,8,0,29.1,41.19,40,261.02,10,140,165,210
751,70000,6,0,29.1,41.85,40,205.64,8,120,285,330
752,85000,9,0,29.1,41.83,20,222.65,1,180,360,410
753,95000,6,0,29.1,43.24,40,148.82,2,120,285,330
754,50000,7,0,29.1,42.77,50,162.56,1,100,165,210
755,95000,9,0,29.1,42.9,60,103.35,4,180,90,140
756,90000,9,0,29.1,42.91,20,155.94,8,180,330,380
757,50000,7,0,29.1,43.35,50,116.47,4,100,165,210
758,95000,8,0,29.1,43.49,40,113.22,3,140,165,210
759,80000,7,0,29.1,43.16,30,89.55,1,160,285,330
760,100000,7,0,29.1,42.63,20,114.79,2,200,645,400
761,100000,6,0,29.1,41.97,40,159.67,2,120,285,330
762,50000,7,0,29.1,42.35,50,81.34,0,100,165,210
763,85000,9,0,29.1,42.55,35,52.63,1,180,210,260
764,70000,8,0,29.1,42.76,40,40.61,0,140,165,210
765,70000,7,0,29.1,42.93,30,84.6,5,160,285,330
766,70000,9,0,29.1,43.01,20,105.91,6,180,330,380
767,70000,7,0,29.1,42.94,30,156.04,7,160,285,330
768,45000,9,0,29.1,43.5,40,167.72,4,120,120,170
769,65000,8,0,29.1,42.64,30,60.78,1,140,165,210
770,95000,9,0,29.1,42.77,20,118.36,1,180,360,410
771,45000,8,0,29.1,42.5,40,91.92,2,120,120,170
772,90000,6,0,29.1,42.33,40,111.83,7,120,285,330
773,45000,9,0,29.1,41.76,20,84.58,1,200,405,450
774,60000,7,0,29.1,42.24,40,126.04,3,120,210,260
775,75000,7,0,29.1,41.74,30,130,7,160,285,330
776,80000,7,0,29.1,41.8,30,26.4,1,160,285,330
777,75000,7,0,29.1,42.39,30,65.07,7,160,285,330
778,70000,8,0,29.1,42.28,40,45.22,4,140,165,210
779,65000,8,0,29.1,41.7,40,149.01,2,140,165,210
780,50000,9,0,29.1,40.96,20,189.69,14,180,360,410
781,40000,7,0,29.1,41.76,60,92.72,2,80,120,170
782,90000,7,0,29.1,42.08,20,83.2,3,180,525,480
783,65000,8,0,29.1,41.81,40,134.63,7,140,165,210
784,95000,8,0,29.1,43.12,40,174.87,4,120,120,170
785,90000,9,0,29.1,43.59,20,147.41,4,180,360,410
786,90000,7,0,29.1,42.59,60,10.05,1,80,120,170
787,90000,9,0,29.1,43.11,20,51.01,1,180,330,380
788,90000,9,0,29.1,43.88,20,97.35,1,180,330,380
789,90000,7,0,29.1,43.75,40,113.16,0,120,210,260
790,90000,7,0,29.1,42.56,60,144.26,1,80,120,170
791,40000,7,0,29.1,42.67,60,146.7,3,80,120,170
792,90000,9,0,29.1,42.35,20,35.74,2,180,360,410
793,95000,9,0,29.1,42.29,20,40.8,2,180,360,410
794,55000,6,0,29.1,42.29,40,73.41,3,120,285,330
795,60000,8,0,29.1,42.35,40,111.36,3,140,165,210
796,75000,7,0,29.1,41.83,30,34.13,1,160,285,330
797,50000,7,0,29.1,42.64,30,64.03,1,100,165,210
798,80000,7,0,29.1,42.74,30,86.21,1,160,285,330
799,40000,8,0,29.1,42.57,40,92.27,4,140,165,210
800,40000,7,0,29.1,42.19,60,106.78,3,80,120,170
801,95000,9,0,29.1,41.91,20,205.64,5,180,360,410
802,55000,6,0,29.1,41.59,40,296.2,8,120,285,330
803,75000,7,0,29.1,42.4,30,325.53,7,160,285,330
804,45000,6,0,29.1,41.54,40,310.64,6,120,285,330
805,75000,7,0,29.1,41.54,30,254.26,5,160,285,330
806,85000,6,0,29.1,41.83,40,255.38,8,120,285,330
807,65000,8,0,29.1,42.52,20,262.15,7,140,405,450
808,65000,8,0,29.1,42.43,40,171.29,3,140,165,210
809,65000,7,0,29.1,41.15,30,200.86,6,160,285,330
810,65000,7,0,29.1,41.22,30,104.24,4,160,285,330
811,65000,6,0,29.1,40.94,40,170.66,4,120,285,330
812,75000,7,0,29.1,41.6,30,45.49,1,160,285,330
813,105000,8,0,29.1,40.8,20,112.22,1,140,450,500
814,70000,8,0,29.1,41.31,40,104.62,2,140,165,210
815,95000,9,0,29.1,41.2,20,164.08,2,180,330,380
816,65000,8,0,29.1,41.41,40,176.85,7,140,165,210
817,55000,6,0,29.1,41.31,40,99.46,5,120,285,330
818,65000,8,0,29.1,41.34,40,223.52,7,140,165,210
819,85000,9,0,29.1,42.13,20,260.76,5,180,330,380
820,50000,7,0,29.1,42.06,50,277.42,4,100,165,210
821,105000,8,0,29.1,41.47,40,202.94,4,140,165,210
822,95000,9,0,29.1,41.86,20,126.62,4,180,360,410
823,80000,7,0,29.1,42.04,30,60.96,0,160,285,330
824,80000,7,0,29.1,42.06,30,89.68,5,160,285,330
825,95000,9,0,29.1,41.41,20,151.43,4,180,360,410
826,70000,8,0,29.1,41.78,40,100.09,0,140,165,210
827,50000,7,0,29.1,42.23,50,43.17,1,100,165,210
828,80000,9,0,29.1,42.52,20,131.14,0,200,330,380
829,105000,7,0,29.1,42.65,20,180.94,4,180,570,280
830,70000,8,0,29.1,42.22,40,132.26,1,140,165,210
831,80000,7,0,29.1,42.08,30,205.3,2,160,285,330
832,45000,6,0,29.1,40.59,40,239.78,12,120,285,330
833,45000,6,0,29.1,40.52,40,169,12,120,285,330
834,80000,6,0,29.1,43.08,40,38.83,0,120,285,330
835,85000,9,0,29.1,41.83,20,88.24,1,180,330,380
836,45000,6,0,29.1,40.68,40,166.37,3,120,285,330
837,105000,6,0,29.1,41.19,20,202.81,5,180,765,280
838,50000,7,0,29.1,40.37,50,253.16,4,100,165,210
839,50000,7,0,29.1,40.51,50,322.1,3,100,165,210
840,55000,6,0,29.1,41.71,35,237.89,0,120,285,330
841,55000,6,0,29.1,41.91,40,132.85,0,120,285,330
842,65000,8,0,29.1,39.87,40,283.73,4,140,165,210
843,80000,6,0,29.1,40.29,40,268.2,8,120,285,330
844,50000,7,0,29.1,40.1,50,234.4,5,100,165,210
845,50000,7,0,29.1,39.85,50,255.34,9,100,165,210
846,45000,6,0,29.1,40.27,40,245.6,2,120,285,330
847,105000,6,0,29.1,40.43,30,278.26,7,180,450,500
848,105000,9,0,29.1,40.76,20,158.45,8,200,360,410
849,65000,8,0,29.1,40.12,40,60.27,6,140,165,210
850,100000,9,0,29.1,40.5,20,268.88,2,200,330,380
851,100000,7,0,29.1,40.32,60,367.14,1,80,120,170
852,100000,7,0,29.1,40.63,60,322.61,1,80,120,170
853,100000,6,0,29.1,40.48,40,276.59,1,120,285,330
854,90000,9,0,29.1,39.97,20,193.02,3,180,330,380
855,50000,8,0,29.1,39.84,50,170.06,7,140,165,210
856,70000,8,0,29.1,40.52,40,92.42,3,140,165,210
857,55000,6,0,29.1,41.03,40,217.86,6,120,285,330
858,55000,9,0,29.1,40.37,20,208.2,3,200,330,380
859,105000,9,0,29.1,41.33,20,354.35,0,180,210,260
860,90000,9,0,29.1,41.18,20,340.07,9,180,210,260
861,85000,6,0,29.1,40.91,40,259.7,7,120,285,330
862,65000,8,0,29.1,40.42,40,257.74,6,140,165,210
863,65000,8,0,29.1,40.66,40,174.89,4,140,165,210
864,45000,6,0,29.1,41.11,40,308.3,5,120,285,330
865,60000,6,0,29.1,40.85,40,274.15,10,120,285,330
866,60000,6,0,29.1,41.17,40,212.48,5,120,285,330
867,105000,6,0,29.1,40.48,40,117.28,4,120,285,330
868,100000,9,0,29.1,40.62,20,37.64,2,200,405,450
869,65000,8,0,29.1,41.22,40,95.52,1,140,165,210
870,90000,9,0,29.1,41.19,20,169.1,2,180,360,410
871,90000,8,0,29.1,40.74,40,278,7,140,165,210
872,90000,6,0,29.1,41.5,20,254.75,4,180,765,280
873,90000,7,0,29.1,41.02,30,346.9,5,160,285,330
874,90000,7,0,29.1,40.72,50,417,9,100,165,210
875,50000,7,0,29.1,39.98,50,405.19,12,100,165,210
876,90000,9,0,29.1,40.57,20,413.7,6,180,405,450
877,40000,7,0,29.1,41.82,60,349.95,6,80,120,170
878,80000,7,0,29.1,41.3,30,202.08,4,160,285,330
879,50000,7,0,29.1,41.11,50,294.33,5,100,165,210
880,60000,6,0,29.1,40.57,40,424.84,3,120,285,330
881,105000,6,0,29.1,42.22,20,52.4,0,180,720,380
882,55000,6,0,29.1,41.42,20,196.73,1,120,765,280
883,75000,8,0,29.1,41.35,40,278.23,0,140,165,210
884,70000,8,0,29.1,41.89,40,171.01,7,140,165,210
885,70000,8,0,29.1,42.47,40,102.96,7,140,165,210
886,60000,6,0,29.1,42.79,40,91.55,1,120,285,330
887,50000,7,0,29.1,41.81,50,98.68,2,100,165,210
888,50000,7,0,29.1,40.89,50,258.05,1,100,165,210
889,95000,9,0,29.1,42.25,20,187.95,1,180,405,450
890,60000,7,0,29.1,42.47,30,227.38,6,160,285,330
891,100000,7,0,29.1,42.4,20,167.24,3,200,570,280
892,100000,9,0,29.1,42.27,20,190.38,5,180,360,410
893,100000,9,0,29.1,41.57,20,88.57,4,180,330,380
894,100000,9,0,29.1,41.69,35,60.77,0,180,210,260
895,100000,6,0,29.1,41.84,40,200.83,8,120,285,330
896,100000,9,0,29.1,41.54,20,205.06,8,180,330,380
897,40000,9,0,29.1,42.24,20,158.38,7,180,360,410
898,100000,6,0,29.1,40.98,20,150.12,5,200,360,410
899,40000,7,0,29.1,42.48,60,38.08,0,80,120,170
900,105000,9,0,29.1,42.51,20,103.58,2,180,405,450
901,100000,6,0,29.1,40.79,20,312.75,9,200,765,280
902,105000,9,0,29.1,40.95,20,236.03,0,180,330,380
903,45000,6,0,29.1,41.1,40,278.79,0,120,285,330
904,105000,8,0,29.1,42.18,40,166.71,0,140,165,210
905,40000,7,0,29.1,41.55,60,227.27,2,80,120,170
906,75000,7,0,29.1,42.09,30,281.37,7,160,285,330
907,40000,7,0,29.1,42.59,60,279.51,5,80,120,170
908,70000,8,0,29.1,42.75,40,156.26,8,140,165,210
909,45000,6,0,29.1,41.81,40,244.44,2,120,285,330
910,85000,9,0,29.1,42.37,20,317.65,5,180,405,450
911,65000,8,0,29.1,42.11,40,317.83,12,140,165,210
912,65000,8,0,29.1,43.2,40,343.01,12,140,165,210
913,75000,7,0,29.1,43.91,30,394.97,9,160,285,330
914,90000,9,0,29.1,42.43,20,324.3,7,200,360,410
915,90000,9,0,29.1,43.64,20,343.83,9,180,360,410
916,90000,7,0,29.1,41.7,30,349.26,6,160,285,330
917,90000,7,0,29.1,40.11,20,375.37,10,200,570,280
918,90000,9,0,29.1,43.43,20,90.67,8,180,360,410
919,90000,6,0,29.1,43.4,40,149.16,5,120,285,330
920,75000,7,0,29.1,43.28,30,119,9,160,285,330
921,100000,7,0,29.1,43,20,223.45,10,200,645,400
922,70000,8,0,29.1,42.12,40,247,2,140,165,210
923,95000,9,0,29.1,43.33,20,111.14,1,180,360,410
924,60000,6,0,29.1,41.72,35,163.23,2,120,285,330
925,70000,9,0,29.1,41.16,20,159.89,3,200,330,380
926,75000,7,0,29.1,39.81,30,281.17,9,160,285,330
927,80000,7,0,29.1,42.33,30,81.27,1,160,150,200
928,75000,7,0,29.1,41.01,30,199.46,6,160,350,400
929,105000,6,0,29.1,43,20,149.69,4,180,550,450
930,45000,6,0,29.1,42.12,40,223.37,5,120,285,330
931,45000,9,0,29.1,40.3,50,295.1,6,180,285,330
932,45000,7,0,29.1,40.22,60,336.15,15,80,120,170
933,45000,7,0,29.1,39.74,20,320.33,13,200,360,410
934,45000,7,0,29.1,39.32,30,272.39,3,160,285,330
935,50000,7,0,29.1,40.67,50,256.01,14,100,120,170
936,75000,7,0,29.1,40.91,30,188.49,6,160,350,400
937,80000,9,0,29.1,42.17,20,109.07,3,180,405,450
938,105000,6,0,29.1,41.6,60,144.25,0,180,210,260
939,75000,7,0,29.1,43.41,30,63.81,1,160,285,330
940,90000,9,0,29.1,43.85,20,67.54,1,180,360,410
941,85000,9,0,29.1,43.45,20,38.83,1,200,405,450
942,45000,6,0,29.1,43.68,40,96.02,3,120,285,330
943,100000,6,0,29.1,41.64,40,188.74,16,120,150,200
944,50000,7,0,29.1,43.44,50,146.25,6,100,120,170
945,65000,8,0,29.1,43.53,40,179.51,2,140,165,210
946,75000,7,0,29.1,43.36,30,139.04,1,160,285,330
947,75000,7,0,29.1,40.81,30,243.4,10,160,280,330
948,75000,7,0,29.1,42.94,30,71.03,0,160,285,330
949,75000,9,0,29.1,43.7,20,115.97,3,180,200,250
950,75000,7,0,29.1,41.74,60,187,12,80,120,170
951,75000,6,0,29.1,42.57,40,107.84,7,120,150,200
952,40000,7,0,29.1,42.36,60,131.32,5,80,120,170
953,55000,6,0,29.1,41.3,40,201.23,6,120,285,330
954,100000,7,0,29.1,41.58,20,214.7,11,200,360,410
955,45000,6,0,29.1,41.29,40,272.03,17,120,285,330
956,45000,9,0,29.1,40.38,20,419.31,26,200,210,260
957,40000,7,0,29.1,40.5,60,405.05,27,80,120,170
958,55000,6,0,29.1,40.73,40,792.91,37,120,285,330
959,95000,9,0,29.1,40.96,20,648.04,25,180,210,260
960,50000,7,0,29.1,40.86,50,569.08,25,100,120,170
961,60000,6,0,29.1,40.36,40,494.01,19,120,285,330
962,60000,9,0,29.1,38.96,20,465.7,19,180,210,260
963,85000,9,0,29.1,40.3,20,611.74,23,180,210,260
964,105000,6,0,29.1,41.2,40,730.95,30,140,330,380
965,85000,9,0,29.1,40.97,20,644.66,33,180,210,260
966,50000,7,0,29.1,39.5,50,475.62,24,100,120,170
967,100000,7,0,29.1,40.47,30,576.34,29,160,285,330
968,65000,8,0,29.1,39.71,40,472.02,22,140,165,210
969,65000,9,0,29.1,40.47,20,390.23,26,180,210,260
970,65000,9,0,29.1,41.17,20,328.87,26,180,210,260
971,65000,7,0,29.1,41.81,35,241.15,11,100,165,210
972,65000,7,0,29.1,43.49,50,141.82,1,100,120,170
973,105000,6,0,29.1,43.25,20,68.88,1,180,350,400
974,105000,7,0,29.1,43.7,20,129.6,3,180,330,380
975,95000,8,0,29.1,42.06,40,256.73,22,140,165,210
976,60000,6,0,29.1,40.83,40,320.25,21,120,285,330
977,85000,9,0,29.1,43.31,20,99.92,7,180,210,260
978,100000,9,0,29.1,39.71,20,349.89,6,200,210,260
979,70000,8,0,29.1,41.58,40,562.47,9,140,165,210
980,50000,7,0,29.1,41.05,40,711.4,6,100,165,210
981,85000,9,0,29.1,40.9,20,678.28,13,180,210,260
982,80000,7,0,29.1,41.3,30,801.24,21,160,285,330
983,80000,8,0,29.1,39.87,40,848.38,3,140,165,210
984,80000,9,0,29.1,41.36,20,777.41,12,180,210,260
985,80000,6,0,29.1,40.45,40,867.16,10,120,285,330
986,85000,9,0,29.1,40.31,20,818.21,12,180,210,260
987,55000,6,0,29.1,39.56,40,888.79,18,120,285,330
988,55000,7,0,29.1,39.63,30,738.36,5,160,285,330
989,60000,9,0,29.1,39.7,20,675.67,8,180,210,260
990,90000,9,0,29.1,39.94,20,636.03,1,180,210,260
991,45000,6,0,29.1,40.08,40,581.61,1,120,285,330
992,45000,6,0,29.1,40.11,40,504.73,7,120,285,330
993,45000,6,0,29.1,40.16,20,554.22,1,200,400,450
994,45000,7,0,29.1,41.34,60,476.18,3,80,120,170
995,45000,9,0,29.1,40.81,20,419.65,0,180,210,260
996,45000,8,0,29.1,39.71,40,572.07,12,140,165,210
997,45000,9,0,29.1,40.96,20,479.15,4,180,150,200
998,105000,7,0,29.1,41.24,20,353.14,5,180,330,380
999,95000,9,0,29.1,40.12,20,542.37,10,180,210,260
1000,50000,7,0,29.1,41.67,50,349.41,7,100,165,210
1001,60000,6,0,29.1,45.12,40,89.81,1,120,285,330
1002,55000,9,0,29.1,44.31,20,127.12,3,200,210,260
1003,40000,7,0,29.1,42.09,60,155.24,1,80,280,330
1004,40000,7,0,29.1,43.58,60,230.2,6,80,120,170
1005,105000,9,0,29.1,43.4,20,190.37,10,180,180,230
1006,85000,9,0,29.1,44.72,20,195.8,3,180,330,380
1007,100000,7,0,29.1,43.7,20,190.34,9,200,480,300
1008,100000,9,0,29.1,41.94,20,113.44,14,200,285,330
1009,85000,9,0,29.1,44.45,40,186.42,2,180,210,260
1010,105000,9,0,29.1,44.44,20,82.46,2,180,330,380
1011,50000,7,0,29.1,42.66,50,156.71,6,100,120,170
1012,60000,6,0,29.1,43.63,40,218.08,8,120,285,330
1013,105000,9,0,29.1,43.91,20,166.4,4,180,150,200
1014,95000,9,0,29.1,44.68,20,133.65,1,180,330,380
1015,85000,9,0,29.1,43.37,20,107.87,3,180,285,330
1016,100000,9,0,29.1,43.6,20,78.26,3,200,330,380
1017,75000,7,0,29.1,41.01,30,124.53,7,160,285,330
1018,90000,9,0,29.1,42.27,20,127.53,4,180,200,250
1019,45000,6,0,29.1,41.62,40,156.59,12,120,285,330
1020,65000,8,0,29.1,42.26,20,81.02,3,140,405,450
1021,65000,8,0,29.1,42.46,40,47.01,3,140,165,210
1022,85000,9,0,29.1,42.37,20,77.16,3,180,285,330
1023,105000,9,0,29.1,43.63,20,86,0,180,360,410
1024,50000,7,0,29.1,41.83,50,170.11,10,100,165,210
1025,50000,9,0,29.1,42.63,20,104.81,6,200,360,410
1026,50000,7,0,29.1,43.35,60,79.16,3,80,120,170
1027,50000,7,0,29.1,42.24,50,158.86,15,100,165,210
1028,70000,8,0,29.1,43.57,40,113.6,5,140,165,210
1029,100000,9,0,29.1,44.03,20,69.66,1,200,210,260
1030,100000,9,0,29.1,43.68,20,141.43,2,200,210,260
1031,40000,7,0,29.1,44.25,60,133.6,3,80,120,170
1032,55000,6,0,29.1,43.09,40,182.92,9,120,285,330
1033,40000,7,0,29.1,42.59,60,138.5,11,80,120,170
1034,40000,6,0,29.1,43.15,40,76.58,1,120,300,350
1035,40000,6,0,29.1,43.83,40,46.62,0,120,285,330
1036,45000,6,0,29.1,44.21,40,114.34,3,120,180,230
1037,75000,7,0,29.1,44.56,30,49.48,0,160,285,330
1038,55000,6,0,29.1,40.34,40,143.54,7,120,285,330
1039,50000,7,0,29.1,43.84,50,85.01,3,100,165,210
1040,60000,6,0,29.1,40.03,40,156.01,9,120,200,250
1041,45000,6,0,29.1,43.26,40,101.91,5,120,285,330
1042,60000,6,0,29.1,44,40,92.89,4,120,285,330
1043,80000,7,0,29.1,43.29,30,44.65,0,160,150,200
1044,55000,6,0,29.1,43.95,40,105.8,0,120,285,330
1045,70000,8,0,29.1,40.67,40,60.31,11,140,165,210
1046,65000,8,0,29.1,43.41,40,107.28,4,140,165,210
1047,95000,9,0,29.1,42.97,20,157.54,1,180,210,260
1048,70000,8,0,29.1,43.62,40,200.01,4,140,165,210
1049,105000,6,0,29.1,43.66,20,236.08,4,180,500,550
1050,105000,7,0,29.1,43.37,35,222,1,180,330,380
1051,60000,6,0,29.1,43.79,40,286.5,7,120,285,330
1052,95000,9,0,29.1,42.99,20,285.95,1,180,210,260
1053,90000,9,0,29.1,43.62,20,162.56,5,180,210,260
1054,95000,9,0,29.1,43.78,20,256.56,6,180,100,150
1055,95000,9,0,29.1,43.75,20,171.09,5,180,210,260
1056,100000,9,0,29.1,43.49,20,150.36,0,200,210,260
1057,40000,7,0,29.1,43.56,60,249.83,2,80,300,350
1058,45000,6,0,29.1,41.73,40,325.07,5,120,285,330
1059,70000,8,0,29.1,40.96,40,319.27,1,140,165,210
1060,70000,8,0,29.1,41.67,40,259.12,0,140,165,210
1061,80000,7,0,29.1,42.54,30,179.64,1,160,285,330
1062,50000,7,0,29.1,41.32,35,277.14,1,100,165,210
1063,75000,7,0,29.1,41.86,30,159.81,1,160,200,250
1064,55000,6,0,29.1,42.77,40,127.14,1,120,285,330
1065,75000,7,0,29.1,43.89,30,48.85,0,160,285,330
1066,75000,7,0,29.1,43.84,30,101.08,2,160,150,200
1067,75000,9,0,29.1,43.46,20,176.51,1,180,210,260
1068,75000,7,0,29.1,42.41,30,204.13,0,160,285,330
1069,60000,6,0,29.1,41.2,40,281.04,1,120,285,330
1070,90000,9,0,29.1,41.7,20,252.24,2,180,210,260
1071,100000,7,0,29.1,41.75,20,264.37,3,200,200,250
1072,90000,9,0,29.1,42.13,20,192.21,4,180,210,260
1073,70000,8,0,29.1,42.6,40,125.26,0,140,165,210
1074,60000,6,0,29.1,43.46,40,129.4,2,120,285,330
1075,85000,9,0,29.1,43.01,20,65.86,0,180,210,260
1076,85000,6,0,29.1,43.08,40,148,2,120,285,330
1077,85000,7,0,29.1,43.85,50,99.73,1,100,400,450
1078,85000,8,0,29.1,43.29,40,66.21,1,140,165,210
1079,85000,7,0,29.1,43.55,60,70.18,1,80,120,170
1080,70000,8,0,29.1,42.65,40,124.91,8,140,165,210
1081,40000,7,0,29.1,43.04,60,64.47,4,80,120,170
1082,95000,9,0,29.1,42.85,20,39.6,5,180,150,200
1083,105000,9,0,29.1,42.42,20,88.46,2,180,210,260
1084,105000,9,0,29.1,42.53,20,121.49,2,180,210,260
1085,90000,9,0,29.1,42.23,20,160.1,11,180,210,260
1086,55000,6,0,29.1,42.21,40,154.95,1,120,400,450
1087,80000,7,0,29.1,42.26,30,63.29,1,160,285,330
1088,80000,7,0,29.1,41.93,50,53.71,5,100,165,210
1089,80000,6,0,29.1,41.74,40,95.34,7,120,450,500
1090,80000,9,0,29.1,41.37,20,66.07,2,200,210,260
1091,80000,9,0,29.1,43.66,20,71.01,1,180,210,260
1092,50000,7,0,29.1,43.78,35,87.6,1,100,165,210
1093,90000,9,0,29.1,42.94,20,134.66,2,180,450,500
1094,40000,7,0,29.1,43.44,60,94.43,2,80,120,170
1095,90000,9,0,29.1,43.05,20,12.04,0,180,210,260
1096,90000,7,0,29.1,42.68,30,19.1,2,160,350,400
1097,90000,6,0,29.1,42.98,40,82.46,1,120,285,330
1098,90000,7,0,29.1,42.41,50,63.89,1,100,120,170
1099,90000,9,0,29.1,43.48,20,72.12,2,180,210,260
1100,90000,6,0,29.1,41.82,40,124.47,2,120,285,330
1101,55000,6,0,29.1,42.6,40,248.58,7,120,285,330
1102,105000,9,0,29.1,43.15,50,225.62,4,180,285,330
1103,100000,9,0,29.1,42.76,20,200.39,9,200,210,260
1104,40000,7,0,29.1,43.24,60,149.91,4,80,350,400
1105,70000,8,0,29.1,42.97,40,144.8,7,140,165,210
1106,85000,9,0,29.1,43.15,20,82.13,4,180,210,260
1107,50000,7,0,29.1,42.34,50,117.2,0,100,300,350
1108,40000,7,0,29.1,43.16,60,101.65,4,80,120,170
1109,70000,8,0,29.1,44.12,40,110,3,140,165,210
1110,75000,7,0,29.1,43.24,30,30.41,3,160,285,330
1111,85000,9,0,29.1,42.31,20,43.17,4,180,210,260
1112,60000,6,0,29.1,43.97,40,82.57,6,120,200,250
1113,60000,6,0,29.1,44.26,20,58.82,1,120,285,330
1114,60000,7,0,29.1,43.65,50,60.5,5,100,165,210
1115,60000,9,0,29.1,43.2,20,122.87,4,180,210,260
1116,60000,9,0,29.1,42.46,50,170.88,4,180,210,260
1117,50000,7,0,29.1,43.09,50,175.32,3,100,120,170
1118,40000,7,0,29.1,44.87,60,108.81,2,80,120,170
1119,40000,7,0,29.1,44.06,60,204.69,5,80,120,170
1120,40000,7,0,29.1,44.14,60,166.03,2,80,120,170
1121,60000,6,0,29.1,44.47,40,217.22,4,120,285,330
1122,75000,7,0,29.1,43.96,30,276.16,2,160,285,330
1123,75000,7,0,29.1,44.39,30,223.89,3,160,285,330
1124,75000,6,0,29.1,42.96,40,330.22,13,120,285,330
1125,105000,9,0,29.1,43.49,50,281.44,2,180,285,330
1126,70000,8,0,29.1,43.98,40,210.21,1,140,165,210
1127,80000,7,0,29.1,42.23,30,347.48,0,160,285,330
1128,65000,8,0,29.1,42.59,40,370.11,8,140,165,210
1129,80000,7,0,29.1,43.84,30,274.48,3,160,285,330
1130,50000,7,0,29.1,44.21,50,134.18,3,100,165,210
1131,80000,7,0,29.1,44.36,30,104.79,3,160,285,330
1132,40000,7,0,29.1,43.93,50,24.17,1,80,120,170
1133,80000,7,0,29.1,43.6,30,136.57,2,160,285,330
1134,90000,9,0,29.1,44.14,20,219.02,1,180,200,250
1135,100000,9,0,29.1,43.57,20,277.71,5,200,405,450
1136,100000,9,0,29.1,44.43,20,283.71,5,200,405,450
1137,100000,9,0,29.1,42.84,50,422.49,10,180,405,450
1138,100000,7,0,29.1,43.11,30,432.14,12,160,285,330
1139,60000,6,0,29.1,44.14,40,143.74,1,120,285,330
1140,105000,9,0,29.1,43.37,20,225.25,0,180,405,450
1141,100000,9,0,29.1,43.56,20,134.01,2,200,405,450
1142,85000,9,0,29.1,43.62,20,100.69,2,180,330,380
1143,75000,7,0,29.1,43.17,30,221.11,4,160,285,330
1144,75000,7,0,29.1,42.15,50,462.49,15,100,120,170
1145,75000,7,0,29.1,42.82,30,374.97,1,160,285,330
1146,75000,6,0,29.1,43.48,40,401.78,5,120,285,330
1147,70000,8,0,29.1,43.38,40,392.76,10,140,165,210
1148,75000,7,0,29.1,43.48,35,298.38,6,160,285,330
1149,55000,6,0,29.1,43.47,40,273.59,5,120,285,330
1150,90000,9,0,29.1,43.4,20,99.14,4,180,405,450
1151,40000,7,0,29.1,42.77,60,30.81,1,80,120,170
1152,40000,7,0,29.1,44.01,45,191.67,7,80,120,170
1153,75000,7,0,29.1,44.56,30,142.59,3,160,285,330
1154,105000,9,0,29.1,43.6,20,63.2,1,180,330,380
1155,105000,9,0,29.1,43.85,50,110.28,2,180,210,260
1156,105000,6,0,29.1,44.52,40,158.9,3,120,285,330
1157,105000,7,0,29.1,44.29,60,297.2,7,80,120,170
1158,105000,9,0,29.1,43.99,20,32.89,2,180,405,450
1159,65000,8,0,29.1,44.43,40,147.27,6,140,165,210
1160,65000,8,0,29.1,44.55,40,88.64,3,140,165,210
1161,90000,9,0,29.1,44.55,20,173.22,4,180,405,450
1162,90000,9,0,29.1,44.49,20,112.93,0,180,200,250
1163,90000,9,0,29.1,44.41,20,216.12,4,180,360,410
1164,90000,6,0,29.1,44.62,40,273.34,4,120,285,330
1165,90000,7,0,29.1,43.72,30,228.18,7,160,285,330
1166,90000,6,0,29.1,43.89,40,354.73,8,120,285,330
1167,80000,7,0,29.1,44.6,30,34.06,1,160,285,330
1168,100000,9,0,29.1,44.95,50,44.42,3,200,285,330
1169,100000,9,0,29.1,45.14,20,85.09,2,200,250,300
1170,55000,6,0,29.1,45.27,40,60.34,0,120,285,330
1171,60000,6,0,29.1,44.44,40,170.84,1,120,285,330
1172,75000,7,0,29.1,44.88,30,36.07,1,160,180,230
1173,80000,7,0,29.1,44.22,30,51.11,3,160,285,330
1174,80000,8,0,29.1,43.35,40,33.24,2,140,165,210
1175,80000,7,0,29.1,44.61,50,106.79,1,100,200,250
1176,80000,9,0,29.1,44.03,60,173.18,4,180,120,170
1177,80000,7,0,29.1,45,30,137.3,0,160,285,330
1178,80000,6,0,29.1,44.49,40,200.8,4,120,285,330
1179,75000,7,0,29.1,44.23,50,155.54,0,160,120,170
1180,50000,7,0,29.1,44.78,50,189.91,1,100,300,350
1181,65000,8,0,29.1,44.77,40,185.53,1,140,165,210
1182,45000,8,0,29.1,44.79,20,254.1,2,120,450,500
1183,45000,6,0,29.1,43.55,40,75.58,3,120,285,330
1184,85000,9,0,29.1,43.3,20,109.86,3,180,360,410
1185,50000,7,0,29.1,44.22,50,177.79,0,100,120,170
1186,100000,9,0,29.1,43.75,20,165,2,200,210,260
1187,100000,7,0,29.1,44,30,224.51,5,160,285,330
1188,100000,9,0,29.1,43.47,20,207.48,5,180,360,410
1189,100000,7,0,29.1,44.86,30,128.13,4,160,285,330
1190,100000,8,0,29.1,44.1,40,118.15,7,140,165,210
1191,100000,8,0,29.1,43.19,40,65.73,0,140,165,210
1192,100000,7,0,29.1,42.89,30,91.39,2,160,285,330
1193,100000,7,0,29.1,42.37,20,112.29,5,80,570,280
1194,100000,8,0,29.1,43.35,40,173.97,1,140,165,210
1195,45000,9,0,29.1,43.11,40,222.1,1,120,120,170
1196,70000,8,0,29.1,44.01,50,155.08,2,140,120,170
1197,90000,9,0,29.1,42.98,20,86.58,5,180,360,410
1198,65000,8,0,29.1,42.84,40,87.48,0,140,165,210
1199,105000,9,0,29.1,43.13,20,70.6,2,180,360,410
1200,100000,9,0,29.1,42.87,50,144.62,2,200,360,410
,,3,,,,,,,,,
