ID,Days of usage,Rainfall,Ave temp dry,Volume per day,Amount spent,Predicted MLR,per capital MLR,Predicted RF,Predicted SVR,Predicted MLP
1,31,0,29.1,180,330,182.8967955,26.12811364,180,179.7194845,181.0117083
2,31,0,29.1,100,165,103.1362777,14.73375396,100,99.29789101,99.56193062
3,31,0,29.1,180,450,181.3902985,30.23171642,180,179.2424219,180.0260985
4,31,0,29.1,140,165,158.869756,19.8587195,140,149.6167007,139.9693889
5,31,0,29.1,160,285,153.5474432,21.93534903,160,151.7052215,159.9625233
6,31,0,29.1,100,330,108.5451176,15.50644537,101.6912821,108.2563717,100.679909
7,31,0,29.1,160,150,153.6210069,21.94585813,160,151.7264679,159.7805804
8,31,0,29.1,180,210,179.2753884,19.9194876,180,179.9191128,180.3574276
9,31,0,29.1,160,165,153.6529213,21.95041733,160,151.7368698,159.7502432
10,31,0,29.1,200,400,189.7013539,21.07792821,200,186.4494183,199.7572474
11,31,0,29.1,180,200,180.2569092,30.0428182,180,179.1309932,179.6462653
12,31,0,29.1,180,210,179.1910398,19.91011553,180,179.8906002,180.3477954
13,31,0,29.1,120,285,127.6997913,21.28329855,119.975,129.4473825,120.6536677
14,31,0,29.1,140,165,152.9932997,19.12416246,140,140.6317218,140.1065293
15,31,0,29.1,80,120,79.7982087,11.3997441,80,71.9604554,80.97804182
16,31,0,29.1,160,285,153.6221025,21.94601464,160,151.7276762,159.8144609
17,31,0,29.1,120,285,122.4462416,20.40770693,120,120.5391408,118.8253951
18,31,0,29.1,140,165,149.5772584,18.6971573,140,140.2855484,139.6975343
19,31,0,29.1,80,280,60.13820817,8.591172596,80,61.74810942,78.11782328
20,31,0,29.1,180,450,183.832214,30.63870233,180,179.5277807,179.5558446
21,31,0,29.1,200,300,192.5915346,21.3990594,200,186.7534985,199.7442823
22,31,0,29.1,180,210,182.7150714,20.3016746,180,180.2718049,180.3144937
23,31,0,29.1,100,165,103.2118309,14.74454727,100,99.31932578,99.60458101
24,31,0,29.1,120,285,118.8902565,19.81504275,120,120.147089,120.0325358
25,31,0,29.1,140,380,157.1914068,19.64892585,140,149.4524492,139.5543374
26,31,0,29.1,120,285,119.5166598,19.9194433,120,120.2249185,119.7857214
27,31,0,29.1,180,450,183.87262,30.64543667,180,179.540402,179.5935455
28,31,0,29.1,80,120,75.81258198,10.83036885,80,71.55506634,80.4169732
29,31,0,29.1,120,200,118.375432,19.72923867,120,120.1075769,120.2285454
30,31,0,29.1,80,120,75.75119685,10.82159955,80,71.53545885,80.03885195
31,31,0,29.1,80,360,65.30912453,9.329874933,80,64.99968914,78.79699053
32,31,0,29.1,160,90,149.5346339,21.36209056,160,151.2896094,159.7815654
33,31,0,29.1,160,210,149.5903144,21.37004491,160,151.307435,159.7154064
34,31,0,29.1,200,120,186.7112562,31.1185427,200,185.2589861,200.591501
35,31,0,29.1,80,120,75.78131889,10.8259027,80,71.5435687,80.43581086
36,31,0,29.1,140,280,149.0047979,18.62559974,140,140.2263007,139.6968179
37,31,0,29.1,180,240,176.2596106,29.37660177,180,178.7228244,179.8168454
38,31,0,29.1,160,165,149.5729161,21.36755944,160,151.3024335,159.7593959
39,31,0,29.1,160,120,156.5621558,22.36602226,160,152.0456025,159.7513244
40,31,0,29.1,120,300,120.6682725,20.11137875,120,120.3420396,119.4426555
41,31,0,29.1,120,120,113.7873611,18.96456018,118.4697475,122.5480398,114.4543277
42,31,0,29.1,120,260,120.6528002,20.10880003,120,120.3372066,119.4364453
43,31,0,29.1,80,120,75.72888394,10.81841199,80,71.52762303,80.05099421
44,31,0,29.1,120,120,126.0159025,21.00265042,119.975,129.2822667,121.2693797
45,31,0,29.1,160,180,152.503894,21.78627057,160,151.617958,159.7277044
46,31,0,29.1,200,360,193.3900736,27.62715337,200,186.2721151,198.6308656
47,31,0,29.1,140,285,152.5119469,19.06399336,140,140.6022319,140.0022049
48,31,0,29.1,200,240,192.6514023,21.40571137,200,186.7717659,199.7325517
49,31,0,29.1,180,120,180.4326042,20.04806713,180,180.0410155,180.3512792
50,31,0,29.1,200,300,192.624386,21.40270956,200,186.7620278,199.7237581
51,31,0,29.1,200,120,191.4767709,21.27519677,200,186.6448563,199.745007
52,31,0,29.1,180,240,182.7841801,20.30935334,180,180.2951241,180.3219913
53,31,0,29.1,160,120,153.6370399,21.94814856,160,151.731476,159.7564147
54,31,0,29.1,100,120,106.2676309,15.18109013,101.4912821,105.3077217,93.46382192
55,31,0,29.1,180,200,179.2366585,19.91518428,180,179.907015,180.3623758
56,31,0,29.1,160,120,153.6272593,21.94675133,160,151.728854,159.7889224
57,31,0,29.1,140,310,153.0741176,19.1342647,140,140.6569663,140.0605277
58,31,0,29.1,180,285,180.3676975,30.06128292,180,179.1647332,179.2647267
59,31,0,29.1,140,330,153.8037712,25.63396187,140.2,140.1549317,160.7425167
60,31,0,29.1,120,280,127.8195984,21.3032664,119.975,129.486971,120.6420117
61,31,0,29.1,160,210,154.251928,22.03598971,160,151.8044095,159.742361
62,31,0,29.1,80,165,70.54288121,10.07755446,80,68.27176394,79.35777491
63,31,0,29.1,160,165,153.61281,21.94468714,160,151.7243405,159.8107012
64,31,0,29.1,100,100,102.0443998,14.5777714,100.4,99.19509834,100.0568433
65,31,0,29.1,120,165,118.8678916,19.81131527,120,120.1392369,120.0474566
66,31,0,29.1,200,165,191.3849415,21.2649935,200,186.6127078,199.7240852
67,31,0,29.1,100,200,103.2262488,14.74660697,100,99.32469547,99.66710297
68,31,0,29.1,120,165,120.6270862,20.10451437,120,120.3291745,119.4261243
69,31,0,29.1,100,165,104.4000941,14.91429916,100,99.45135951,99.27693256
70,31,0,29.1,180,310,177.4692592,19.71880658,180,179.7136485,180.3695101
71,31,0,29.1,80,165,67.59880803,9.656972576,80,65.23359879,77.80295792
72,31,0,29.1,140,165,151.2697847,18.90872309,140,140.452496,139.8857881
73,31,0,29.1,120,120,120.6412626,20.1068771,120,120.3340358,119.4198656
74,31,0,29.1,160,280,151.8195985,21.68851407,160,151.5229112,159.8286069
75,31,0,29.1,140,120,151.8346821,18.97933526,140,140.5085151,139.9509132
76,31,0,29.1,160,120,152.9708946,21.85298494,160,151.6433978,159.8832577
77,31,0,29.1,80,300,75.62856009,10.80408001,80,71.4980178,81.01855591
78,31,0,29.1,120,120,118.8176696,19.80294493,120,120.1261477,119.9556063
79,31,0,29.1,180,120,181.4787465,20.16430517,180,180.1277898,180.3552398
80,31,0,29.1,180,120,183.3414201,26.19163144,180,179.7388009,180.7561412
81,31,0,29.1,180,180,179.1147667,19.90164074,180,179.8680745,180.3697854
82,31,0,29.1,120,120,120.5346774,20.0891129,120,120.3011756,119.3651363
83,31,0,29.1,180,120,183.6825629,30.61376048,180,179.4780039,180.3471581
84,31,0,29.1,180,220,181.443328,20.16036978,180,180.1110967,180.3067022
85,31,0,29.1,160,120,154.0354544,22.00506491,160,151.7328937,159.9087495
86,31,0,29.1,120,120,118.7567379,19.79278965,120,120.1058157,119.966996
87,31,0,29.1,120,180,125.8096461,20.96827435,119.975,129.2182729,121.2220937
88,31,0,29.1,180,120,180.2700508,20.03000564,180,179.9898068,180.3679655
89,31,0,29.1,120,190,118.8158927,19.80264878,120,120.1225613,120.0385342
90,31,0,29.1,120,120,118.8338414,19.80564023,120,120.1273017,120.0696358
91,31,0,29.1,100,165,102.5951196,14.65644566,100.4,99.24668888,99.82721311
92,31,0,29.1,80,165,76.24006089,10.89143727,80,71.56426354,80.47160638
93,31,0,29.1,180,100,175.6752052,19.51946724,180,179.5115229,180.375968
94,31,0,29.1,180,165,175.6879078,19.52087864,180,179.5159237,180.3784269
95,31,0,29.1,180,120,175.6738759,19.51931954,180,179.5111077,180.3761378
96,31,0,29.1,200,165,187.1692765,31.19487942,200,185.2772902,201.2380885
97,31,0,29.1,80,165,76.25569634,10.89367091,80,71.56871442,80.4328142
98,31,0,29.1,100,200,103.204772,14.74353886,100,99.31582168,99.55967169
99,31,0,29.1,160,165,154.1035601,22.0147943,160,151.7550335,159.8416285
100,31,0,29.1,140,285,152.4058614,19.05073268,140,140.5686617,140.0542345
101,28,107,29.1,180,240,180.4593585,20.05103983,180,180.0493725,180.347861
102,28,107,29.1,140,480,162.5596746,27.0932791,140.2,149.4389058,162.557541
103,28,107,29.1,80,285,75.7460831,10.82086901,80,71.53342846,80.07079514
104,28,107,29.1,140,210,151.8645709,18.98307136,140,140.5191505,139.9589636
105,28,107,29.1,180,165,180.4211597,20.04679552,180,180.0357084,180.3364143
106,28,107,29.1,120,405,120.6815196,20.1135866,120,120.3461775,119.4479725
107,28,107,29.1,160,200,153.6278354,21.94683363,160,151.7277348,159.7347565
108,28,107,29.1,140,285,150.7295814,18.84119768,140,140.4050566,139.8233158
109,28,107,29.1,180,210,181.6138187,20.17931319,180,180.1699814,180.3379828
110,28,107,29.1,160,330,153.6039586,21.94342266,160,151.7224418,159.8595742
111,28,107,29.1,180,165,180.3804826,20.04227584,180,180.0247346,180.3579383
112,28,107,29.1,160,240,154.7142039,22.10202913,160,151.8292396,159.9405673
113,28,107,29.1,120,360,128.8604537,21.47674228,119.975,129.5716608,120.1947468
114,28,107,29.1,160,405,154.8119865,22.11599807,160,151.8593502,159.775418
115,28,107,29.1,140,450,154.2745702,19.28432128,140,140.7928075,140.2388625
116,28,107,29.1,140,210,154.2141618,19.27677023,140,140.7735052,140.210007
117,28,107,29.1,160,220,154.8283984,22.11834263,160,151.8653427,159.7862129
118,28,107,29.1,140,285,154.2454648,19.2806831,140,140.783283,140.1921893
119,28,107,29.1,200,180,193.6587316,32.27645527,200,185.9891095,201.0786049
120,28,107,29.1,180,165,179.8407579,19.98230643,180,179.9739802,180.3376769
121,28,107,29.1,80,285,76.09615697,10.87087957,80.2,88.53922689,81.57004574
122,28,107,29.1,100,360,103.3029,14.75755714,100,99.35037068,99.97887409
123,28,107,29.1,200,480,193.7335636,32.28892727,200,186.0137834,200.6827928
124,28,107,29.1,200,220,193.3439489,27.62056413,200,186.2546761,199.0375511
125,28,107,29.1,80,405,75.79836387,10.8283377,80,71.55062513,80.33009842
126,28,107,29.1,200,350,193.7202208,32.28670347,200,186.0087495,200.7442295
127,28,107,29.1,120,480,120.7007218,20.11678697,120,120.3534747,119.4198336
128,28,107,29.1,80,450,75.81165145,10.83023592,80,71.55477567,80.41128749
129,28,107,29.1,180,240,181.6283983,20.18093314,180,180.1754016,180.3442836
130,28,107,29.1,120,480,118.9523757,19.82539595,120,120.1669257,120.0455202
131,28,107,29.1,160,405,154.8456695,22.12080993,160,151.8703045,159.742415
132,28,107,29.1,120,450,120.6975923,20.11626538,120,120.3533633,119.3946801
133,28,107,29.1,160,480,153.6961452,21.95659217,160,151.7512375,159.7206254
134,28,107,29.1,160,300,154.2511176,22.03587394,160,151.8045894,159.7613485
135,28,107,29.1,200,240,192.0740509,21.34156121,200,186.7114235,199.7375063
136,28,107,29.1,180,330,181.6594251,20.18438057,180,180.1846602,180.3362378
137,28,107,29.1,180,450,182.347502,26.04964314,180,179.6687725,181.0980089
138,28,107,29.1,140,230,155.4245177,19.42806471,140,140.9115737,140.6670002
139,28,107,29.1,120,600,124.811929,20.80198817,120,120.7985235,119.707845
140,28,107,29.1,120,480,124.8114711,20.80191185,120,120.7988135,119.637689
141,28,107,29.1,160,360,155.9969534,22.28527906,160,151.9890551,159.7260207
142,28,107,29.1,180,280,179.3321182,19.92579091,180,179.9381323,180.362425
143,28,107,29.1,180,285,181.6447113,20.1827457,180,180.1796311,180.3340359
144,28,107,29.1,120,720,120.7316522,20.12194203,120,120.3640023,119.4083509
145,28,107,29.1,160,450,153.6729961,21.95328516,160,151.7444396,159.7732828
146,28,107,29.1,80,180,75.77249961,10.8246428,80,71.54254609,80.17206401
147,28,107,29.1,140,285,151.9085533,18.98856916,140,140.533322,139.9422831
148,28,107,29.1,180,300,180.4756387,20.05284874,180,180.0548909,180.3498628
149,28,107,29.1,80,120,75.71523166,10.81646167,80,71.52162636,80.19552098
150,28,107,29.1,120,645,118.9789527,19.82982545,120,120.1765266,120.0203414
151,28,107,29.1,140,285,157.2298401,19.65373001,140,149.4631552,139.5787071
152,28,107,29.1,80,360,75.76755029,10.82393576,80,71.53970096,80.27879908
153,28,107,29.1,180,210,175.1573887,19.46193208,180,179.4723754,180.3978068
154,28,107,29.1,140,380,148.9193686,18.61492108,140,140.1974505,139.62686
155,28,107,29.1,160,210,149.4639954,21.35199934,160,151.2671116,159.8702698
156,28,107,29.1,180,210,175.858362,25.12262314,180,178.9618152,182.0476411
157,28,107,29.1,140,380,148.9444609,18.61805761,140,140.2044223,139.5958686
158,28,107,29.1,180,210,180.9887095,20.10985661,180,180.0908238,180.3123032
159,28,107,29.1,200,180,193.1889445,21.46543828,200,186.8153427,199.6918657
160,28,107,29.1,140,210,152.4304985,19.05381231,140,140.5750583,140.0151479
161,28,107,29.1,120,210,127.1246708,21.18744513,119.975,129.387737,120.8613222
162,28,107,29.1,140,180,152.3647625,19.04559531,140,140.5536587,140.0358562
163,28,107,29.1,180,210,178.5318326,19.83687029,180,179.8077206,180.3917802
164,28,107,29.1,200,370,190.0050628,31.66751047,200,185.5687101,201.1700453
165,28,107,29.1,160,210,157.0413189,22.43447413,160,152.0722431,159.7819505
166,28,107,29.1,80,210,75.92734246,10.84676321,80,82.84785028,80.31378546
167,28,107,29.1,200,320,193.6289598,32.2714933,200,185.9741802,201.1624398
168,28,107,29.1,80,210,75.65225089,10.80746441,80,71.49589078,80.69976639
169,28,107,29.1,100,140,103.1487603,14.73553719,100,99.29269603,99.77832715
170,28,107,29.1,120,210,119.9922999,19.99871665,120,120.2456951,119.753215
171,28,107,29.1,140,210,157.6571809,19.70714761,140,149.4740414,140.3041121
172,28,107,29.1,80,180,76.74754575,10.96393511,80,71.6032152,80.81192301
173,28,107,29.1,160,210,154.0299439,22.0042777,160,151.7281411,159.7926942
174,28,107,29.1,140,210,153.4431559,19.18039449,140,140.6466096,140.1620461
175,28,107,29.1,180,190,179.6649291,19.9627699,180,179.920357,180.3723863
176,28,107,29.1,180,210,180.7662543,30.12770905,180,179.1592665,181.6364384
177,28,107,29.1,200,210,158.8152449,22.68789213,200,132.3324033,195.7140468
178,28,107,29.1,160,400,154.0811311,22.01159016,160,151.7415318,159.6089468
179,28,107,29.1,140,210,153.4786678,19.18483348,140,140.6572692,140.1218809
180,28,107,29.1,120,120,122.8741211,20.47902018,120,120.5497624,118.6099004
181,28,107,29.1,160,280,154.1128225,22.0161175,160,151.7548954,159.7033066
182,28,107,29.1,160,120,150.6306817,21.51866881,160,151.3889411,159.7595968
183,28,107,29.1,120,120,120.5565428,20.09275713,120,120.3058402,119.4336561
184,28,107,29.1,100,165,103.200829,14.74297557,100,99.31502307,99.55212346
185,28,107,29.1,140,380,152.3464343,19.04330429,140,140.5500989,140.0880605
186,28,107,29.1,140,165,160.6396958,20.07996198,140,149.8078295,140.3130022
187,28,107,29.1,180,120,181.5609709,20.17344121,180,180.1508754,180.3202442
188,28,107,29.1,140,165,151.8180923,18.97726154,140,140.5059314,140.0104824
189,28,107,29.1,120,280,118.9049152,19.81748587,120,120.1512347,120.0503682
190,28,107,29.1,80,360,75.79329187,10.82761312,80,71.54817472,80.38348577
191,28,107,29.1,120,450,120.1080078,20.0180013,120,120.2883337,119.6204265
192,28,107,29.1,120,450,120.0887941,20.01479902,120,120.2810329,119.6485608
193,28,107,29.1,180,165,159.056069,17.67289656,180,144.2870737,178.8001912
194,28,107,29.1,140,210,154.7698311,19.34622889,140,140.8240434,140.2302585
195,28,107,29.1,120,280,120.677739,20.1129565,120,120.3471618,119.3867115
196,28,107,29.1,200,285,193.2689777,27.60985396,200,186.2282265,199.5185447
197,28,107,29.1,200,210,192.59533,21.39948111,200,186.7533849,199.7315521
198,28,107,29.1,80,330,75.71073301,10.815819,80,71.52281946,80.10642641
199,28,107,29.1,120,480,119.4803047,19.91338412,120,120.2118303,119.8189243
200,28,107,29.1,160,330,153.5790435,21.93986336,160,151.7142262,159.8793617
201,31,284,29.1,180,285,149.5952096,16.62168996,180,126.5556632,180.4099889
202,31,284,29.1,120,570,120.0904882,20.01508137,120,120.2832943,119.6014458
203,31,284,29.1,160,480,152.4810847,21.7830121,160,151.6116993,159.7976157
204,31,284,29.1,180,720,183.8605218,30.6434203,180,179.537056,179.5263838
205,31,284,29.1,140,300,151.9073614,18.98842018,140,140.5333827,139.9513159
206,31,284,29.1,120,600,120.6939319,20.11565532,120,120.3509207,119.4290571
207,31,284,29.1,160,450,153.6332516,21.94760737,160,151.7311588,159.7976564
208,31,284,29.1,180,380,183.4831171,26.21187387,180,179.7826287,180.9201355
209,31,284,29.1,120,765,118.9732161,19.82886935,120,120.1738685,120.0419363
210,31,284,29.1,160,525,154.2523063,22.03604376,160,151.8036616,159.7062591
211,31,284,29.1,160,600,154.2783401,22.03976287,160,151.8130927,159.7203172
212,31,284,29.1,180,165,181.5949768,20.17721964,180,180.1640958,180.3403901
213,31,284,29.1,180,270,164.4252169,18.26946854,180,153.2340222,178.2940425
214,31,284,29.1,80,240,75.74194221,10.82027746,80,71.5330011,80.04802215
215,31,284,29.1,160,310,156.5858848,22.36941211,160,152.0538807,159.7510905
216,31,284,29.1,180,210,181.6185407,20.17983786,180,180.1714563,180.3373795
217,31,284,29.1,180,380,181.6273721,20.18081912,180,180.1742149,180.3362512
218,31,284,29.1,180,285,181.6516443,20.18351603,180,180.1826628,180.3413137
219,31,284,29.1,100,450,108.5490011,15.50700016,100,99.90861739,100.4471372
220,31,284,29.1,180,165,149.5878417,16.6208713,180,126.5529287,180.3425842
221,31,284,29.1,160,240,155.9599188,22.2799884,160,151.978786,159.8351389
222,31,284,29.1,100,360,103.2912334,14.75589049,100,99.34586035,99.85416696
223,31,284,29.1,160,525,153.6894292,21.95563274,160,151.7491396,159.7307482
224,31,284,29.1,160,285,154.2381505,22.0340215,160,151.7996729,159.7453615
225,31,284,29.1,160,570,153.6755392,21.95364846,160,151.745234,159.7694498
226,31,284,29.1,160,330,154.2313149,22.03304499,160,151.7988368,159.808962
227,31,284,29.1,180,165,179.8453489,19.98281654,180,179.9767134,180.3493356
228,31,284,29.1,160,300,154.1950941,22.02787059,160,151.7853576,159.7747267
229,31,284,29.1,200,360,193.6991832,32.2831972,200,186.0039103,200.8857135
230,31,284,29.1,120,360,120.0799633,20.01332722,120,120.2800067,119.5972214
231,31,284,29.1,120,480,120.7069902,20.1178317,120,120.3562988,119.3984522
232,31,284,29.1,100,330,103.2723799,14.75319713,100,99.33997123,99.80773239
233,31,284,29.1,120,690,118.9780119,19.82966865,120,120.1757996,120.0319125
234,31,284,29.1,180,320,181.6264037,20.18071152,180,180.1730464,180.3282114
235,31,284,29.1,120,480,119.5479942,19.9246657,120,120.2338401,119.8221957
236,31,284,29.1,140,210,151.8657917,18.98322396,140,140.5190987,139.9499143
237,31,284,29.1,180,165,180.9920565,20.1102285,180,180.0936015,180.3282026
238,31,284,29.1,180,200,180.9699883,20.10777648,180,180.0871413,180.3351038
239,31,284,29.1,120,330,120.0542558,20.00904263,120,120.2698114,119.6466467
240,31,284,29.1,180,285,183.7825143,30.63041905,180,179.5083589,180.2524985
241,31,284,29.1,120,220,120.032774,20.00546233,120,120.2587707,119.7575116
242,31,284,29.1,180,285,182.665583,20.29617589,180,180.2533152,180.2922442
243,31,284,29.1,180,285,181.5064927,20.16738808,180,180.1295279,180.2863869
244,31,284,29.1,180,270,183.1030474,30.51717457,180,179.4139542,180.8708684
245,31,284,29.1,180,165,180.8326022,20.09251136,180,180.0468253,180.377147
246,31,284,29.1,140,165,152.3254076,19.04067595,140,140.543531,140.1000289
247,31,284,29.1,200,320,193.9032011,38.78064022,200,185.6929187,194.5920192
248,31,284,29.1,120,120,120.5543017,20.09238362,120,120.3008097,119.5522438
249,31,284,29.1,200,210,193.1987355,27.59981936,200,186.202821,200.0284805
250,31,284,29.1,120,120,118.7697084,19.7949514,120,120.1038045,120.1394842
251,31,284,29.1,200,410,188.9383074,20.99314527,200,186.3228438,199.7083733
252,31,284,29.1,120,120,118.7406088,19.79010147,120,120.0942819,120.1397531
253,31,284,29.1,180,120,181.4629737,20.16255263,180,180.122863,180.357255
254,31,284,29.1,140,120,151.7442274,18.96802843,140,140.4828588,140.0525264
255,31,284,29.1,180,120,180.8434431,20.0937159,180,180.0489124,180.3635167
256,31,284,29.1,180,120,180.8037075,20.08930083,180,180.0365005,180.3685934
257,31,284,29.1,160,120,155.145638,22.16366257,160,151.8409714,160.0431332
258,31,284,29.1,180,120,164.7422105,18.30469006,180,153.2126054,177.720467
259,31,284,29.1,140,120,154.6333214,19.32916518,140,140.7731749,140.4746034
260,31,284,29.1,180,120,180.8025131,20.08916812,180,180.0335291,180.3442554
261,31,284,29.1,140,90,152.3298203,19.04122754,140,140.5401458,140.005619
262,31,284,29.1,140,90,151.1693328,18.8961666,140,140.4115915,139.7682469
263,31,284,29.1,140,90,146.4256769,18.30320961,140,131.5395896,141.0690053
264,31,284,29.1,160,90,154.0757208,22.01081726,160,151.7381096,159.5460382
265,31,284,29.1,120,90,119.920116,19.986686,120,120.2157856,119.9273704
266,31,284,29.1,160,90,154.0106782,22.00152546,160,151.7208241,159.768435
267,31,284,29.1,180,90,179.6432347,19.96035941,180,179.9088169,180.3302587
268,31,284,29.1,120,90,122.789858,20.46497633,120,120.5217095,118.6238742
269,31,284,29.1,180,120,180.7757482,30.12929137,180,179.1687279,180.3967216
270,31,284,29.1,160,120,154.0967009,22.01381441,160,151.7524579,159.8342013
271,31,284,29.1,140,120,151.7673368,18.9709171,140,140.487479,139.9892462
272,31,284,29.1,120,165,118.7831159,19.79718598,120,120.1123231,120.0253784
273,31,284,29.1,100,165,103.107053,14.729579,100,99.28573093,99.70197944
274,31,284,29.1,80,165,75.60840505,10.80120072,80,71.4882577,80.4847787
275,31,284,29.1,180,165,180.2778946,20.03087718,180,179.9900916,180.3465546
276,31,284,29.1,200,165,193.0357632,21.44841813,200,186.7679277,199.7155181
277,31,284,29.1,160,120,153.4284292,21.91834703,160,151.6654477,160.0353127
278,31,284,29.1,180,120,180.183206,20.02035622,180,179.9622466,180.3749791
279,31,284,29.1,140,120,151.6958344,18.9619793,140,140.4521527,140.7350039
280,31,284,29.1,140,120,152.1965359,19.02456699,140,140.5037093,140.1817373
281,31,284,29.1,120,120,119.9192805,19.98654675,120,120.2146585,119.9509326
282,31,284,29.1,160,120,151.1411229,21.59158899,160,151.4201551,159.5298884
283,31,284,29.1,180,165,177.870725,29.64512083,180,178.8639089,180.2958686
284,31,284,29.1,180,165,176.7839794,19.64266438,180,179.6130976,180.3270274
285,31,284,29.1,80,165,77.38258143,11.05465449,80,71.68070983,80.77635244
286,31,284,29.1,180,165,176.8464683,19.64960759,180,179.6369473,180.3598613
287,31,284,29.1,180,210,176.8982591,19.65536212,180,179.6535579,180.3573262
288,31,284,29.1,140,240,152.4638553,19.05798191,140,140.5828794,139.9460349
289,31,284,29.1,200,480,193.6564256,32.27607093,200,185.9844918,201.0352444
290,31,284,29.1,80,570,65.36237181,9.337481687,80,65.01675466,78.65635373
291,31,284,29.1,120,450,120.704236,20.11737267,120,120.3506749,119.5287826
292,31,284,29.1,160,330,153.6485898,21.94979854,160,151.7324855,159.6324108
293,31,284,29.1,180,165,181.032439,20.11471544,180,180.1005858,180.2699805
294,31,284,29.1,120,480,120.6255734,20.10426223,120,120.3243715,119.5450043
295,31,284,29.1,180,480,182.6536918,20.29485464,180,180.242672,180.2284554
296,31,284,29.1,80,480,75.59769377,10.79967054,80,71.47192034,81.44876481
297,31,284,29.1,180,480,180.3124809,20.0347201,180,179.9892027,180.2319284
298,31,284,29.1,120,210,124.1660642,20.69434403,119.975,129.0544882,122.1172017
299,31,284,29.1,160,210,152.2937925,21.75625607,160,151.5436691,159.6890641
300,31,284,29.1,120,210,118.7721069,19.79535115,120,120.1084512,120.0329084
301,30,107,29.1,200,165,193.3018127,27.61454467,200,186.2441126,198.8993474
302,30,107,29.1,140,210,155.9227287,19.49034109,140,140.9467625,140.8995753
303,30,107,29.1,120,360,125.2791806,20.87986343,120,120.8231756,119.3165351
304,30,107,29.1,100,240,109.0202048,15.57431497,100,99.93493699,100.2983198
305,30,107,29.1,160,240,156.4823334,22.35461906,160,152.0202359,159.8538714
306,30,107,29.1,180,210,182.1306185,20.23673539,180,180.2105435,180.3326009
307,30,107,29.1,120,525,125.3259951,20.88766585,120,120.8382317,119.5623583
308,30,107,29.1,140,330,157.7984095,19.72480119,140,149.5216204,139.6113169
309,30,107,29.1,140,285,151.8565429,18.98206786,140,140.5166428,139.9635331
310,30,107,29.1,180,360,183.4345674,26.2049382,180,179.7674636,180.8494393
311,30,107,29.1,180,450,183.2577306,30.5429551,180,179.4679012,179.5151213
312,30,107,29.1,140,450,151.9154414,18.98943018,140,140.5359066,139.9467168
313,30,107,29.1,140,240,152.4780039,19.05975049,140,140.5911964,140.0131709
314,30,107,29.1,180,210,181.012692,20.11252133,180,180.1013464,180.3378115
315,30,107,29.1,140,120,152.4288153,19.05360191,140,140.5749656,140.0244604
316,30,107,29.1,200,240,191.4556949,21.27285499,200,186.6374068,199.7395362
317,30,107,29.1,120,765,118.9694001,19.82823335,120,120.1731096,120.028456
318,30,107,29.1,120,450,120.6884084,20.11473473,120,120.3504945,119.3909939
319,30,107,29.1,80,405,75.74614089,10.82087727,80,71.53344651,80.07117797
320,30,107,29.1,80,405,60.05997067,8.57999581,80,61.72280483,78.29365894
321,30,107,29.1,180,525,183.8029147,30.63381912,180,179.5173295,179.7139709
322,30,107,29.1,140,840,156.9971919,31.39943838,140.2,140.1881076,159.2423095
323,30,107,29.1,180,360,182.2264829,20.24738699,180,180.2417871,180.3325984
324,30,107,29.1,120,525,125.3343468,20.8890578,120,120.8408405,119.618183
325,30,107,29.1,120,210,125.3176723,20.88627872,120,120.835632,119.5067268
326,30,107,29.1,180,210,182.1334724,20.23705249,180,180.211868,180.336318
327,30,107,29.1,140,210,155.9148015,19.48935019,140,140.9434202,140.6683051
328,30,107,29.1,160,210,156.4782484,22.35403549,160,152.0185269,159.8422627
329,30,107,29.1,180,210,175.7033395,19.52259328,180,179.5246415,180.4131911
330,30,107,29.1,120,210,120.6368732,20.10614553,120,120.3335308,119.3942064
331,30,107,29.1,160,120,154.1699799,22.02428284,160,151.7779459,159.8303461
332,30,107,29.1,180,120,183.4022099,26.2003157,180,179.7582224,180.7431306
333,30,107,29.1,140,120,152.3861764,19.04827205,140,140.5603476,140.0236674
334,30,107,29.1,160,120,153.578404,21.939772,160,151.7114281,159.7737305
335,30,107,29.1,160,120,153.5968503,21.94240719,160,151.7180562,159.781459
336,30,107,29.1,160,330,153.6553456,21.95076366,160,151.736761,159.7110575
337,30,107,29.1,120,450,120.6954969,20.11591615,120,120.3518426,119.4177365
338,30,107,29.1,140,285,151.9241817,18.99052271,140,140.5382037,139.9333874
339,30,107,29.1,100,405,103.3014808,14.7573544,100,99.34906127,99.87940562
340,30,107,29.1,140,285,155.4818844,19.43523555,140,149.2775943,139.3018358
341,30,107,29.1,120,450,119.5045044,19.9174174,120,120.2193894,119.8286375
342,30,107,29.1,160,285,150.6890465,21.52700664,160,151.4106365,159.8137529
343,30,107,29.1,180,165,176.306753,19.58963922,180,179.5926916,180.400825
344,30,107,29.1,140,240,150.1254435,18.76568044,140,140.3354811,139.7554633
345,30,107,29.1,120,525,119.5564095,19.92606825,120,120.2364687,119.8255734
346,30,107,29.1,160,330,150.7261831,21.53231187,160,151.4235357,159.8110761
347,30,107,29.1,140,240,150.1262571,18.76578214,140,140.3361683,139.7633546
348,30,107,29.1,160,360,153.0723376,21.8674768,160,151.6759509,159.7658887
349,30,107,29.1,160,360,153.6633382,21.95190546,160,151.7414228,159.7878398
350,30,107,29.1,180,240,149.0335874,16.55928749,180,126.499368,180.3632236
351,30,107,29.1,140,285,152.5064099,19.06330124,140,140.6005024,140.0053566
352,30,107,29.1,160,330,153.6400774,21.94858249,160,151.7332909,159.787368
353,30,107,29.1,200,120,193.6041132,32.2673522,200,185.9720488,201.3811575
354,30,107,29.1,140,120,157.6920017,19.71150021,140,149.4875165,139.9676692
355,30,107,29.1,180,120,179.7780209,19.97533566,180,179.9556827,180.3579375
356,30,107,29.1,180,120,181.5159198,20.16843553,180,180.1381022,180.3382453
357,30,107,29.1,180,120,180.9159363,20.1017707,180,180.0702574,180.3420096
358,30,107,29.1,80,120,75.68105674,10.81157953,80,71.51268359,80.20490022
359,30,107,29.1,120,120,120.0250123,20.00416872,120,120.2619759,119.5990629
360,30,107,29.1,180,90,183.1471825,30.52453042,180,179.4312048,180.1093387
361,30,107,29.1,180,90,180.3533289,20.03925877,180,180.0145206,180.3450805
362,30,107,29.1,180,90,182.6665693,20.29628548,180,180.2562216,180.3166087
363,30,107,29.1,200,90,192.5395885,21.39328761,200,186.7346741,199.7264285
364,30,107,29.1,140,90,155.9013347,19.48766684,140,140.9392137,140.6820497
365,30,107,29.1,180,90,182.0707734,20.23008593,180,180.190551,180.3280015
366,30,107,29.1,120,90,125.2606201,20.87677002,120,120.8160788,119.393758
367,30,107,29.1,140,90,155.8546776,19.4818347,140,140.9237737,140.4903085
368,30,107,29.1,180,90,182.1066925,20.23407694,180,180.2004716,180.3111672
369,30,107,29.1,140,90,153.5291054,19.19113818,140,140.6756223,140.1297328
370,30,107,29.1,140,90,151.8217779,18.97772224,140,140.5057835,139.9833214
371,30,107,29.1,160,330,154.1957344,22.02796206,160,151.7859906,159.7915275
372,30,107,29.1,120,120,120.624958,20.10415967,120,120.3289428,119.4133214
373,30,107,29.1,180,405,178.5652821,29.76088035,180,178.961295,179.6885677
374,30,107,29.1,180,330,178.1825305,25.45464721,180,179.2073628,181.6801947
375,30,107,29.1,160,330,151.8789498,21.69699283,160,151.5436156,159.8279786
376,30,107,29.1,140,360,152.51575,19.06446875,140,140.6034199,140.0000402
377,30,107,29.1,100,480,103.3108311,14.75869016,100,99.352415,99.93508158
378,30,107,29.1,160,360,154.2456949,22.03509927,160,151.8033286,159.7872877
379,30,107,29.1,80,330,70.77463454,10.11066208,80,79.60888703,80.49546331
380,30,107,29.1,200,330,193.3600813,27.62286876,200,186.2631796,198.6670007
381,30,107,29.1,140,240,152.4928706,19.06160883,140,140.5954071,139.9963544
382,30,107,29.1,160,450,153.0916509,21.87023584,160,151.6828498,159.7723104
383,30,107,29.1,180,285,180.4638725,20.05154139,180,180.0507825,180.3472843
384,30,107,29.1,140,330,152.4760561,19.05950701,140,140.590588,140.0142796
385,30,107,29.1,180,285,181.642443,20.18249367,180,180.1797886,180.3424892
386,30,107,29.1,140,360,151.9267813,18.99084766,140,140.5394488,139.9402621
387,30,107,29.1,120,645,121.3079633,20.21799388,120,120.4240197,119.2011744
388,30,107,29.1,180,285,178.1243312,19.79159236,180,179.8,180.3709528
389,30,107,29.1,180,285,178.1458407,19.7939823,180,179.8075849,180.3763682
390,30,107,29.1,180,450,178.8546192,25.55065989,180,179.2985967,181.6247263
391,30,107,29.1,160,480,153.6823259,21.95461799,160,151.7469208,159.7414546
392,30,107,29.1,140,450,152.5302153,19.06627691,140,140.6083714,140.0001609
393,30,107,29.1,180,360,182.831814,20.314646,180,180.3108693,180.324069
394,30,107,29.1,120,645,126.0620151,21.01033585,119.975,129.2979697,121.252042
395,30,107,29.1,180,285,181.0525207,20.11694674,180,180.1155196,180.3490499
396,30,107,29.1,160,480,154.2638156,22.03768794,160,151.8085558,159.7422092
397,30,107,29.1,160,480,151.9188298,21.70268997,160,151.5560726,159.7678691
398,30,107,29.1,180,285,181.6417783,20.18241981,180,180.179581,180.3425741
399,30,107,29.1,120,570,120.6765323,20.11275538,120,120.3463519,119.3981759
400,30,107,29.1,140,330,151.8799276,18.98499095,140,140.5239473,139.9502225
401,31,0,29.1,180,240,181.6119242,20.17910269,180,180.1689565,180.3341431
402,31,0,29.1,120,645,120.7165107,20.11941845,120,120.3588396,119.4142222
403,31,0,29.1,200,240,192.0398343,21.33775937,200,186.6990034,199.7255509
404,31,0,29.1,200,570,193.7014354,32.28357257,200,186.0033147,200.8545263
405,31,0,29.1,120,570,120.6669784,20.11116307,120,120.3433676,119.3943412
406,31,0,29.1,100,480,103.3153926,14.7593418,100,99.35340679,99.91366927
407,31,0,29.1,200,480,194.0770741,38.81541482,200,185.7563242,192.4439957
408,31,0,29.1,100,480,103.2854754,14.75506791,100,99.34449484,99.86431238
409,31,0,29.1,200,480,193.3861825,27.6265975,200,186.2713327,198.5997646
410,31,0,29.1,160,405,153.6604811,21.9514973,160,151.7392312,159.7388485
411,31,0,29.1,180,240,179.8676791,19.98529768,180,179.9845547,180.3546461
412,31,0,29.1,100,405,103.2248982,14.74641403,100,99.32557276,99.70429467
413,31,0,29.1,200,525,193.6678822,32.27798037,200,185.9915348,201.021679
414,31,0,29.1,80,360,75.70294643,10.81470663,80,71.52082027,80.25199605
415,31,0,29.1,140,330,151.8606195,18.98257744,140,140.5192153,139.9862759
416,31,0,29.1,100,405,103.2609592,14.7515656,100,99.33640382,99.77960402
417,31,0,29.1,180,210,180.9724568,20.10805076,180,180.0896445,180.3511155
418,31,0,29.1,100,405,102.0860548,14.58372211,100.4,99.20984204,100.2368668
419,31,0,29.1,100,330,103.1901678,14.74145254,100,99.31472429,99.61875654
420,31,0,29.1,160,405,150.6880093,21.52685847,160,151.4111786,159.8508479
421,31,0,29.1,180,360,177.0032785,25.28618264,180,179.079876,181.7945256
422,31,0,29.1,140,210,150.0237004,18.75296255,140,140.3045664,139.8300844
423,31,0,29.1,200,165,186.7009565,20.74455072,200,186.1100445,199.7761304
424,31,0,29.1,80,330,87.54168529,12.50595504,80,89.51455569,82.94418594
425,31,0,29.1,180,210,181.5930103,20.17700114,180,180.1639147,180.3447231
426,31,0,29.1,140,240,151.8273579,18.97841974,140,140.5066604,139.9634365
427,31,0,29.1,180,210,181.5220148,20.16911276,180,180.1408722,180.3456301
428,31,0,29.1,200,210,192.5565641,21.39517379,200,186.7417089,199.7405866
429,31,0,29.1,120,480,125.2952155,20.88253592,120,120.8294834,119.2224296
430,31,0,29.1,160,360,156.5173971,22.35962816,160,152.0298894,159.7477239
431,31,0,29.1,120,450,125.289922,20.88165367,120,120.8256647,119.5225232
432,31,0,29.1,80,330,72.2527333,10.32181904,80,65.72860478,78.67148393
433,31,0,29.1,120,450,120.578618,20.09643633,120,120.3157671,119.3588755
434,31,0,29.1,140,240,152.3708717,19.04635896,140,140.555567,140.0323788
435,31,0,29.1,140,240,157.7048269,19.71310336,140,149.4915226,139.9346318
436,31,0,29.1,180,210,180.9077341,20.10085934,180,180.0698607,180.3634663
437,31,0,29.1,180,240,181.5363383,20.17070426,180,180.1449133,180.3397183
438,31,0,29.1,160,405,157.0712616,22.43875166,160,152.0841944,159.8434143
439,31,0,29.1,120,450,119.9893501,19.99822502,120,120.2512694,119.5728002
440,31,0,29.1,120,450,119.99614,19.99935667,120,120.2538234,119.5635768
441,31,0,29.1,180,240,180.9603078,20.10670087,180,180.0858497,180.3526676
442,31,0,29.1,120,525,118.87213,19.81202167,120,120.14186,120.0133116
443,31,0,29.1,200,525,193.3342183,27.61917404,200,186.254668,198.7747472
444,31,0,29.1,120,405,120.6479408,20.10799013,120,120.3352557,119.4464435
445,31,0,29.1,180,330,179.852666,19.98362956,180,179.978999,180.3484007
446,31,0,29.1,180,360,180.4647221,20.05163579,180,180.0510479,180.3471757
447,31,0,29.1,80,600,81.06899732,11.58128533,80,72.11740092,82.24214871
448,31,0,29.1,180,360,180.4532288,20.05035876,180,180.0465917,180.3404806
449,31,0,29.1,180,690,181.4883772,30.24806287,180,179.272192,179.9362483
450,31,0,29.1,180,405,181.0935383,25.87050547,180,179.513185,181.429098
451,31,0,29.1,80,405,75.68385167,10.81197881,80,71.51052526,80.27656072
452,31,0,29.1,200,405,193.8574659,27.6939237,200,186.2942128,199.3764715
453,31,0,29.1,120,525,120.6214318,20.10357197,120,120.3261091,119.4597009
454,31,0,29.1,120,600,120.064886,20.01081433,120,120.2726988,119.6628621
455,31,0,29.1,180,285,181.5522236,20.17246929,180,180.1490091,180.3295253
456,31,0,29.1,180,330,181.6020243,20.1780027,180,180.1636989,180.3149992
457,31,0,29.1,200,480,192.7512555,27.53589364,200,186.1904076,198.9025871
458,31,0,29.1,100,525,108.5348665,15.50498093,100,99.90333616,100.4225319
459,31,0,29.1,120,645,124.745732,20.79095533,120,120.7765468,119.4666548
460,31,0,29.1,160,480,155.9567079,22.2795297,160,151.9769169,159.8044469
461,31,0,29.1,120,765,124.7866613,20.79777688,120,120.7901978,119.6060456
462,31,0,29.1,180,360,181.0518541,20.11687268,180,180.1140123,180.3368898
463,31,0,29.1,120,810,118.959504,19.826584,120,120.1704515,120.0125352
464,31,0,29.1,180,285,148.3902688,16.48780764,180,126.4175539,180.1629499
465,31,0,29.1,180,525,183.4920063,26.21314376,180,179.7854054,180.9330797
466,31,0,29.1,200,765,194.3083007,32.38471678,200,186.0720099,200.882426
467,31,0,29.1,180,405,181.6552895,20.18392106,180,180.1825022,180.3286027
468,31,0,29.1,140,480,151.9325578,18.99156973,140,140.540387,139.9202653
469,31,0,29.1,140,480,151.9244675,18.99055844,140,140.5374269,139.916516
470,31,0,29.1,100,645,103.3021339,14.7574477,100,99.34926527,99.88101418
471,31,0,29.1,140,360,152.4674296,19.0584287,140,140.5870272,140.0024811
472,31,0,29.1,160,450,154.1894108,22.02705869,160,151.7822831,159.7299954
473,31,0,29.1,160,450,165.4462977,23.63518539,160,169.7155696,163.0805993
474,31,0,29.1,180,330,181.6001664,20.17779627,180,180.1639847,180.3234
475,31,0,29.1,160,450,153.5916319,21.9416617,160,151.7142609,159.7004951
476,31,0,29.1,100,450,103.2078757,14.74398224,100,99.31679117,99.55644874
477,31,0,29.1,160,405,154.1447881,22.02068401,160,151.7674786,159.7617214
478,31,0,29.1,120,360,124.1593326,20.6932221,119.975,129.0575821,121.9711151
479,31,0,29.1,160,285,154.1371024,22.01958606,160,151.7646448,159.7555399
480,31,0,29.1,200,165,190.7714726,21.19683029,200,186.5410837,199.7336543
481,31,0,29.1,200,240,193.2500484,27.60714977,200,186.2244789,199.3616849
482,31,0,29.1,180,240,183.6812195,30.61353658,180,179.4784503,180.1885641
483,31,0,29.1,120,210,120.5004249,20.08340415,120,120.2891772,119.3872343
484,31,0,29.1,180,120,182.6587083,20.29541203,180,180.2520339,180.301286
485,31,0,29.1,80,240,67.85057488,9.692939269,83.24,94.60511787,83.70450287
486,31,0,29.1,120,210,119.9203307,19.98672178,120,120.227112,119.6167899
487,31,0,29.1,160,285,151.2235286,21.60336123,160,151.4541236,159.7432332
488,31,0,29.1,140,210,150.6200037,18.82750046,140,140.3669311,139.8104981
489,31,0,29.1,100,240,103.7526687,14.82180981,100,99.36739649,99.31150178
490,31,0,29.1,180,240,176.8634613,19.6514957,180,179.6439875,180.3740173
491,31,0,29.1,180,285,176.9157216,19.6573024,180,179.6603116,180.3673404
492,31,0,29.1,180,165,176.7909245,19.64343606,180,179.6217627,180.3873664
493,31,0,29.1,160,285,153.5362788,21.93375411,160,151.6991359,159.8727557
494,31,0,29.1,120,360,119.9809188,19.9968198,120,120.2482028,119.5813648
495,31,0,29.1,180,165,164.3189291,18.25765879,180,153.2003888,178.0407663
496,31,0,29.1,180,285,180.9516048,20.10573387,180,180.0826981,180.3496978
497,31,0,29.1,200,285,191.4109669,21.26788521,200,186.6230024,199.741169
498,31,0,29.1,160,480,155.369633,22.19566186,160,151.9122382,159.7588129
499,31,0,29.1,100,525,107.9518381,15.42169116,100,99.8416536,100.1689489
500,31,0,29.1,180,360,181.0561555,20.11735061,180,180.1149228,180.3322585
501,30,107,29.1,160,570,157.1613912,22.45162731,160,152.1140797,159.7786294
502,30,107,29.1,200,240,190.260918,21.140102,200,186.5033384,199.7464018
503,30,107,29.1,120,360,120.6020261,20.10033768,120,120.3191814,119.4758094
504,30,107,29.1,200,600,193.6497751,32.27496252,200,185.9837135,201.0907959
505,30,107,29.1,200,480,193.3408695,27.62012421,200,186.2571786,198.7164897
506,30,107,29.1,100,480,103.2562936,14.75089909,100,99.33537953,99.78286409
507,30,107,29.1,140,360,152.4589983,19.05737479,140,140.5839606,139.9989258
508,30,107,29.1,120,600,120.0728716,20.01214527,120,120.2777915,119.594375
509,30,107,29.1,140,360,150.7329028,18.84161285,140,140.4047949,139.7963621
510,30,107,29.1,160,480,154.2261518,22.0323074,160,151.7959249,159.7634466
511,30,107,29.1,180,285,181.0077544,20.11197271,180,180.0946075,180.2894612
512,30,107,29.1,160,480,153.6548979,21.9506997,160,151.7374872,159.7472639
513,30,107,29.1,160,450,153.6253573,21.94647961,160,151.7226302,159.560833
514,30,107,29.1,160,525,155.9992903,22.2856129,160,151.9910842,159.775796
515,30,107,29.1,120,690,120.108316,20.01805267,120,120.2897291,119.584704
516,30,107,29.1,180,285,180.3612593,20.04013992,180,180.01873,180.3603943
517,30,107,29.1,140,480,152.5228051,19.06535064,140,140.6043245,139.9709612
518,30,107,29.1,140,360,152.5008776,19.0626097,140,140.5953099,139.9416705
519,30,107,29.1,180,285,181.0255346,20.11394829,180,180.105358,180.3361707
520,30,107,29.1,120,600,119.4991903,19.91653172,120,120.2185956,119.802607
521,30,107,29.1,120,570,119.7718754,17.11026791,116.2637352,120.5489636,112.2649969
522,30,107,29.1,180,285,181.5912764,20.17680849,180,180.1633731,180.3449446
523,30,107,29.1,160,450,154.214839,22.03069129,160,151.7910921,159.7272003
524,30,107,29.1,180,240,181.5821344,20.17579271,180,180.1561869,180.3052951
525,30,107,29.1,120,720,120.1080848,20.01801413,120,120.2896569,119.5846112
526,30,107,29.1,80,450,75.73499947,10.81928564,80,71.5312655,80.18880707
527,30,107,29.1,180,240,182.7279229,20.30310254,180,180.2766853,180.3210153
528,30,107,29.1,180,285,181.0114828,20.11238698,180,180.1014018,180.3420477
529,30,107,29.1,80,570,75.78494335,10.82642048,80,71.54643306,80.2480971
530,30,107,29.1,200,405,176.666371,19.62959678,200,159.9717558,199.8776561
531,30,107,29.1,140,330,151.8772863,18.98466079,140,140.5231223,139.9517259
532,30,107,29.1,120,450,120.58922,15.0736525,118.5221479,120.928163,115.6006853
533,30,107,29.1,180,765,179.1811169,29.86351948,180,179.0349572,179.3996462
534,30,107,29.1,160,405,152.4337784,21.77625406,160,151.5947573,159.7800891
535,30,107,29.1,180,240,146.0363302,16.22625891,180,126.1622742,180.2024728
536,30,107,29.1,160,360,154.1741439,22.0248777,160,151.7783804,159.7885381
537,30,107,29.1,180,285,181.0098471,20.11220523,180,180.1008908,180.3422567
538,30,107,29.1,180,240,181.5721526,20.17468362,180,180.1569664,180.3433061
539,30,107,29.1,200,450,193.3300062,27.61857231,200,186.2529192,198.8267217
540,30,107,29.1,180,360,181.625949,20.180661,180,180.1742035,180.3405148
541,30,107,29.1,120,600,124.7673731,20.79456218,120,120.7846059,119.4100233
542,30,107,29.1,160,450,155.8882869,22.26975527,160,151.9538126,159.8365113
543,30,107,29.1,80,450,82.14814263,11.73544895,80,72.21231894,82.12235583
544,30,107,29.1,200,405,193.2549919,27.60785599,200,186.2273223,199.2255778
545,30,107,29.1,80,360,65.20820219,9.315457456,80,64.96903086,79.28966893
546,30,107,29.1,120,600,120.6224643,20.10374405,120,120.32903,119.388423
547,30,107,29.1,100,450,103.2323958,14.74748511,100,99.32748168,99.70925465
548,30,107,29.1,100,285,103.1679313,14.7382759,100,99.30647928,99.53971377
549,30,107,29.1,180,165,180.9015653,20.10017392,180,180.0666346,180.3520092
550,30,107,29.1,120,360,119.9693021,19.99488368,120,120.2463064,119.5289073
551,30,107,29.1,120,360,119.9921969,19.99869948,120,120.2530248,119.5500454
552,30,107,29.1,140,285,150.6763283,18.83454104,140,140.3879892,139.8452732
553,30,107,29.1,180,210,176.8493228,19.64992476,180,179.6400042,180.3799054
554,30,107,29.1,160,450,151.3020864,21.61458377,160,151.4825596,159.7847192
555,30,107,29.1,120,600,120.0977115,20.01628525,120,120.2859836,119.5923964
556,30,107,29.1,160,360,151.266073,21.609439,160,151.4713103,159.8390007
557,30,107,29.1,100,360,103.8309029,14.83298613,100.2,99.3957314,99.65838561
558,30,107,29.1,120,285,120.5249341,20.08748902,120,120.2976991,119.3731743
559,30,107,29.1,180,165,180.3363596,20.03737329,180,180.00922,180.3472485
560,30,107,29.1,180,90,180.8785685,20.09761872,180,180.057286,180.3345385
561,30,107,29.1,160,165,156.3296601,22.33280859,160,151.9712473,160.0306916
562,30,107,29.1,120,765,120.1358185,20.02263642,120,120.2974538,119.6196403
563,30,107,29.1,140,405,151.9204088,18.9900511,140,140.5365921,139.9271806
564,30,107,29.1,120,600,123.6197106,20.6032851,120,120.6639551,119.5058868
565,30,107,29.1,180,570,183.5125185,26.21607407,180,179.7918127,180.9629488
566,30,107,29.1,160,570,153.6683358,21.9526194,160,151.7416847,159.7270096
567,30,107,29.1,180,285,180.9733694,20.10815216,180,180.0881974,180.3346719
568,30,107,29.1,120,285,119.9184998,19.98641663,120,120.2261071,119.6280037
569,30,107,29.1,140,120,157.6627389,19.70784236,140,149.4783759,140.0430492
570,30,107,29.1,140,120,152.3187842,19.03984803,140,140.5375646,140.0286095
571,30,107,29.1,80,285,75.65443403,10.80777629,80,71.5048007,80.31005161
572,30,107,29.1,160,285,151.2116833,21.60166904,160,151.4512897,159.7966188
573,30,107,29.1,140,120,152.2813913,19.03517391,140,140.5271836,140.0749568
574,30,107,29.1,160,210,154.0932811,22.01332587,160,151.7526889,159.8926532
575,30,107,29.1,160,450,153.6245704,21.9463672,160,151.7284471,159.8107411
576,30,107,29.1,180,405,183.4640883,26.20915547,180,179.7753857,180.9812132
577,30,107,29.1,160,405,154.1730137,22.02471624,160,151.7771613,159.75471
578,30,107,29.1,140,285,155.3230425,19.41538031,140,140.8781445,140.3354528
579,30,107,29.1,140,165,152.3338667,19.04173334,140,140.5431419,140.0367333
580,30,107,29.1,100,210,103.1247921,14.73211316,100,99.29473639,99.58947755
581,30,107,29.1,140,360,146.5226153,18.31532691,140,131.5811289,141.3455645
582,30,107,29.1,180,285,181.555904,20.17287822,180,180.1505918,180.3331368
583,30,107,29.1,180,240,180.9543688,20.10604098,180,180.0831284,180.3452629
584,30,107,29.1,120,765,124.7877453,20.79795755,120,120.7914025,119.4791006
585,30,107,29.1,120,720,118.9578562,19.82630937,120,120.1682046,120.0596687
586,30,107,29.1,120,600,120.6590802,20.1098467,120,120.3400344,119.4150684
587,30,107,29.1,160,450,154.1883775,22.02691107,160,151.7815273,159.7137869
588,30,107,29.1,180,240,180.3725125,20.04139028,180,180.0183476,180.3222208
589,30,107,29.1,120,570,120.6550073,20.10916788,120,120.3400613,119.3775876
590,30,107,29.1,120,360,123.4934423,20.58224038,120,120.6240806,118.7289759
591,30,107,29.1,120,285,120.5511529,20.09185882,120,120.3032905,119.4553902
592,30,107,29.1,120,285,120.4956509,20.08260848,120,120.287686,119.3853181
593,30,107,29.1,120,210,120.4703099,20.07838498,120,120.2806365,119.3512495
594,30,107,29.1,140,90,151.0789658,18.88487073,140,140.3933244,140.0027568
595,30,107,29.1,80,165,77.95213603,11.13601943,80,71.73861672,80.92845321
596,30,107,29.1,140,120,151.1208915,18.89011144,140,140.4007907,139.8702857
597,30,107,29.1,140,165,151.1901324,18.89876655,140,140.4263165,139.9060631
598,30,107,29.1,160,240,151.7605477,21.68007824,160,151.5061981,159.9886751
599,30,107,29.1,140,285,151.7988413,18.97485516,140,140.4994851,140.0130857
600,30,107,29.1,140,360,151.8659349,18.98324186,140,140.5195765,139.9581872
601,31,284,29.1,180,240,181.5132065,20.16813406,180,180.1381208,180.3467554
602,31,284,29.1,180,120,181.465353,20.162817,180,180.1223071,180.3447057
603,31,284,29.1,200,120,191.9413049,21.32681166,200,186.6651951,199.7095668
604,31,284,29.1,140,285,152.3858341,19.04822926,140,140.5606737,140.0322166
605,31,284,29.1,160,210,152.931326,21.84733229,160,151.6293058,159.8718343
606,31,284,29.1,140,165,151.8238162,18.97797703,140,140.5051211,139.957098
607,31,284,29.1,180,120,180.9352367,20.10391519,180,180.0775853,180.351789
608,31,284,29.1,180,120,180.9449839,20.10499821,180,180.0797639,180.3423802
609,31,284,29.1,80,165,75.67913411,10.81130487,80,71.50948472,80.28021955
610,31,284,29.1,180,165,151.3396699,21.61995284,180,126.1280166,180.7911933
611,31,284,29.1,80,120,41.13030117,5.87575731,80,49.91736118,76.81271689
612,31,284,29.1,160,120,154.0534434,22.00763477,160,151.7415442,160.0059965
613,31,284,29.1,120,210,124.6417651,20.77362752,120,120.7406071,119.3084795
614,31,284,29.1,100,165,103.1454932,14.73507046,100,99.29990348,99.5604021
615,31,284,29.1,120,120,118.4434618,16.92049454,116.2934055,120.3705538,112.586435
616,31,284,29.1,80,210,75.66653287,10.8095047,80,71.50987908,80.5792293
617,31,284,29.1,180,120,180.9801246,20.10890273,180,180.0907405,180.3378906
618,31,284,29.1,120,285,118.8490818,19.8081803,120,120.1342275,120.0160093
619,31,284,29.1,180,120,177.4093325,19.71214806,180,179.6957957,180.3853299
620,31,284,29.1,120,285,118.7742787,19.79571312,120,120.1095627,120.0218314
621,31,284,29.1,120,120,123.0900613,13.67667348,118.8934971,129.8230553,122.9320044
622,31,284,29.1,160,240,151.7870619,21.68386599,160,151.5136141,159.9131797
623,31,284,29.1,180,645,183.3376178,26.19108826,180,179.735448,180.9715571
624,31,284,29.1,120,285,119.9970263,19.99950438,120,120.2515019,119.6356249
625,31,284,29.1,100,165,103.1148325,14.73069036,100,99.28816096,99.68358077
626,31,284,29.1,200,645,193.9262413,27.70374876,200,186.318727,198.9114383
627,31,284,29.1,100,165,103.3149045,14.75927207,100,99.35412043,100.0123794
628,31,284,29.1,140,165,152.4847373,19.06059216,140,140.5932996,140.0093383
629,31,284,29.1,80,120,75.73343518,10.81906217,80,71.52817856,80.18446431
630,31,284,29.1,160,285,154.1882798,22.02689711,160,151.783229,159.7849976
631,31,284,29.1,180,405,181.0015847,20.11128719,180,180.0974439,180.3351488
632,31,284,29.1,200,840,193.7064772,32.28441287,200,186.0061887,200.8453092
633,31,284,29.1,120,285,120.1416272,20.02360453,120,120.2992682,119.6219717
634,31,284,29.1,160,285,150.7437778,21.5348254,160,151.4285986,159.7667904
635,31,284,29.1,160,285,154.2579595,22.03685136,160,151.8071596,159.7688018
636,31,284,29.1,180,330,179.8492058,19.98324509,180,179.9792174,180.3610881
637,31,284,29.1,180,765,180.906793,30.15113217,180,179.2131258,179.4119825
638,31,284,29.1,120,285,123.0043633,20.50072722,120,120.5917443,119.1085771
639,31,284,29.1,160,285,154.2246651,22.03209501,160,151.7958936,159.7834533
640,31,284,29.1,140,165,153.6751531,19.20939414,140,140.7251397,140.1217917
641,31,284,29.1,180,330,179.9116442,19.99018269,180,179.9987208,180.3531108
642,31,284,29.1,140,165,153.6283231,19.20354039,140,140.7113778,140.1651561
643,31,284,29.1,120,285,120.6223172,20.10371953,120,120.3298501,119.3644666
644,31,284,29.1,120,285,120.5185167,20.08641945,120,120.2943954,119.4064447
645,31,284,29.1,180,330,182.5873491,20.28748323,180,180.2345075,180.3553022
646,31,284,29.1,200,330,191.7908381,21.31009312,200,186.6212262,199.757363
647,31,284,29.1,120,285,113.5030848,18.9171808,119.8547475,116.8283922,117.1380412
648,31,284,29.1,120,285,118.91801,19.81966833,120,120.1579234,119.9839318
649,31,284,29.1,120,120,113.1827797,12.57586441,114.5605678,117.7047824,118.771919
650,31,284,29.1,180,645,183.46364,26.20909143,180,179.778277,180.7733917
651,31,284,29.1,200,720,193.6908585,32.28180975,200,186.0000109,200.9131158
652,31,284,29.1,140,450,173.1770649,21.64713311,140,176.251789,145.4435278
653,31,284,29.1,160,285,156.5809489,22.36870699,160,152.0523389,159.7585302
654,31,284,29.1,180,330,182.7610612,20.30678458,180,180.2879026,180.324945
655,31,284,29.1,80,120,75.69839403,10.81405629,80,71.51679996,80.18367572
656,31,284,29.1,160,285,154.1671518,22.02387883,160,151.7757633,159.7813113
657,31,284,29.1,180,360,182.708295,20.30092167,180,180.2705543,180.323523
658,31,284,29.1,140,165,151.7737657,18.97172071,140,140.4907863,140.01065
659,31,284,29.1,140,165,151.7817462,18.97271828,140,140.4937122,140.0144619
660,31,284,29.1,120,450,141.7732339,17.72165424,118.1007193,156.6215353,118.7664134
661,31,284,29.1,180,330,177.9590626,19.77322918,180,179.7475101,180.3839042
662,31,284,29.1,100,165,104.8946009,14.98494299,100,99.48712341,99.00386888
663,31,284,29.1,120,285,121.2057458,20.20095763,120,120.3912246,119.1840442
664,31,284,29.1,180,330,178.1221233,19.79134703,180,179.7993103,180.3712349
665,31,284,29.1,160,285,152.4565466,21.77950666,160,151.6031684,159.7990692
666,31,284,29.1,200,330,192.6627479,21.40697199,200,186.7753098,199.7311022
667,31,284,29.1,180,360,176.9323858,19.65915398,180,179.6650839,180.3611296
668,31,284,29.1,200,360,192.6570344,21.40633716,200,186.772659,199.7236687
669,31,284,29.1,160,285,153.63793,21.94827571,160,151.731754,159.7550731
670,31,284,29.1,160,285,154.1974221,22.02820316,160,151.7865178,159.7889838
671,31,284,29.1,180,330,182.7131018,20.30145576,180,180.2707566,180.3106636
672,31,284,29.1,180,360,181.5031981,20.16702201,180,180.1323962,180.3235436
673,31,284,29.1,160,285,153.6455598,21.94936569,160,151.7358695,159.8146364
674,31,284,29.1,80,120,75.72062154,10.81723165,80,71.52417606,80.10289888
675,31,284,29.1,180,360,178.6006558,19.84451731,180,179.8240217,180.3340063
676,31,284,29.1,80,120,60.0017862,8.571683743,80,61.70463017,78.51076749
677,31,284,29.1,140,165,152.3371861,19.04214826,140,140.5454779,140.059907
678,31,284,29.1,180,330,182.7045471,20.30050523,180,180.2702497,180.3321653
679,31,284,29.1,100,165,103.1188943,14.73127061,100,99.28986278,99.66384132
680,31,284,29.1,140,165,141.0603586,17.63254483,140,122.6042306,143.7227637
681,31,284,29.1,180,330,181.4890487,20.16544986,180,180.1262443,180.3090243
682,31,284,29.1,120,285,118.2014662,19.70024437,120,120.0519373,120.194566
683,31,284,29.1,140,165,152.1745062,19.02181328,140,140.4959619,140.1775678
684,31,284,29.1,180,330,178.396476,19.82183067,180,179.7658732,180.4131554
685,31,284,29.1,180,210,162.5131397,18.05701552,180,152.9954636,177.8874968
686,31,284,29.1,200,330,188.8960111,20.98844568,200,186.3174269,199.7872487
687,31,284,29.1,180,360,178.4696648,19.82996276,180,179.7848372,180.3670689
688,31,284,29.1,200,450,189.5623979,27.08034256,200,185.794331,199.2196088
689,31,284,29.1,140,165,152.1159492,19.01449365,140,140.478537,140.2276073
690,31,284,29.1,120,285,113.4437484,18.9072914,119.8547475,116.8046611,117.1900611
691,31,284,29.1,100,165,103.1394445,14.73420636,100,99.29325055,99.6861715
692,31,284,29.1,200,690,193.530391,32.25506517,200,185.9477215,201.7708224
693,31,284,29.1,80,120,75.6281756,10.80402509,80,71.49313413,80.45572406
694,31,284,29.1,140,165,152.3142677,19.03928346,140,140.5370199,140.0478891
695,31,284,29.1,120,210,119.0052272,17.00074674,116.8637352,120.4273267,112.5990729
696,31,284,29.1,100,165,103.0872106,14.72674437,100,99.27780071,99.78943944
697,31,284,29.1,100,165,103.0760538,14.72515054,100,99.2730166,99.84622468
698,31,284,29.1,120,285,118.6657748,19.77762913,120,120.0722057,120.0772242
699,31,284,29.1,180,690,183.6143296,30.60238827,180,179.454092,181.0085347
700,31,284,29.1,180,360,180.2382367,20.02647074,180,179.9768379,180.3434578
701,31,0,29.1,140,165,151.9346301,18.99182876,140,140.5419005,139.9357945
702,31,0,29.1,120,285,120.7057893,20.11763155,120,120.3554907,119.4099189
703,31,0,29.1,160,285,151.8850602,21.69786574,160,151.5450912,159.8010027
704,31,0,29.1,120,120,119.9852143,14.99815179,119.6999256,120.8607941,116.1004519
705,31,0,29.1,180,360,177.5677444,19.72974938,180,179.7448446,180.3610092
706,31,0,29.1,100,165,104.4632081,14.92331544,100,99.46934177,99.37888254
707,31,0,29.1,100,165,104.4381395,14.91973421,100,99.46021214,99.27835666
708,31,0,29.1,120,285,120.7049512,20.11749187,120,120.3552289,119.4095825
709,31,0,29.1,180,360,180.4251895,20.04724328,180,180.0365341,180.3318177
710,31,0,29.1,200,360,187.3547627,20.81719586,200,186.1960006,199.7777348
711,31,0,29.1,200,360,192.5942364,21.3993596,200,186.7534763,199.7357736
712,31,0,29.1,120,285,120.6276944,20.10461573,120,120.3289315,119.4383171
713,31,0,29.1,180,360,180.9516011,20.10573346,180,180.0800986,180.3252078
714,31,0,29.1,120,285,109.9766645,18.32944408,116.2,102.4648914,115.9348553
715,31,0,29.1,180,330,182.7134659,20.30149621,180,180.2708704,180.3106171
716,31,0,29.1,180,330,176.9051478,19.65612753,180,179.6578749,180.3768548
717,31,0,29.1,180,330,181.0464648,20.11627387,180,180.113195,180.3457418
718,31,0,29.1,120,285,118.3956077,19.73260128,120,120.1143121,120.2246947
719,31,0,29.1,120,285,118.9362059,19.82270098,120,120.163174,120.0031839
720,31,0,29.1,180,330,175.7697787,19.52997541,180,179.5449616,180.4006209
721,31,0,29.1,160,285,150.1174516,21.44535023,160,151.3520923,159.7980842
722,31,0,29.1,80,120,76.26461879,10.89494554,80,71.57583198,80.28888146
723,31,0,29.1,200,525,186.8130163,26.68757376,200,185.5363965,198.3223038
724,31,0,29.1,180,210,175.6951638,19.52168487,180,179.5212216,180.4060721
725,31,0,29.1,120,210,98.67639506,16.44606584,117.6,84.51805386,113.0931326
726,31,0,29.1,140,165,152.4337569,19.05421961,140,140.5765092,140.0216476
727,31,0,29.1,100,165,106.1844113,15.16920161,100,99.64784537,99.55303735
728,31,0,29.1,120,285,115.4954778,19.2492463,118.8769697,117.0898731,115.4467002
729,31,0,29.1,140,165,152.4032143,19.05040179,140,140.5678349,140.0557413
730,31,0,29.1,180,360,181.518965,20.16877389,180,180.1412187,180.358265
731,31,0,29.1,160,285,155.9157163,22.27367376,160,151.9589161,159.6530413
732,31,0,29.1,160,285,155.8475436,22.2639348,160,151.9436842,160.0045171
733,31,0,29.1,80,120,65.23746001,9.319637144,80,64.97210719,78.36780749
734,31,0,29.1,120,285,120.5766157,20.09610262,120,120.3160077,119.3341744
735,31,0,29.1,140,165,151.8019888,18.9752486,140,140.4974369,139.9528135
736,31,0,29.1,80,120,75.66947735,10.80992534,80,71.50993272,80.32325977
737,31,0,29.1,140,165,152.3971629,19.04964536,140,140.5659446,140.0591857
738,31,0,29.1,160,285,154.1425725,22.0203675,160,151.7693848,159.8716561
739,31,0,29.1,120,285,118.8836188,19.81393647,120,120.1458817,120.0059742
740,31,0,29.1,100,165,103.2202841,14.74575487,100,99.32283233,99.65241245
741,31,0,29.1,180,570,183.3844477,26.19777824,180,179.7492098,180.95403
742,31,0,29.1,160,285,157.0714555,22.43877936,160,152.0851211,159.8786538
743,31,0,29.1,120,285,125.9029606,20.98382677,120,120.8980204,119.7702104
744,31,0,29.1,180,360,180.4072877,20.04525419,180,180.0335406,180.3585954
745,31,0,29.1,180,360,180.3886365,20.04318183,180,180.0277147,180.3609783
746,31,0,29.1,180,405,180.4271205,20.04745783,180,180.0388695,180.347898
747,31,0,29.1,180,360,180.4316447,20.04796052,180,180.0407158,180.3514017
748,31,0,29.1,200,405,189.056984,21.00633156,200,186.369008,199.7789278
749,31,0,29.1,80,120,79.23022748,11.31860393,80,71.90260693,80.93415432
750,31,0,29.1,140,165,152.4137669,19.05172086,140,140.5676667,139.9828997
751,31,0,29.1,120,285,121.8191634,20.3031939,120,120.4606674,119.0515049
752,31,0,29.1,180,360,180.3803079,20.04225643,180,180.0251131,180.3620424
753,31,0,29.1,120,285,124.7570518,20.79284197,120,120.7809489,119.4081288
754,31,0,29.1,100,165,103.241895,14.74884214,100,99.331315,99.80860537
755,31,0,29.1,180,90,138.9309924,15.43677693,180,108.6849056,181.5614807
756,31,0,29.1,180,330,181.0206906,20.11341007,180,180.1021127,180.3204625
757,31,0,29.1,100,165,103.2761496,14.75373566,100,99.34071568,99.80351079
758,31,0,29.1,140,165,155.4017006,19.42521258,140,140.9040135,140.5706075
759,31,0,29.1,160,285,154.2422283,22.03460404,160,151.8018127,159.7747468
760,31,0,29.1,200,645,193.3467038,27.62095769,200,186.2581349,198.7837091
761,31,0,29.1,120,285,125.3348368,20.88913947,120,120.8414266,119.5543628
762,31,0,29.1,100,165,103.2862993,14.75518561,100.2,99.3456183,99.99846925
763,31,0,29.1,180,210,164.4683266,18.27425851,180,153.2479211,178.4286064
764,31,0,29.1,140,165,152.5157718,19.06447148,140,140.6038597,140.0083822
765,31,0,29.1,160,285,153.0871319,21.86959027,160,151.6792729,159.6902925
766,31,0,29.1,180,330,178.7083056,19.8564784,180,179.8606789,180.348825
767,31,0,29.1,160,285,153.0509187,21.86441696,160,151.6670952,159.7093432
768,31,0,29.1,120,120,117.8507034,13.0945226,119.8999256,120.9183806,122.5899193
769,31,0,29.1,140,165,162.5960955,20.32451194,140,158.4100663,141.2527361
770,31,0,29.1,180,360,181.6086965,20.17874406,180,180.1688144,180.342719
771,31,0,29.1,120,120,118.2427507,14.78034384,119.4999256,120.6765156,117.3038479
772,31,0,29.1,120,285,124.2070681,20.70117802,120,120.7269899,119.783201
773,31,0,29.1,200,405,186.2303821,20.69226468,200,186.0860867,199.7960153
774,31,0,29.1,120,210,120.3310509,17.19015013,116.8637352,120.6031954,112.2816189
775,31,0,29.1,160,285,153.650025,21.95000357,160,151.7342329,159.6835451
776,31,0,29.1,160,285,154.2787273,22.03981819,160,151.8132137,159.7197335
777,31,0,29.1,160,285,153.6875528,21.95536469,160,151.7459552,159.6269812
778,31,0,29.1,140,165,152.5232617,19.06540771,140,140.6044671,139.9707013
779,31,0,29.1,140,165,151.8741408,18.9842676,140,140.5225728,139.9618707
780,31,0,29.1,180,360,176.3439682,19.59377424,180,179.5986866,180.3430075
781,31,0,29.1,80,120,75.77910713,10.82558673,80,71.54417699,80.22371765
782,31,0,29.1,180,525,181.7566678,25.96523826,180,179.6037856,181.2126059
783,31,0,29.1,140,165,151.8951451,18.98689314,140,140.5269685,139.9081432
784,31,0,29.1,120,120,124.0404444,15.50505555,119.1221479,121.2866255,113.191661
785,31,0,29.1,180,360,181.0154663,20.11282959,180,180.102213,180.337457
786,31,0,29.1,80,120,66.00082733,9.428689619,80,62.37979875,76.61053462
787,31,0,29.1,180,330,181.063567,20.11817411,180,180.118537,180.3435568
788,31,0,29.1,180,330,181.0367838,20.1151982,180,180.110171,180.3469787
789,31,0,29.1,120,210,123.835215,17.690745,115.2474725,120.9790603,112.3164952
790,31,0,29.1,80,120,81.5873391,11.65533416,80,72.15887777,81.90603215
791,31,0,29.1,80,120,75.75044679,10.8214924,80,71.53479151,80.09969835
792,31,0,29.1,180,360,181.0749313,20.11943681,180,180.1216538,180.3380232
793,31,0,29.1,180,360,181.6560626,20.18400696,180,180.1831768,180.3325857
794,31,0,29.1,120,285,109.688007,18.2813345,118.8769697,113.7598913,111.7643949
795,31,0,29.1,140,165,151.3143842,18.91429803,140,140.4672934,139.8771108
796,31,0,29.1,160,285,153.6902036,21.95574337,160,151.7493815,159.7295808
797,31,0,29.1,100,165,124.6458403,17.80654861,103.0318376,135.0929525,105.4380585
798,31,0,29.1,160,285,154.2441588,22.03487983,160,151.8024157,159.7718371
799,31,0,29.1,140,165,148.9917326,18.62396658,140,140.2213535,139.6118072
800,31,0,29.1,80,120,75.77351944,10.82478849,80,71.54199855,80.25252169
801,30,107,29.1,180,360,181.5684055,20.17426728,180,180.1544968,180.3315396
802,30,107,29.1,120,285,120.0146545,20.00244242,120,120.2570083,119.6427004
803,30,107,29.1,160,285,153.5370141,21.93385916,160,151.6989325,159.8538815
804,30,107,29.1,120,285,118.8331195,19.80551992,120,120.1288084,120.0215512
805,30,107,29.1,160,285,153.573129,21.93901843,160,151.7110796,159.8349789
806,30,107,29.1,120,285,123.5425828,20.59043047,120,120.6389972,119.1245376
807,30,107,29.1,140,405,173.1684397,21.64605496,140,176.2477956,145.5891189
808,30,107,29.1,140,165,151.8638022,18.98297528,140,140.5189103,139.9594011
809,30,107,29.1,160,285,152.4384195,21.77691707,160,151.596207,159.7730938
810,30,107,29.1,160,285,152.489186,21.78416943,160,151.6129307,159.7321074
811,30,107,29.1,120,285,121.2451706,20.20752843,120,120.4031064,119.2118171
812,30,107,29.1,160,285,153.6836379,21.95480541,160,151.7473306,159.7394771
813,30,107,29.1,140,450,177.9123109,22.23903886,140,176.7721965,145.7849304
814,30,107,29.1,140,165,152.483853,19.06048163,140,140.5930234,140.0098416
815,30,107,29.1,180,330,181.5848102,20.17609002,180,180.1609202,180.341689
816,30,107,29.1,140,165,151.8707431,18.98384289,140,140.5193462,139.9220328
817,30,107,29.1,120,285,114.8993884,19.14989807,119.2769697,117.0236778,115.6459382
818,30,107,29.1,140,165,151.8437691,18.98047114,140,140.5109205,139.9373864
819,30,107,29.1,180,330,180.3684358,20.04093731,180,180.0196725,180.3472321
820,30,107,29.1,100,165,103.1831249,14.74044641,100,99.31165825,99.57439844
821,30,107,29.1,140,165,156.5204954,19.56506193,140,141.0130487,141.0305407
822,30,107,29.1,180,360,181.6115383,20.17905981,180,180.1684029,180.3301107
823,30,107,29.1,160,285,154.256214,22.036602,160,151.8066144,159.7714327
824,30,107,29.1,160,285,154.2523076,22.03604394,160,151.8032289,159.6884913
825,30,107,29.1,180,360,181.5971988,20.17746653,180,180.1639238,180.3319427
826,30,107,29.1,140,165,152.481394,19.06017425,140,140.5931214,140.02795
827,30,107,29.1,100,165,103.3108991,14.75869987,100,99.35286931,100.0012002
828,30,107,29.1,200,330,190.2893246,21.14325829,200,186.5143769,199.7631813
829,30,107,29.1,180,570,183.4548831,26.20784044,180,179.7738095,180.8790223
830,30,107,29.1,140,165,152.4653392,19.0581674,140,140.5876734,140.0287341
831,30,107,29.1,160,285,154.1778667,22.02540953,160,151.7812755,159.8539905
832,30,107,29.1,120,285,113.6679457,18.94465762,119.8547475,116.8759911,116.1122958
833,30,107,29.1,120,285,118.9302151,19.82170252,120,120.1565392,120.1322153
834,30,107,29.1,120,285,123.063378,20.510563,120,120.6127766,119.1004731
835,30,107,29.1,180,330,180.4579932,20.05088813,180,180.0493791,180.3521172
836,30,107,29.1,120,285,118.9088878,19.81814797,120,120.1537748,120.0161165
837,30,107,29.1,180,765,183.7980957,30.63301595,180,179.5153912,179.8073697
838,30,107,29.1,100,165,103.1971465,14.7424495,100,99.31603808,99.60893256
839,30,107,29.1,100,165,103.1547625,14.73639464,100,99.30323194,99.53010292
840,30,107,29.1,120,285,125.3647966,20.89413277,119.975,129.2006184,121.3987406
841,30,107,29.1,120,285,120.0887574,20.0147929,120,120.2836197,119.5768537
842,30,107,29.1,140,165,151.8013536,18.9751692,140,140.4989707,139.9865926
843,30,107,29.1,120,285,122.9511173,20.49185288,120,120.5742461,118.8868594
844,30,107,29.1,100,165,103.2105279,14.74436113,100,99.31978486,99.62838377
845,30,107,29.1,100,165,103.2085796,14.7440828,100,99.31744407,99.56956107
846,30,107,29.1,120,285,118.8605564,19.81009273,120,120.1391109,119.9847688
847,30,107,29.1,180,450,173.0860661,28.84767768,180,161.6305649,175.222658
848,30,107,29.1,200,360,193.2141286,21.46823651,200,186.8245085,199.7008934
849,30,107,29.1,140,165,151.9355845,18.99194806,140,140.5400333,139.8934794
850,30,107,29.1,200,330,192.5510156,21.39455729,200,186.7399757,199.7412955
851,30,107,29.1,80,120,82.6266325,11.80380464,80,72.2435128,81.74449466
852,30,107,29.1,80,120,82.6523696,11.80748137,80,72.25155211,81.65521117
853,30,107,29.1,120,285,125.2647216,20.8774536,120,120.8199583,119.018602
854,30,107,29.1,180,330,180.9865664,20.10961849,180,180.0936188,180.3452311
855,30,107,29.1,140,165,139.4490009,17.43112511,140,122.4613378,143.3434269
856,30,107,29.1,140,165,152.4934428,19.06168035,140,140.5955859,139.9960287
857,30,107,29.1,120,285,120.0548556,20.0091426,120,120.2704318,119.6349387
858,30,107,29.1,200,330,187.3321222,20.81468024,200,186.1893616,199.7847092
859,30,107,29.1,180,210,182.6378741,20.29309712,180,180.2507227,180.3529288
860,30,107,29.1,180,210,180.9168071,20.10186746,180,180.0692303,180.3296531
861,30,107,29.1,120,285,123.5375474,20.58959123,120,120.6378574,119.0237843
862,30,107,29.1,140,165,151.8214523,18.97768154,140,140.5043827,139.9584436
863,30,107,29.1,140,165,151.8642601,18.98303251,140,140.5186203,139.9507861
864,30,107,29.1,120,285,118.8319333,19.80532222,120,120.128871,120.0091264
865,30,107,29.1,120,285,120.6165319,20.10275532,120,120.3241455,119.4696829
866,30,107,29.1,120,285,120.6394824,20.1065804,120,120.3334797,119.4191511
867,30,107,29.1,120,285,120.7271096,20.12118493,119.0714141,117.6444663,116.5504146
868,30,107,29.1,200,405,192.6846659,21.40940732,200,186.7817231,199.7242202
869,30,107,29.1,140,165,151.902518,18.98781475,140,140.5318698,139.9540728
870,30,107,29.1,180,360,180.9978529,20.11087254,180,180.0975773,180.3478708
871,30,107,29.1,140,165,154.7325608,19.3415701,140,140.8132677,140.2681816
872,30,107,29.1,180,765,182.0133694,30.33556157,180,179.3183445,179.7146142
873,30,107,29.1,160,285,155.2717534,22.18167906,160,151.8816643,159.9063425
874,30,107,29.1,100,165,107.787592,15.39822743,100,99.78775091,99.52942047
875,30,107,29.1,100,165,103.1295862,14.73279803,100,99.29147033,99.67908725
876,30,107,29.1,180,405,180.8666353,20.09629281,180,180.0548576,180.3483084
877,30,107,29.1,80,120,75.64058972,10.80579853,80,71.49917709,80.35816559
878,30,107,29.1,160,285,154.1848049,22.0264007,160,151.7825766,159.808001
879,30,107,29.1,100,165,103.17589,14.73941286,100,99.30896528,99.54307341
880,30,107,29.1,120,285,110.0689461,18.34482435,119.4547475,113.7588818,113.0110737
881,30,107,29.1,180,720,183.8723355,30.64538925,180,179.5407462,179.5374066
882,30,107,29.1,120,765,141.4013728,23.56689547,119.6,156.0162962,126.9600201
883,30,107,29.1,140,165,152.9624899,19.12031124,140,140.6233971,140.1491294
884,30,107,29.1,140,165,152.4581744,19.0572718,140,140.5828371,139.982686
885,30,107,29.1,140,165,152.4975054,19.06218818,140,140.5951226,139.9602987
886,30,107,29.1,120,285,120.6992222,20.11653703,120,120.3538724,119.3953343
887,30,107,29.1,100,165,103.2813545,14.75447921,100,99.34320761,99.85281057
888,30,107,29.1,100,165,103.1867045,14.74095779,100,99.31407551,99.65456501
889,30,107,29.1,180,405,181.5684754,20.17427504,180,180.1562509,180.3478577
890,30,107,29.1,160,285,151.8390357,21.69129081,160,151.5289827,159.79931
891,30,107,29.1,200,570,193.3189278,27.61698969,200,186.2490257,198.8963837
892,30,107,29.1,180,360,182.1612813,20.24014237,180,180.2196884,180.3246016
893,30,107,29.1,180,330,182.217586,20.24639844,180,180.2377089,180.3214898
894,30,107,29.1,180,210,166.2132511,18.46813901,180,153.4334013,178.4139496
895,30,107,29.1,120,285,125.326279,20.88771317,120,120.8361552,119.8997327
896,30,107,29.1,180,330,182.1604124,20.24004582,180,180.2181178,180.3124673
897,30,107,29.1,180,360,175.1761825,19.46402028,180,179.4769467,180.3831605
898,30,107,29.1,200,360,193.6872141,32.28120235,200,185.9980064,200.9208293
899,30,107,29.1,80,120,75.80561034,10.82937291,80,71.55332171,80.37813222
900,30,107,29.1,180,405,182.7878894,20.30976549,180,180.2967158,180.3255992
901,31,284,29.1,200,765,193.6033729,32.26722882,200,185.9700853,201.3603102
902,31,284,29.1,180,330,182.7062598,20.30069553,180,180.2720838,180.3441918
903,31,284,29.1,120,285,118.8362963,19.80604938,120,120.1323991,119.9511339
904,31,284,29.1,140,165,156.5312809,19.56641011,140,141.0181499,141.4982543
905,31,284,29.1,80,120,75.70134096,10.81447728,80,71.51988573,80.1415615
906,31,284,29.1,160,285,153.5625374,21.93750534,160,151.706905,159.8154115
907,31,284,29.1,80,120,65.23604254,9.319434649,80,64.97599494,78.95358899
908,31,284,29.1,140,165,152.4692381,19.05865476,140,140.5858599,139.9680342
909,31,284,29.1,120,285,118.8612269,19.81020448,120,120.1393203,119.9850379
910,31,284,29.1,180,405,180.335555,20.03728389,180,180.0094017,180.351433
911,31,284,29.1,140,165,151.8019536,18.9752442,140,140.4956937,139.919416
912,31,284,29.1,140,165,151.7874002,18.97342503,140,140.4911477,139.9276998
913,31,284,29.1,160,285,153.5019569,21.92885099,160,151.6871159,159.87119
914,31,284,29.1,200,360,191.3635655,21.26261839,200,186.6068968,199.7349798
915,31,284,29.1,180,360,180.914634,20.101626,180,180.0685515,180.3299307
916,31,284,29.1,160,285,155.272928,22.18184686,160,151.8815981,159.8868062
917,31,284,29.1,200,570,192.0482927,27.43547039,200,186.0890968,199.2984192
918,31,284,29.1,180,360,181.0584148,20.11760164,180,180.1138963,180.3156428
919,31,284,29.1,120,285,124.1804152,20.69673587,120,120.7195307,119.4708562
920,31,284,29.1,160,285,153.6614599,21.95163713,160,151.7369387,159.6307781
921,31,284,29.1,200,645,193.3042101,27.61488716,200,186.2413971,199.2221656
922,31,284,29.1,140,165,152.4015613,19.05019516,140,140.5673185,140.0566822
923,31,284,29.1,180,360,181.6128695,20.17920772,180,180.1701179,180.3421858
924,31,284,29.1,120,285,125.9970812,20.99951353,119.975,129.2772537,121.2379278
925,31,284,29.1,200,330,189.1122118,21.01246798,200,186.385393,199.7637083
926,31,284,29.1,160,285,153.5677302,21.93824717,160,151.707661,159.7720529
927,31,284,29.1,160,150,154.247014,22.03528771,160,151.8033076,159.7675336
928,31,284,29.1,160,350,153.6073405,21.94390579,160,151.7213329,159.7656475
929,31,284,29.1,180,550,183.826259,30.63770983,180,179.5246214,179.7179086
930,31,284,29.1,120,285,118.8810205,19.81350342,120,120.144204,120.0288287
931,31,284,29.1,180,285,143.658183,15.96202033,180,125.8985665,180.0893865
932,31,284,29.1,80,120,76.25546905,10.89363844,80,71.56734427,80.5541083
933,31,284,29.1,200,360,186.8312168,26.69017383,200,185.5381842,198.645538
934,31,284,29.1,160,285,150.0532376,21.4361768,160,151.3324673,159.912637
935,31,284,29.1,100,120,103.2208853,14.74584076,100,99.31912267,99.59153216
936,31,284,29.1,160,350,153.6136808,21.94481154,160,151.7233134,159.756091
937,31,284,29.1,180,405,179.8669753,19.98521948,180,179.9839018,180.3506543
938,31,284,29.1,180,210,141.1252535,23.52087558,180,108.0364654,173.4197058
939,31,284,29.1,160,285,153.6730494,21.95329277,160,151.7440232,159.7554366
940,31,284,29.1,180,360,181.0540131,20.11711257,180,180.1155528,180.3447775
941,31,284,29.1,200,405,190.9292717,21.21436352,200,186.5938387,199.7461476
942,31,284,29.1,120,285,118.9495481,19.82492468,120,120.1664755,120.0324366
943,31,284,29.1,120,150,125.3535755,20.89226258,120,120.8412171,120.6189512
944,31,284,29.1,100,120,103.2640148,14.75200211,100,99.33605912,99.74661166
945,31,284,29.1,140,165,151.8565127,18.98206409,140,140.5170664,139.9719047
946,31,284,29.1,160,285,153.6295686,21.94708123,160,151.7304414,159.8209734
947,31,284,29.1,160,280,153.5920988,21.9417284,160,151.7148398,159.7175573
948,31,284,29.1,160,285,153.6663379,21.95233399,160,151.7423598,159.7833185
949,31,284,29.1,180,200,179.2789314,19.91988127,180,179.9202195,180.356975
950,31,284,29.1,80,120,79.83839337,11.40548477,80,71.96781098,82.00641538
951,31,284,29.1,120,150,122.4572064,20.4095344,120,120.5404006,119.2341633
952,31,284,29.1,80,120,70.54305272,10.07757896,80,68.27051836,79.18298722
953,31,284,29.1,120,285,120.0644673,20.01074455,120,120.2734341,119.6387966
954,31,284,29.1,200,360,193.311806,27.61597229,200,186.2433367,199.2437232
955,31,284,29.1,120,285,118.8833596,19.81389327,120,120.139738,120.1731522
956,31,284,29.1,200,210,186.1003824,20.67782027,200,186.0346533,199.7105804
957,31,284,29.1,80,120,75.66205402,10.80886486,80,71.49678766,81.09377061
958,31,284,29.1,120,285,119.8011892,19.96686487,120,120.1777712,119.9035336
959,31,284,29.1,180,210,181.3634825,20.15149806,180,180.0818255,180.2760858
960,31,284,29.1,100,120,103.0678641,14.72398059,100,99.26656097,99.95679158
961,31,284,29.1,120,285,120.5123063,20.08538438,120,120.2876919,119.5353879
962,31,284,29.1,180,210,177.3652469,19.70724966,180,179.6755292,180.329736
963,31,284,29.1,180,210,180.2112739,20.02347488,180,179.962786,180.2938398
964,31,284,29.1,140,330,156.9879523,26.16465872,140.2,140.4174213,162.8649303
965,31,284,29.1,180,210,180.217633,20.02418144,180,179.9604419,180.2522098
966,31,284,29.1,100,120,103.1193428,14.73133469,100,99.28307405,99.82491049
967,31,284,29.1,160,285,156.3681817,22.33831167,160,151.9737529,159.5817808
968,31,284,29.1,140,165,151.738222,18.96727775,140,140.4714558,139.8774804
969,31,284,29.1,180,210,178.0106926,19.77896584,180,179.7541103,180.2875093
970,31,284,29.1,180,210,178.046157,19.78290633,180,179.765188,180.2829784
971,31,284,29.1,100,165,120.9842742,17.28346774,105.8086291,126.3159223,103.927482
972,31,284,29.1,100,120,105.00605,15.00086429,100,99.52236901,99.18274871
973,31,284,29.1,180,350,183.8653491,30.64422485,180,179.5381308,179.5867614
974,31,284,29.1,180,330,183.4820176,26.2117168,180,179.7827184,180.888939
975,31,284,29.1,140,165,155.3669892,19.42087365,140,140.8849429,140.2779293
976,31,284,29.1,120,285,120.6178119,20.10296865,120,120.3197818,119.6016327
977,31,284,29.1,180,210,180.4664741,20.05183046,180,180.0494299,180.3265431
978,31,284,29.1,200,210,192.5143485,21.39048317,200,186.7267901,199.7296532
979,31,284,29.1,140,165,152.2369986,19.02962483,140,140.5128839,140.0918708
980,31,284,29.1,100,165,113.6108725,16.23012464,109.7064985,117.1059532,103.5079258
981,31,284,29.1,180,210,180.1474296,20.01638107,180,179.947174,180.3428142
982,31,284,29.1,160,285,153.8816632,21.98309474,160,151.6805246,159.9628936
983,31,284,29.1,140,165,153.2246308,19.15307885,140,140.5839802,140.4137675
984,31,284,29.1,180,210,179.5035407,19.94483786,180,179.8664809,180.3603515
985,31,284,29.1,120,285,122.6100122,20.43500203,120,120.4668315,119.6848533
986,31,284,29.1,180,210,180.0640154,20.00711282,180,179.9215515,180.5446788
987,31,284,29.1,120,285,119.6975399,19.94958998,120,120.153623,120.7061663
988,31,284,29.1,160,285,150.9571089,21.56530127,160,151.3739354,160.2691569
989,31,284,29.1,180,210,177.2159655,19.69066283,180,179.6336628,180.3937077
990,31,284,29.1,180,210,180.7254417,20.08060463,180,180.0129193,180.3867562
991,31,284,29.1,120,285,118.6638134,19.77730223,120,120.0780887,120.7308966
992,31,284,29.1,120,285,118.7234795,19.78724658,120,120.0941279,119.9894931
993,31,284,29.1,200,400,187.0188859,31.16981432,200,185.2368096,201.8918661
994,31,284,29.1,80,120,76.14407241,10.87772463,80,71.53774473,80.888428
995,31,284,29.1,180,210,175.5914614,19.51016238,180,179.4896949,180.4274848
996,31,284,29.1,140,165,149.3187862,18.66484828,140,140.2000477,139.7527588
997,31,284,29.1,180,150,175.5672264,19.5074696,180,179.4803926,180.414254
998,31,284,29.1,180,330,183.3578949,26.19398499,180,179.7430809,180.795951
999,31,284,29.1,180,210,181.3864779,20.1540531,180,180.0955041,180.3343742
1000,31,284,29.1,100,165,103.1491325,14.73559036,100,99.29974112,99.58252044
1001,31,0,29.1,120,285,120.7002279,20.11670465,120,120.3541865,119.395738
1002,31,0,29.1,200,210,187.3789842,20.81988713,200,186.2039996,199.778722
1003,31,0,29.1,80,280,75.74043371,10.82006196,80,71.5325299,80.05365097
1004,31,0,29.1,80,120,60.04572047,8.577960067,80,61.7174875,78.23073341
1005,31,0,29.1,180,180,182.758036,20.30644844,180,180.2839263,180.2967593
1006,31,0,29.1,180,330,180.4009037,20.04454486,180,180.0306804,180.3512475
1007,31,0,29.1,200,480,193.3208082,27.61725831,200,186.2470147,199.1382852
1008,31,0,29.1,200,285,192.6713188,21.40792431,200,186.7723574,199.6769444
1009,31,0,29.1,180,210,159.0567889,17.67297654,180,144.2881647,178.9086645
1010,31,0,29.1,180,330,182.8000962,20.3111218,180,180.3005287,180.3240396
1011,31,0,29.1,100,120,103.2579692,14.75113846,100,99.3341707,99.73172185
1012,31,0,29.1,120,285,120.6438616,20.10731027,120,120.3335484,119.456755
1013,31,0,29.1,180,150,182.7566584,20.30629538,180,180.2860943,180.3214258
1014,31,0,29.1,180,330,181.5998593,20.17776214,180,180.166054,180.343848
1015,31,0,29.1,180,285,180.4517248,20.05019164,180,180.046555,180.3447545
1016,31,0,29.1,200,330,192.6637273,21.40708081,200,186.7747496,199.7228136
1017,31,0,29.1,160,285,153.6531865,21.95045521,160,151.7352205,159.6787799
1018,31,0,29.1,180,200,181.0269564,20.11410627,180,180.1058021,180.335989
1019,31,0,29.1,120,285,118.9373877,19.82289795,120,120.1587796,120.1350942
1020,31,0,29.1,140,405,173.2629734,21.65787168,140,176.2790566,145.1811056
1021,31,0,29.1,140,165,151.9356326,18.99195408,140,140.5413475,139.9185152
1022,31,0,29.1,180,285,180.4694743,20.05216381,180,180.0520993,180.3424868
1023,31,0,29.1,180,360,182.792973,20.31033033,180,180.2991698,180.3331132
1024,31,0,29.1,100,165,103.2603787,14.75148267,100,99.33319115,99.68710821
1025,31,0,29.1,200,360,186.8154387,20.75727097,200,186.1466705,199.7696675
1026,31,0,29.1,80,120,76.95759489,10.99394213,80,71.6718581,80.73449961
1027,31,0,29.1,100,165,103.2795739,14.75422484,100,99.33702175,99.70758605
1028,31,0,29.1,140,165,152.4862786,19.06078483,140,140.5924819,139.9833978
1029,31,0,29.1,200,210,192.6636206,21.40706896,200,186.7755824,199.7309907
1030,31,0,29.1,200,210,192.6246782,21.40274202,200,186.7629852,199.7318843
1031,31,0,29.1,80,120,75.75801822,10.82257403,80,71.53715655,80.14984829
1032,31,0,29.1,120,285,120.0826658,20.01377763,120,120.2778195,119.6819471
1033,31,0,29.1,80,120,60.11141352,8.587344789,80,61.73584231,77.69536128
1034,31,0,29.1,120,300,118.3716508,19.72860847,120,120.1068288,120.215079
1035,31,0,29.1,120,285,118.3864282,19.73107137,120,120.1118778,120.2090616
1036,31,0,29.1,120,180,118.9389596,19.82315993,120,120.1631681,120.0281866
1037,31,0,29.1,160,285,153.6787932,21.95411331,160,151.7462504,159.7645452
1038,31,0,29.1,120,285,120.1003491,20.01672485,120,120.2842092,119.6651474
1039,31,0,29.1,100,165,103.291794,14.75597057,100,99.34603547,99.85554776
1040,31,0,29.1,120,200,120.6822749,20.11371248,120,120.3451143,119.4841219
1041,31,0,29.1,120,285,118.951221,19.8252035,120,120.166132,120.0570055
1042,31,0,29.1,120,285,120.7060635,20.11767725,120,120.3547102,119.4339264
1043,31,0,29.1,160,150,154.2656407,22.03794867,160,151.8095589,159.7572242
1044,31,0,29.1,120,285,120.1043916,20.0173986,120,120.2885033,119.5831289
1045,31,0,29.1,140,165,152.5323103,19.06653879,140,140.6042622,139.9070702
1046,31,0,29.1,140,165,151.9033368,18.9879171,140,140.5308264,139.9285436
1047,31,0,29.1,180,210,181.5860516,20.17622796,180,180.161741,180.3456121
1048,31,0,29.1,140,165,152.4337974,19.05422468,140,140.5765218,140.0216246
1049,31,0,29.1,180,500,183.776328,30.629388,180,179.5090248,179.7822533
1050,31,0,29.1,180,330,167.4132876,23.91618394,180,152.95743,177.4806141
1051,31,0,29.1,120,285,120.6017781,20.10029635,120,120.3208362,119.427915
1052,31,0,29.1,180,210,181.5118341,20.16798157,180,180.1385582,180.3550943
1053,31,0,29.1,180,210,181.0092486,20.11213873,180,180.0998378,180.3341696
1054,31,0,29.1,180,100,181.5415137,20.1712793,180,180.1456638,180.3308936
1055,31,0,29.1,180,210,181.5883744,20.17648604,180,180.1607344,180.3289883
1056,31,0,29.1,200,210,192.6144397,21.40160441,200,186.7606532,199.7413559
1057,31,0,29.1,80,300,75.68830191,10.81261456,80,71.51581281,80.21591508
1058,31,0,29.1,120,285,118.8222408,19.8037068,120,120.1258434,120.005236
1059,31,0,29.1,140,165,152.3572526,19.04465658,140,140.5539112,140.0902571
1060,31,0,29.1,140,165,152.3894791,19.04868489,140,140.5644106,140.0802681
1061,31,0,29.1,160,285,154.1901588,22.02716554,160,151.7855482,159.8532289
1062,31,0,29.1,100,165,119.1859192,17.02655989,105.5579487,126.118516,103.4680991
1063,31,0,29.1,160,200,153.6175641,21.9453663,160,151.7266917,159.8390672
1064,31,0,29.1,120,285,120.0945963,20.01576605,120,120.2850105,119.591146
1065,31,0,29.1,160,285,153.6791573,21.95416533,160,151.7463641,159.7639964
1066,31,0,29.1,160,150,153.654047,21.95057814,160,151.7376545,159.7663123
1067,31,0,29.1,180,210,179.2388637,19.9154293,180,179.90857,180.3702576
1068,31,0,29.1,160,285,153.5894098,21.94134426,160,151.7183303,159.8992689
1069,31,0,29.1,120,285,120.5897023,20.09828372,120,120.3196624,119.3513757
1070,31,0,29.1,180,210,180.9498003,20.10553337,180,180.0825675,180.3540101
1071,31,0,29.1,200,200,193.2627893,27.6089699,200,186.2314901,199.0409948
1072,31,0,29.1,180,210,180.9895731,20.10995257,180,180.094125,180.3407652
1073,31,0,29.1,140,165,152.4668464,19.0583558,140,140.5885773,140.0362305
1074,31,0,29.1,120,285,120.6798846,20.1133141,120,120.347399,119.3995214
1075,31,0,29.1,180,210,180.4683896,20.05204329,180,180.0530596,180.3548707
1076,31,0,29.1,120,285,123.5894139,20.59823565,120,120.6562238,119.0349953
1077,31,0,29.1,100,400,107.3666005,15.33808579,100,99.77971404,99.85884494
1078,31,0,29.1,140,165,154.2556821,19.28196026,140,140.7869076,140.2581403
1079,31,0,29.1,80,120,81.04609936,11.57801419,80,72.1098154,82.05097458
1080,31,0,29.1,140,165,152.4873575,19.06091969,140,140.5915198,139.9577206
1081,31,0,29.1,80,120,75.80051204,10.82864458,80,71.54999698,80.4971236
1082,31,0,29.1,180,150,181.664372,20.18493022,180,180.1844732,180.3192788
1083,31,0,29.1,180,210,182.7966283,20.31073648,180,180.2994455,180.3244827
1084,31,0,29.1,180,210,182.7775379,20.30861532,180,180.2934824,180.3269217
1085,31,0,29.1,180,210,181.025902,20.11398911,180,180.1024414,180.3075514
1086,31,0,29.1,120,400,120.0785229,20.01308715,120,120.2799898,119.5846945
1087,31,0,29.1,160,285,154.2574059,22.03677227,160,151.8065536,159.7518703
1088,31,0,29.1,100,165,106.8192973,15.25989961,100,99.72702545,100.1022497
1089,31,0,29.1,120,450,123.048487,20.50808117,120,120.6050939,119.4706053
1090,31,0,29.1,200,210,190.3320105,21.14800117,200,186.5268442,199.7495642
1091,31,0,29.1,180,210,179.8838957,19.98709952,180,179.9900532,180.356656
1092,31,0,29.1,100,165,119.2954681,17.04220973,104.5801709,126.152735,103.0193177
1093,31,0,29.1,180,450,181.0177582,20.11308424,180,180.103795,180.3453277
1094,31,0,29.1,80,120,75.7781188,10.82544554,80,71.54386827,80.21717136
1095,31,0,29.1,180,210,181.083552,20.12039467,180,180.1252127,180.3450853
1096,31,0,29.1,160,350,155.4535969,22.2076567,160,151.9397646,159.6855553
1097,31,0,29.1,120,285,124.2088115,20.70146858,120,120.7301328,119.3922827
1098,31,0,29.1,100,120,107.971371,15.42448157,100,99.84862105,100.2336049
1099,31,0,29.1,180,210,181.0539046,20.11710051,180,180.1150858,180.3407096
1100,31,0,29.1,120,285,124.1870695,20.69784492,120,120.7229084,119.3140494
1101,31,107,29.1,120,285,120.0396389,20.00660648,120,120.2652456,119.6407798
1102,31,107,29.1,180,285,150.7019344,16.74465938,180,126.6596291,180.0439959
1103,31,107,29.1,200,210,192.6083711,21.40093012,200,186.7548601,199.7053954
1104,31,107,29.1,80,350,75.75113009,10.82159001,80,71.5345719,80.17003879
1105,31,107,29.1,140,165,152.473323,19.05916538,140,140.587569,139.9740634
1106,31,107,29.1,180,210,180.4691404,20.05212671,180,180.0515619,180.3384477
1107,31,107,29.1,100,300,103.2655733,14.75222476,100.2,99.33914424,99.94062144
1108,31,107,29.1,80,120,75.77902304,10.82557472,80,71.54328462,80.35478964
1109,31,107,29.1,140,165,152.4832821,19.06041026,140,140.592412,140.0018122
1110,31,107,29.1,160,285,153.6974309,21.95677584,160,151.750773,159.6831558
1111,31,107,29.1,180,210,180.4916582,20.05462869,180,180.0585956,180.3355708
1112,31,107,29.1,120,200,120.7171054,20.11951757,120,120.3572932,119.4622558
1113,31,107,29.1,120,285,142.0651369,23.67752282,119.6,156.1036306,126.787945
1114,31,107,29.1,100,165,104.4791491,14.92559273,100,99.47605337,99.47163891
1115,31,107,29.1,180,210,177.5253142,19.72503491,180,179.732024,180.3705119
1116,31,107,29.1,180,210,145.4770693,16.16411881,180,126.1075826,180.2672652
1117,31,107,29.1,100,120,103.2395973,14.7485139,100,99.32973117,99.72699146
1118,31,107,29.1,80,120,70.54844708,10.07834958,80,68.27350251,79.3370065
1119,31,107,29.1,80,120,75.72200737,10.81742962,80,71.52504199,80.0846448
1120,31,107,29.1,80,120,75.73673598,10.81953371,80,71.53094182,80.00939936
1121,31,107,29.1,120,285,120.6342042,20.1057007,120,120.332264,119.4050839
1122,31,107,29.1,160,285,153.5528556,21.93612223,160,151.7060461,159.9188336
1123,31,107,29.1,160,285,153.5856048,21.94080069,160,151.7158427,159.8517063
1124,31,107,29.1,120,285,122.3439085,20.39065142,120,120.5024122,118.8833747
1125,31,107,29.1,180,285,150.6645948,16.74051053,180,126.6488317,180.0809552
1126,31,107,29.1,140,165,152.4202863,19.05253579,140,140.5736006,140.0543782
1127,31,107,29.1,160,285,154.0906134,22.01294477,160,151.7548869,160.0210353
1128,31,107,29.1,140,165,151.7615828,18.97019785,140,140.4848155,139.9758127
1129,31,107,29.1,160,285,154.1404211,22.02006016,160,151.7691459,159.8926646
1130,31,107,29.1,100,165,103.2633751,14.75191073,100,99.33715846,99.78555426
1131,31,107,29.1,160,285,154.2384972,22.03407103,160,151.7997812,159.7448388
1132,31,107,29.1,80,120,70.82560591,10.1179437,80,79.62480859,80.30526957
1133,31,107,29.1,160,285,154.2175907,22.03108439,160,151.7936838,159.7941162
1134,31,107,29.1,180,200,180.9664619,20.10738466,180,180.088205,180.3559631
1135,31,107,29.1,200,405,192.5535279,21.39483643,200,186.7394613,199.7287293
1136,31,107,29.1,200,405,192.5500601,21.39445112,200,186.7383781,199.7291723
1137,31,107,29.1,180,405,150.0193247,16.66881386,180,126.5638097,179.5556523
1138,31,107,29.1,160,285,156.4083691,22.34405273,160,151.9936678,159.8232277
1139,31,107,29.1,120,285,120.6690578,20.11150963,120,120.3444502,119.3832271
1140,31,107,29.1,180,405,182.7124903,20.30138781,180,180.27403,180.3433958
1141,31,107,29.1,200,405,192.6289667,21.40321852,200,186.7643248,199.7313364
1142,31,107,29.1,180,330,180.453336,20.05037067,180,180.0474913,180.3486304
1143,31,107,29.1,160,285,153.5897502,21.94139289,160,151.7167045,159.8276923
1144,31,107,29.1,100,120,106.0243638,15.14633769,100,99.59438808,98.97767594
1145,31,107,29.1,160,285,153.4932076,21.92760109,160,151.6878473,160.0265044
1146,31,107,29.1,120,285,122.2822401,20.38037335,120,120.4866137,118.7630327
1147,31,107,29.1,140,165,152.3376248,19.0422031,140,140.5438828,140.0262398
1148,31,107,29.1,160,285,148.2134181,21.17334544,160,142.7675119,158.1577008
1149,31,107,29.1,120,285,120.0201066,20.0033511,120,120.2600105,119.6090426
1150,31,107,29.1,180,405,181.043365,20.11592944,180,180.1109275,180.3338926
1151,31,107,29.1,80,120,75.81235079,10.83033583,80,71.55499412,80.4155606
1152,31,107,29.1,80,120,91.74485798,13.10640828,81,98.33599932,85.13894196
1153,31,107,29.1,160,285,153.632594,21.94751343,160,151.7305203,159.7808816
1154,31,107,29.1,180,330,182.8086893,20.31207659,180,180.303646,180.3270235
1155,31,107,29.1,180,210,150.7635206,16.75150229,180,126.6797324,180.2668376
1156,31,107,29.1,120,285,125.9218763,20.98697938,120,120.9043621,119.8295521
1157,31,107,29.1,80,120,67.60226197,9.657465996,80,62.51742668,77.48102848
1158,31,107,29.1,180,405,182.8287463,20.31430514,180,180.309478,180.3203792
1159,31,107,29.1,140,165,151.8853009,18.98566261,140,140.5243266,139.9221009
1160,31,107,29.1,140,165,151.9115716,18.98894645,140,140.5338317,139.9322107
1161,31,107,29.1,180,405,181.0005488,20.11117209,180,180.0975534,180.3393629
1162,31,107,29.1,180,200,181.0252404,20.1139156,180,180.1069983,180.3525353
1163,31,107,29.1,180,360,180.9757538,20.10841709,180,180.0898083,180.3425307
1164,31,107,29.1,120,285,124.106104,20.68435067,120,120.6967517,118.9070479
1165,31,107,29.1,160,285,155.3454475,22.19220679,160,151.9038175,159.759735
1166,31,107,29.1,120,285,124.0692172,20.67820287,120,120.6834974,118.9288696
1167,31,107,29.1,160,285,154.2743,22.03918571,160,151.8118307,159.7264065
1168,31,107,29.1,200,285,160.6627894,17.85142104,200,133.1650852,201.8055015
1169,31,107,29.1,200,250,192.6572411,21.40636012,200,186.7731566,199.727724
1170,31,107,29.1,120,285,114.9093057,19.15155095,118.3583333,117.0289409,115.5901752
1171,31,107,29.1,120,285,120.6533948,20.10889913,120,120.3395576,119.3769403
1172,31,107,29.1,160,180,153.6890824,21.9555832,160,151.7490313,159.7312709
1173,31,107,29.1,160,285,154.2695228,22.03850326,160,151.8094724,159.6980753
1174,31,107,29.1,140,165,153.6932205,19.21165256,140,140.7307832,140.1115077
1175,31,107,29.1,100,200,101.5571036,14.50815766,100,96.44823326,93.34785575
1176,31,107,29.1,180,120,137.1384649,15.23760721,180,108.484989,181.5402512
1177,31,107,29.1,160,285,154.2120916,22.0302988,160,151.7928322,159.8379365
1178,31,107,29.1,120,285,122.9799182,20.49665303,120,120.5849747,118.8109901
1179,31,107,29.1,160,120,132.2704958,18.89578511,160,115.9832534,155.0334611
1180,31,107,29.1,100,300,103.2260875,14.74658393,100,99.32637731,99.76448553
1181,31,107,29.1,140,165,151.8504947,18.98131184,140,140.5156197,139.9836845
1182,31,107,29.1,120,450,134.2746523,16.78433154,113.4084826,153.1233157,117.5743826
1183,31,107,29.1,120,285,118.9613619,19.82689365,120,120.1701657,120.0371783
1184,31,107,29.1,180,360,180.4505746,20.05006384,180,180.0461957,180.3449015
1185,31,107,29.1,100,120,103.2305539,14.74722199,100.2,99.3282055,99.84288026
1186,31,107,29.1,200,210,192.6110554,21.40122838,200,186.7587299,199.7336248
1187,31,107,29.1,160,285,156.5106033,22.35865761,160,152.0286333,159.7934956
1188,31,107,29.1,180,360,182.1513979,20.23904421,180,180.2166012,180.3258643
1189,31,107,29.1,160,285,156.5637697,22.36625281,160,152.0456736,159.7311261
1190,31,107,29.1,140,165,155.9930615,19.49913269,140,140.9669996,140.3490696
1191,31,107,29.1,140,165,156.0055887,19.50069859,140,140.973944,141.1740471
1192,31,107,29.1,160,285,156.5799272,22.36856103,160,152.0515867,159.7423043
1193,31,107,29.1,80,570,115.0353574,16.43362249,88.18825397,137.2431215,86.18459721
1194,31,107,29.1,140,165,155.9455675,19.49319594,140,140.9547626,141.1156261
1195,31,107,29.1,120,120,117.8116575,13.09018417,118.8614408,120.9074833,122.8038081
1196,31,107,29.1,140,120,141.7811897,17.72264871,140,122.7119889,144.0829607
1197,31,107,29.1,180,360,181.0531629,20.1170181,180,180.113555,180.3285591
1198,31,107,29.1,140,165,151.9046263,18.98807829,140,140.5329614,139.9612271
1199,31,107,29.1,180,360,182.8069509,20.31188343,180,180.3026699,180.3231638
1200,31,107,29.1,200,360,160.602338,17.84470422,200,133.1466355,201.7454731
,,,,,,176753.694,,,,
,,,,,,,19.85686568,,,
,,,,,,,1034,,,
,,,,,,,377,,,
,,,,,,,230,,,
