ID,Days of usage,Rainfall,Ave temp dry,Volume per day,Amount spent
KR1,23,0,29.1,695,80
KR2,24,0,29.1,1375,151
KR3,21,0,29.1,523,57
KR4,20,0,29.1,2050,290
KR5,25,0,29.1,1240,136
KR6,20,0,29.1,1900,209
KR7,21,0,29.1,2000,220
KR8,28,0,29.1,642,55
KR9,27,0,29.1,777,85
KR10,24,0,29.1,1458,160
KR11,23,0,29.1,1000,110
KR12,26,0,29.1,230,90
KR13,24,0,29.1,666,73
KR14,20,0,29.1,600,66
KR15,21,0,29.1,1571,172
KR16,20,0,29.1,900,99
KR17,28,0,29.1,178,19
KR18,23,0,29.1,260,28
KR19,20,0,29.1,1600,180
KR20,24,0,29.1,1791,197
KR21,14,0,29.1,2071,227
KR22,22,0,29.1,1954,215
KR23,27,0,29.1,666,73
KR24,21,0,29.1,619,68
KR25,24,0,29.1,1583,174
KR26,29,0,29.1,206,22
KR27,24,0,29.1,875,96
KR28,27,0,29.1,925,101
KR29,21,0,29.1,1619,178
KR30,27,0,29.1,1629,179
KR31,21,0,29.1,952,104
KR32,23,0,29.1,1652,181
KR33,23,0,29.1,1739,191
KR34,21,0,29.1,333,36
KR35,26,0,29.1,1384,152
KR36,29,0,29.1,1413,155
KR37,27,0,29.1,74,8
KR38,29,0,29.1,689,75
KR39,23,0,29.1,782,86
KR40,23,0,29.1,1565,172
KR41,20,0,29.1,1400,154
KR42,23,0,29.1,1521,167
KR43,29,0,29.1,1241,136
KR44,23,0,29.1,782,86
KR45,28,0,29.1,250,27
KR46,22,0,29.1,1636,180
KR47,23,0,29.1,130,14
KR48,28,0,29.1,464,51
KR49,24,0,29.1,166,18
KR50,28,0,29.1,1000,110
KR51,23,0,29.1,1565,172
KR52,25,0,29.1,200,22
KR53,29,0,29.1,103,11
KR54,22,0,29.1,1590,175
KR55,23,0,29.1,43,4
KR56,24,0,29.1,1500,165
KR57,28,0,29.1,678,74
KR58,22,0,29.1,1500,165
KR59,22,0,29.1,727,80
KR60,20,0,29.1,500,55
KR61,25,0,29.1,1560,171
KR62,22,0,29.1,1636,180
KR63,29,0,29.1,103,11
KR64,24,0,29.1,1000,110
KR65,29,0,29.1,172,18
KR66,22,0,29.1,1136,190
KR67,21,0,29.1,1809,199
KR68,23,0,29.1,1260,138
KR69,23,0,29.1,1086,119
KR70,24,0,29.1,1583,174
KR71,28,0,29.1,1428,157
KR72,23,0,29.1,43,4
KR73,21,0,29.1,666,73
KR74,22,0,29.1,45,5
KR75,27,0,29.1,481,52
KR76,25,0,29.1,1600,180
KR77,23,0,29.1,1913,210
KR78,21,0,29.1,285,31
KR79,25,0,29.1,880,96
KR80,22,0,29.1,90,10
KR81,24,0,29.1,1041,114
KR82,23,0,29.1,869,95
KR83,26,0,29.1,269,29
KR84,28,0,29.1,214,23
KR85,23,0,29.1,391,43
KR86,27,0,29.1,1111,122
KR87,27,0,29.1,444,48
KR88,28,0,29.1,35,3
KR89,25,0,29.1,1280,140
KR90,22,0,29.1,227,90
KR91,28,0,29.1,1107,121
KR92,29,0,29.1,137,15
KR93,25,0,29.1,880,96
KR94,27,0,29.1,444,48
KR95,27,0,29.1,1222,134
KR96,27,0,29.1,74,8
KR97,22,0,29.1,136,15
KR98,24,0,29.1,958,105
KR99,24,0,29.1,541,59
KR100,24,0,29.1,83,9
KR101,21,0,29.1,714,78
KR102,28,0,29.1,678,74
KR103,27,0,29.1,740,81
KR104,21,0,29.1,1476,162
KR105,22,0,29.1,818,90
KR106,29,0,29.1,1310,144
KR107,28,0,29.1,1500,165
KR108,27,0,29.1,333,36
KR109,27,0,29.1,814,89
KR110,22,0,29.1,1772,195
KR111,26,0,29.1,884,97
KR112,23,0,29.1,1173,129
KR113,24,0,29.1,833,91
KR114,28,0,29.1,678,74
KR115,29,0,29.1,1068,117
KR116,21,0,29.1,857,94
KR117,26,0,29.1,500,55
KR118,29,0,29.1,172,18
KR119,23,0,29.1,1086,119
KR120,24,0,29.1,458,50
KR121,29,0,29.1,310,34
KR122,26,0,29.1,153,16
KR123,26,0,29.1,1615,177
KR124,22,0,29.1,1090,120
KR125,23,0,29.1,304,33
KR126,24,0,29.1,958,105
KR127,24,0,29.1,1166,128
KR128,23,0,29.1,1565,172
KR129,29,0,29.1,1241,136
KR130,26,0,29.1,1538,169
KR131,25,0,29.1,200,22
KR132,23,0,29.1,217,23
KR133,23,0,29.1,391,43
KR134,29,0,29.1,379,41
KR135,21,0,29.1,47,5
KR136,26,0,29.1,769,84
KR137,25,0,29.1,800,88
KR138,24,0,29.1,375,41
KR139,22,0,29.1,1272,140
KR140,23,0,29.1,1608,180
KR141,26,0,29.1,1192,131
KR142,24,0,29.1,583,64
KR143,27,0,29.1,370,40
KR144,29,0,29.1,931,102
KR145,26,0,29.1,153,16
KR146,21,0,29.1,1476,162
KR147,22,0,29.1,1818,200
KR148,26,0,29.1,1346,148
KR149,24,0,29.1,208,22
KR150,20,0,29.1,2150,236
KR151,20,0,29.1,850,93
KR152,26,0,29.1,230,90
KR153,22,0,29.1,818,90
KR154,26,0,29.1,576,63
KR155,25,0,29.1,840,92
KR156,26,0,29.1,1423,156
KR157,28,0,29.1,571,62
KR158,21,0,29.1,380,41
KR159,22,0,29.1,1409,155
KR160,24,0,29.1,1541,169
KR161,24,0,29.1,333,36
KR162,25,0,29.1,80,8
KR163,22,0,29.1,1227,135
KR164,22,0,29.1,409,45
KR165,29,0,29.1,620,68
KR166,27,0,29.1,1444,158
KR167,27,0,29.1,259,28
KR168,22,0,29.1,409,45
KR169,27,0,29.1,666,73
KR170,24,0,29.1,583,64
KR171,25,0,29.1,1320,145
KR172,27,0,29.1,518,57
KR173,29,0,29.1,586,64
KR174,23,0,29.1,1347,148
KR175,20,0,29.1,2100,231
KR176,29,0,29.1,206,22
KR177,23,0,29.1,347,38
KR178,25,0,29.1,200,22
KR179,27,0,29.1,1481,162
KR180,28,0,29.1,821,90
KR181,22,0,29.1,1454,160
KR182,21,0,29.1,809,89
KR183,25,0,29.1,1360,149
KR184,25,0,29.1,1040,114
KR185,20,0,29.1,250,27
KR186,20,0,29.1,550,60
KR187,29,0,29.1,137,15
KR188,29,0,29.1,724,79
KR189,22,0,29.1,1227,135
KR190,23,0,29.1,1130,124
KR191,26,0,29.1,153,16
KR192,28,0,29.1,714,78
KR193,25,0,29.1,1040,114
KR194,26,0,29.1,1615,177
KR195,23,0,29.1,1260,138
KR196,24,0,29.1,1416,155
KR197,22,0,29.1,727,80
KR198,23,0,29.1,478,52
KR199,28,0,29.1,1000,110
KR200,23,0,29.1,1913,210
KR201,25,113,29.1,1680,184
KR202,25,113,29.1,360,39
KR203,28,113,29.1,214,23
KR204,27,113,29.1,74,8
KR205,21,113,29.1,95,10
KR206,23,113,29.1,304,33
KR207,26,113,29.1,1423,156
KR208,21,113,29.1,476,52
KR209,20,113,29.1,2100,231
KR210,21,113,29.1,2047,290
KR211,23,113,29.1,130,14
KR212,25,113,29.1,840,92
KR213,28,113,29.1,1392,153
KR214,29,113,29.1,1275,140
KR215,26,113,29.1,1500,165
KR216,20,113,29.1,1450,159
KR217,20,113,29.1,900,99
KR218,21,113,29.1,2095,230
KR219,23,113,29.1,1086,119
KR220,22,113,29.1,1681,185
KR221,21,113,29.1,1428,157
KR222,23,113,29.1,1347,148
KR223,28,113,29.1,142,15
KR224,21,113,29.1,2095,230
KR225,29,113,29.1,1172,128
KR226,29,113,29.1,1137,190
KR227,25,113,29.1,120,13
KR228,21,113,29.1,238,26
KR229,24,113,29.1,1083,119
KR230,21,113,29.1,666,73
KR231,25,113,29.1,1680,184
KR232,24,113,29.1,833,91
KR233,23,113,29.1,217,23
KR234,23,113,29.1,1304,143
KR235,26,113,29.1,730,80
KR236,25,113,29.1,680,74
KR237,26,113,29.1,846,93
KR238,25,113,29.1,240,26
KR239,23,113,29.1,347,38
KR240,27,113,29.1,629,69
KR241,21,113,29.1,619,68
KR242,25,113,29.1,800,88
KR243,20,113,29.1,1200,132
KR244,27,113,29.1,1370,150
KR245,23,113,29.1,652,71
KR246,21,113,29.1,333,36
KR247,23,113,29.1,913,100
KR248,21,113,29.1,1952,214
KR249,27,113,29.1,1037,114
KR250,23,113,29.1,1565,172
KR251,22,113,29.1,681,75
KR252,29,113,29.1,379,41
KR253,25,113,29.1,320,35
KR254,25,113,29.1,520,57
KR255,21,113,29.1,1619,178
KR256,28,113,29.1,214,23
KR257,29,113,29.1,1379,151
KR258,25,113,29.1,1280,140
KR259,25,113,29.1,200,22
KR260,22,113,29.1,545,60
KR261,25,113,29.1,920,101
KR262,25,113,29.1,1120,123
KR263,27,113,29.1,333,36
KR264,25,113,29.1,160,17
KR265,22,113,29.1,1227,135
KR266,22,113,29.1,727,80
KR267,20,113,29.1,250,27
KR268,29,113,29.1,793,87
KR269,25,113,29.1,1120,123
KR270,27,113,29.1,1481,162
KR271,21,113,29.1,2047,290
KR272,24,113,29.1,1416,155
KR273,24,113,29.1,333,36
KR274,25,113,29.1,560,61
KR275,26,113,29.1,961,105
KR276,25,113,29.1,520,57
KR277,27,113,29.1,592,65
KR278,22,113,29.1,90,10
KR279,22,113,29.1,1863,205
KR280,29,113,29.1,1517,166
KR281,20,113,29.1,300,33
KR282,22,113,29.1,1727,190
KR283,25,113,29.1,80,8
KR284,23,113,29.1,521,57
KR285,27,113,29.1,1185,130
KR286,28,113,29.1,464,51
KR287,21,113,29.1,95,10
KR288,28,113,29.1,1571,172
KR289,21,113,29.1,809,89
KR290,22,113,29.1,90,10
KR291,26,113,29.1,1269,139
KR292,24,113,29.1,750,82
KR293,21,113,29.1,571,62
KR294,26,113,29.1,500,55
KR295,27,113,29.1,1518,167
KR296,26,113,29.1,1269,139
KR297,25,113,29.1,1520,167
KR298,21,113,29.1,1142,190
KR299,26,113,29.1,730,80
KR300,23,113,29.1,1478,162
KR301,21,147,29.1,1047,115
KR302,22,147,29.1,181,20
KR303,22,147,29.1,1409,155
KR304,21,147,29.1,619,68
KR305,28,147,29.1,1142,190
KR306,23,147,29.1,86,9
KR307,21,147,29.1,1476,162
KR308,21,147,29.1,142,15
KR309,26,147,29.1,500,55
KR310,23,147,29.1,1565,172
KR311,27,147,29.1,407,44
KR312,22,147,29.1,1272,140
KR313,29,147,29.1,827,91
KR314,23,147,29.1,1391,153
KR315,20,147,29.1,600,66
KR316,20,147,29.1,550,60
KR317,28,147,29.1,428,47
KR318,25,147,29.1,1440,158
KR319,24,147,29.1,1458,160
KR320,28,147,29.1,607,66
KR321,28,147,29.1,750,82
KR322,22,147,29.1,590,65
KR323,21,147,29.1,1333,146
KR324,23,147,29.1,1782,196
KR325,26,147,29.1,1000,110
KR326,26,147,29.1,1461,160
KR327,22,147,29.1,1500,165
KR328,20,147,29.1,1550,155
KR329,26,147,29.1,1346,148
KR330,27,147,29.1,1444,158
KR331,27,147,29.1,1074,118
KR332,21,147,29.1,1809,199
KR333,27,147,29.1,1592,175
KR334,24,147,29.1,1500,165
KR335,28,147,29.1,178,19
KR336,21,147,29.1,285,31
KR337,24,147,29.1,541,59
KR338,25,147,29.1,640,55
KR339,24,147,29.1,1250,137
KR340,21,147,29.1,619,68
KR341,21,147,29.1,1238,136
KR342,20,147,29.1,1050,115
KR343,26,147,29.1,1230,135
KR344,22,147,29.1,1000,110
KR345,25,147,29.1,720,79
KR346,24,147,29.1,791,87
KR347,25,147,29.1,200,22
KR348,23,147,29.1,1086,119
KR349,24,147,29.1,250,27
KR350,26,147,29.1,76,8
KR351,26,147,29.1,346,38
KR352,29,147,29.1,655,72
KR353,26,147,29.1,923,101
KR354,25,147,29.1,1480,162
KR355,24,147,29.1,208,22
KR356,20,147,29.1,550,60
KR357,24,147,29.1,833,91
KR358,25,147,29.1,1240,136
KR359,27,147,29.1,481,52
KR360,29,147,29.1,965,106
KR361,28,147,29.1,464,51
KR362,21,147,29.1,2047,290
KR363,26,147,29.1,615,67
KR364,28,147,29.1,571,62
KR365,27,147,29.1,814,89
KR366,29,147,29.1,137,15
KR367,29,147,29.1,34,3
KR368,28,147,29.1,428,47
KR369,22,147,29.1,1090,120
KR370,27,147,29.1,518,57
KR371,24,147,29.1,125,13
KR372,25,147,29.1,520,57
KR373,24,147,29.1,583,64
KR374,21,147,29.1,1238,136
KR375,22,147,29.1,318,35
KR376,24,147,29.1,1250,137
KR377,22,147,29.1,318,35
KR378,27,147,29.1,740,81
KR379,22,147,29.1,1045,115
KR380,22,147,29.1,500,55
KR381,27,147,29.1,1444,158
KR382,26,147,29.1,1346,148
KR383,27,147,29.1,1259,138
KR384,27,147,29.1,740,81
KR385,27,147,29.1,740,81
KR386,24,147,29.1,1833,201
KR387,23,147,29.1,1173,129
KR388,28,147,29.1,71,7
KR389,26,147,29.1,1346,148
KR390,27,147,29.1,666,73
KR391,25,147,29.1,800,88
KR392,22,147,29.1,409,45
KR393,27,147,29.1,74,8
KR394,21,147,29.1,1714,188
KR395,26,147,29.1,1615,177
KR396,29,147,29.1,689,75
KR397,28,147,29.1,214,23
KR398,28,147,29.1,214,23
KR399,21,147,29.1,1571,172
KR400,23,147,29.1,347,38
KR401,21,246,29.1,47,5
KR402,23,246,29.1,130,14
KR403,29,246,29.1,1275,140
KR404,28,246,29.1,714,78
KR405,21,246,29.1,1142,190
KR406,28,246,29.1,178,19
KR407,24,246,29.1,208,22
KR408,21,246,29.1,1857,204
KR409,28,246,29.1,714,78
KR410,20,246,29.1,450,49
KR411,25,246,29.1,240,26
KR412,23,246,29.1,1782,196
KR413,25,246,29.1,1520,167
KR414,24,246,29.1,83,9
KR415,25,246,29.1,560,61
KR416,25,246,29.1,1680,184
KR417,27,246,29.1,703,77
KR418,21,246,29.1,1619,178
KR419,22,246,29.1,227,90
KR420,21,246,29.1,285,31
KR421,27,246,29.1,1259,138
KR422,29,246,29.1,1310,144
KR423,27,246,29.1,1296,142
KR424,23,246,29.1,652,71
KR425,29,246,29.1,1137,190
KR426,24,246,29.1,541,59
KR427,24,246,29.1,83,9
KR428,23,246,29.1,434,47
KR429,21,246,29.1,714,78
KR430,29,246,29.1,793,87
KR431,27,246,29.1,74,8
KR432,25,246,29.1,1360,149
KR433,25,246,29.1,520,57
KR434,27,246,29.1,1555,171
KR435,28,246,29.1,464,51
KR436,25,246,29.1,1080,118
KR437,25,246,29.1,1040,114
KR438,24,246,29.1,1625,178
KR439,24,246,29.1,166,18
KR440,22,246,29.1,1590,175
KR441,27,246,29.1,1592,175
KR442,21,246,29.1,190,20
KR443,25,246,29.1,1520,167
KR444,28,246,29.1,1178,129
KR445,23,246,29.1,391,43
KR446,21,246,29.1,952,104
KR447,24,246,29.1,1166,128
KR448,21,246,29.1,1761,193
KR449,28,246,29.1,678,74
KR450,21,246,29.1,1476,162
KR451,21,246,29.1,619,68
KR452,21,246,29.1,1095,120
KR453,25,246,29.1,1600,180
KR454,26,246,29.1,1384,152
KR455,22,246,29.1,227,90
KR456,23,246,29.1,86,9
KR457,27,246,29.1,1111,122
KR458,21,246,29.1,1523,167
KR459,29,246,29.1,379,41
KR460,29,246,29.1,1482,163
KR461,27,246,29.1,74,8
KR462,24,246,29.1,1750,192
KR463,22,246,29.1,227,90
KR464,21,246,29.1,1047,115
KR465,25,246,29.1,1240,136
KR466,27,246,29.1,37,4
KR467,28,246,29.1,285,31
KR468,22,246,29.1,500,55
KR469,21,246,29.1,809,89
KR470,22,246,29.1,1681,185
KR471,20,246,29.1,1450,159
KR472,21,246,29.1,1857,204
KR473,23,246,29.1,391,43
KR474,25,246,29.1,920,101
KR475,28,246,29.1,1571,172
KR476,25,246,29.1,1520,167
KR477,22,246,29.1,1090,120
KR478,21,246,29.1,1190,130
KR479,22,246,29.1,1181,130
KR480,27,246,29.1,481,52
KR481,23,246,29.1,1434,157
KR482,28,246,29.1,250,27
KR483,29,246,29.1,689,75
KR484,29,246,29.1,862,94
KR485,26,246,29.1,500,55
KR486,24,246,29.1,375,41
KR487,25,246,29.1,600,66
KR488,27,246,29.1,1370,150
KR489,22,246,29.1,1181,130
KR490,21,246,29.1,1380,151
KR491,21,246,29.1,1714,188
KR492,24,246,29.1,83,9
KR493,24,246,29.1,83,9
KR494,27,246,29.1,1333,146
KR495,25,246,29.1,920,101
KR496,29,246,29.1,1482,163
KR497,24,246,29.1,1000,110
KR498,24,246,29.1,208,22
KR499,23,246,29.1,86,9
KR500,27,246,29.1,444,48
KR501,21,306,29.1,238,26
KR502,22,306,29.1,500,55
KR503,28,306,29.1,607,66
KR504,21,306,29.1,1904,209
KR505,20,306,29.1,1000,110
KR506,27,306,29.1,1333,146
KR507,28,306,29.1,1357,149
KR508,21,306,29.1,666,73
KR509,27,306,29.1,1148,126
KR510,26,306,29.1,115,12
KR511,23,306,29.1,521,57
KR512,28,306,29.1,500,55
KR513,20,306,29.1,1850,203
KR514,27,306,29.1,111,12
KR515,21,306,29.1,1380,151
KR516,20,306,29.1,1900,209
KR517,23,306,29.1,217,23
KR518,21,306,29.1,619,68
KR519,21,306,29.1,380,41
KR520,29,306,29.1,68,7
KR521,26,306,29.1,961,105
KR522,23,306,29.1,1000,110
KR523,21,306,29.1,1380,151
KR524,21,306,29.1,523,57
KR525,20,306,29.1,450,49
KR526,21,306,29.1,1952,214
KR527,24,306,29.1,791,87
KR528,24,306,29.1,1791,197
KR529,27,306,29.1,481,52
KR530,25,306,29.1,360,39
KR531,29,306,29.1,310,34
KR532,29,306,29.1,931,102
KR533,23,306,29.1,1826,200
KR534,25,306,29.1,280,30
KR535,29,306,29.1,655,72
KR536,26,306,29.1,76,8
KR537,28,306,29.1,1285,141
KR538,24,306,29.1,458,50
KR539,29,306,29.1,1482,163
KR540,24,306,29.1,41,4
KR541,23,306,29.1,43,4
KR542,25,306,29.1,1160,127
KR543,24,306,29.1,583,64
KR544,25,306,29.1,880,96
KR545,29,306,29.1,724,79
KR546,27,306,29.1,592,65
KR547,29,306,29.1,931,102
KR548,25,306,29.1,1000,110
KR549,26,306,29.1,269,29
KR550,25,306,29.1,520,57
KR551,28,306,29.1,1357,149
KR552,25,306,29.1,840,92
KR553,29,306,29.1,931,102
KR554,23,306,29.1,86,9
KR555,24,306,29.1,1791,197
KR556,29,306,29.1,586,64
KR557,20,306,29.1,2000,220
KR558,21,306,29.1,1523,167
KR559,27,306,29.1,1074,118
KR560,22,306,29.1,1909,210
KR561,28,306,29.1,750,82
KR562,23,306,29.1,43,4
KR563,26,306,29.1,884,97
KR564,21,306,29.1,190,20
KR565,29,306,29.1,482,53
KR566,24,306,29.1,291,32
KR567,21,306,29.1,142,15
KR568,20,306,29.1,250,27
KR569,28,306,29.1,1000,110
KR570,26,306,29.1,1500,165
KR571,24,306,29.1,1750,192
KR572,21,306,29.1,476,52
KR573,24,306,29.1,791,87
KR574,28,306,29.1,928,102
KR575,22,306,29.1,181,20
KR576,23,306,29.1,1130,124
KR577,21,306,29.1,1047,115
KR578,21,306,29.1,1571,172
KR579,25,306,29.1,920,101
KR580,23,306,29.1,1391,153
KR581,28,306,29.1,1214,133
KR582,21,306,29.1,1047,115
KR583,28,306,29.1,35,3
KR584,23,306,29.1,1347,148
KR585,29,306,29.1,1034,113
KR586,27,306,29.1,259,28
KR587,22,306,29.1,1909,210
KR588,21,306,29.1,809,89
KR589,29,306,29.1,1448,159
KR590,22,306,29.1,1500,165
KR591,25,306,29.1,360,39
KR592,21,306,29.1,857,94
KR593,25,306,29.1,1720,189
KR594,21,306,29.1,238,26
KR595,23,306,29.1,1086,119
KR596,26,306,29.1,1230,135
KR597,27,306,29.1,1481,162
KR598,23,306,29.1,1913,210
KR599,25,306,29.1,40,4
KR600,22,306,29.1,90,10
KR601,22,168,29.1,181,20
KR602,21,168,29.1,1095,120
KR603,25,168,29.1,1320,145
KR604,21,168,29.1,1952,214
KR605,22,168,29.1,1545,155
KR606,21,168,29.1,714,78
KR607,24,168,29.1,625,68
KR608,24,168,29.1,291,32
KR609,25,168,29.1,960,105
KR610,21,168,29.1,238,26
KR611,25,168,29.1,1360,149
KR612,25,168,29.1,1560,171
KR613,24,168,29.1,791,87
KR614,21,168,29.1,142,15
KR615,22,168,29.1,90,10
KR616,21,168,29.1,428,47
KR617,22,168,29.1,1136,190
KR618,28,168,29.1,1500,165
KR619,22,168,29.1,1772,195
KR620,27,168,29.1,185,20
KR621,21,168,29.1,1714,188
KR622,29,168,29.1,1103,121
KR623,24,168,29.1,583,64
KR624,24,168,29.1,1166,128
KR625,29,168,29.1,586,64
KR626,27,168,29.1,777,85
KR627,23,168,29.1,217,23
KR628,24,168,29.1,1833,201
KR629,21,168,29.1,1142,190
KR630,29,168,29.1,1517,166
KR631,23,168,29.1,217,23
KR632,25,168,29.1,1160,127
KR633,27,168,29.1,74,8
KR634,23,168,29.1,869,95
KR635,26,168,29.1,1307,143
KR636,25,168,29.1,120,13
KR637,28,168,29.1,107,11
KR638,29,168,29.1,1448,159
KR639,23,168,29.1,1652,181
KR640,25,168,29.1,560,61
KR641,22,168,29.1,545,60
KR642,24,168,29.1,1583,174
KR643,24,168,29.1,1666,183
KR644,24,168,29.1,1083,119
KR645,29,168,29.1,448,49
KR646,22,168,29.1,1863,205
KR647,31,168,29.1,161,17
KR648,26,168,29.1,730,80
KR649,21,168,29.1,904,99
KR650,20,168,29.1,200,22
KR651,26,168,29.1,846,93
KR652,29,168,29.1,1068,117
KR653,24,168,29.1,1125,123
KR654,23,168,29.1,1043,114
KR655,27,168,29.1,1074,118
KR656,21,168,29.1,47,5
KR657,29,168,29.1,862,94
KR658,21,168,29.1,333,36
KR659,26,168,29.1,384,42
KR660,24,168,29.1,333,36
KR661,26,168,29.1,230,90
KR662,20,168,29.1,2200,242
KR663,26,168,29.1,1115,122
KR664,21,168,29.1,95,10
KR665,28,168,29.1,1500,165
KR666,21,168,29.1,1761,193
KR667,20,168,29.1,1050,115
KR668,24,168,29.1,208,22
KR669,23,168,29.1,1391,153
KR670,24,168,29.1,1833,201
KR671,28,168,29.1,214,23
KR672,23,168,29.1,869,95
KR673,29,168,29.1,517,56
KR674,28,168,29.1,357,39
KR675,25,168,29.1,1560,171
KR676,24,168,29.1,1833,201
KR677,22,168,29.1,1590,175
KR678,23,168,29.1,1391,153
KR679,21,168,29.1,95,10
KR680,24,168,29.1,1791,197
KR681,29,168,29.1,1241,136
KR682,26,168,29.1,423,46
KR683,28,168,29.1,1571,172
KR684,24,168,29.1,666,73
KR685,28,168,29.1,964,106
KR686,23,168,29.1,739,81
KR687,29,168,29.1,1310,144
KR688,24,168,29.1,916,100
KR689,26,168,29.1,38,4
KR690,25,168,29.1,1760,193
KR691,22,168,29.1,818,90
KR692,27,168,29.1,1074,118
KR693,28,168,29.1,392,43
KR694,29,168,29.1,172,18
KR695,24,168,29.1,1791,197
KR696,29,168,29.1,1172,128
KR697,21,168,29.1,1714,188
KR698,24,168,29.1,1458,160
KR699,26,168,29.1,1153,126
KR700,21,168,29.1,1190,130
KR701,21,250,29.1,619,68
KR702,22,250,29.1,1863,205
KR703,22,250,29.1,590,65
KR704,22,250,29.1,1636,180
KR705,29,250,29.1,379,41
KR706,21,250,29.1,1761,193
KR707,25,250,29.1,480,52
KR708,23,250,29.1,739,81
KR709,29,250,29.1,1172,128
KR710,21,250,29.1,1666,183
KR711,26,250,29.1,615,67
KR712,27,250,29.1,777,85
KR713,24,250,29.1,1583,174
KR714,22,250,29.1,227,90
KR715,24,250,29.1,1041,114
KR716,23,250,29.1,391,43
KR717,22,250,29.1,227,90
KR718,23,250,29.1,652,71
KR719,29,250,29.1,1068,117
KR720,29,250,29.1,34,3
KR721,26,250,29.1,1000,110
KR722,29,250,29.1,1103,121
KR723,23,250,29.1,1086,119
KR724,24,250,29.1,208,22
KR725,27,250,29.1,1000,110
KR726,26,250,29.1,884,97
KR727,27,250,29.1,814,89
KR728,26,250,29.1,230,90
KR729,28,250,29.1,500,55
KR730,23,250,29.1,956,105
KR731,27,250,29.1,1407,154
KR732,23,250,29.1,1565,172
KR733,28,250,29.1,357,39
KR734,28,250,29.1,500,55
KR735,29,250,29.1,1206,132
KR736,25,250,29.1,1440,158
KR737,25,250,29.1,1440,158
KR738,24,250,29.1,1625,178
KR739,22,250,29.1,909,100
KR740,20,250,29.1,450,49
KR741,24,250,29.1,1000,110
KR742,22,250,29.1,1000,110
KR743,21,250,29.1,190,20
KR744,24,250,29.1,1500,165
KR745,26,250,29.1,1038,114
KR746,22,250,29.1,318,35
KR747,27,250,29.1,259,28
KR748,28,250,29.1,1392,153
KR749,24,250,29.1,1625,178
KR750,27,250,29.1,962,105
KR751,23,250,29.1,1000,110
KR752,29,250,29.1,1241,136
KR753,23,250,29.1,478,52
KR754,21,250,29.1,619,68
KR755,25,250,29.1,1280,140
KR756,23,250,29.1,913,100
KR757,24,250,29.1,958,105
KR758,28,250,29.1,1214,133
KR759,22,250,29.1,1681,185
KR760,28,250,29.1,1535,168
KR761,20,250,29.1,1950,214
KR762,21,250,29.1,1761,193
KR763,29,250,29.1,1344,147
KR764,29,250,29.1,1482,163
KR765,26,250,29.1,1346,148
KR766,24,250,29.1,875,96
KR767,21,250,29.1,1809,199
KR768,29,250,29.1,1068,117
KR769,23,250,29.1,956,105
KR770,27,250,29.1,962,105
KR771,29,250,29.1,1482,163
KR772,24,250,29.1,1583,174
KR773,27,250,29.1,1296,142
KR774,24,250,29.1,1750,192
KR775,27,250,29.1,296,32
KR776,20,250,29.1,400,44
KR777,22,250,29.1,727,80
KR778,28,250,29.1,35,3
KR779,29,250,29.1,379,41
KR780,28,250,29.1,607,66
KR781,23,250,29.1,217,23
KR782,23,250,29.1,1130,124
KR783,24,250,29.1,833,91
KR784,26,250,29.1,1500,165
KR785,21,250,29.1,1238,136
KR786,22,250,29.1,1636,180
KR787,20,250,29.1,100,11
KR788,27,250,29.1,1407,154
KR789,21,250,29.1,333,36
KR790,21,250,29.1,380,41
KR791,28,250,29.1,821,90
KR792,24,250,29.1,708,77
KR793,28,250,29.1,321,35
KR794,28,250,29.1,1464,161
KR795,22,250,29.1,181,20
KR796,22,250,29.1,409,45
KR797,24,250,29.1,708,77
KR798,20,250,29.1,750,82
KR799,26,250,29.1,384,42
KR800,23,250,29.1,1782,196
KR801,27,284,29.1,925,101
KR802,20,284,29.1,2050,290
KR803,29,284,29.1,689,75
KR804,27,284,29.1,222,24
KR805,28,284,29.1,321,35
KR806,24,284,29.1,625,68
KR807,29,284,29.1,724,79
KR808,21,284,29.1,1190,130
KR809,24,284,29.1,333,36
KR810,22,284,29.1,1045,115
KR811,22,284,29.1,590,65
KR812,28,284,29.1,571,62
KR813,23,284,29.1,391,43
KR814,22,284,29.1,1000,110
KR815,24,284,29.1,375,41
KR816,21,284,29.1,809,89
KR817,23,284,29.1,130,14
KR818,22,284,29.1,818,90
KR819,27,284,29.1,1333,146
KR820,28,284,29.1,571,62
KR821,23,284,29.1,1130,124
KR822,27,284,29.1,1296,142
KR823,28,284,29.1,178,19
KR824,26,284,29.1,615,67
KR825,20,284,29.1,850,93
KR826,29,284,29.1,517,56
KR827,23,284,29.1,173,19
KR828,20,284,29.1,1950,214
KR829,24,284,29.1,541,59
KR830,22,284,29.1,727,80
KR831,26,284,29.1,153,16
KR832,27,284,29.1,1518,167
KR833,21,284,29.1,476,52
KR834,26,284,29.1,1576,173
KR835,29,284,29.1,448,49
KR836,25,284,29.1,640,55
KR837,22,284,29.1,500,55
KR838,27,284,29.1,925,101
KR839,23,284,29.1,1043,114
KR840,20,284,29.1,2100,231
KR841,23,284,29.1,1217,133
KR842,29,284,29.1,448,49
KR843,24,284,29.1,1833,201
KR844,26,284,29.1,1038,114
KR845,21,284,29.1,2047,290
KR846,24,284,29.1,291,32
KR847,28,284,29.1,357,39
KR848,28,284,29.1,750,82
KR849,20,284,29.1,300,33
KR850,21,284,29.1,2095,230
KR851,29,284,29.1,241,26
KR852,20,284,29.1,150,16
KR853,26,284,29.1,192,21
KR854,24,284,29.1,1583,174
KR855,20,284,29.1,550,60
KR856,20,284,29.1,50,5
KR857,26,284,29.1,153,16
KR858,23,284,29.1,43,4
KR859,25,284,29.1,680,74
KR860,28,284,29.1,535,58
KR861,24,284,29.1,958,105
KR862,22,284,29.1,363,40
KR863,26,284,29.1,961,105
KR864,22,284,29.1,90,10
KR865,27,284,29.1,1259,138
KR866,21,284,29.1,904,99
KR867,22,284,29.1,681,75
KR868,21,284,29.1,2095,230
KR869,21,284,29.1,1047,115
KR870,20,284,29.1,300,33
KR871,20,284,29.1,1450,159
KR872,28,284,29.1,357,39
KR873,25,284,29.1,1360,149
KR874,23,284,29.1,1347,148
KR875,20,284,29.1,600,66
KR876,27,284,29.1,296,32
KR877,25,284,29.1,1320,145
KR878,26,284,29.1,153,16
KR879,20,284,29.1,1200,132
KR880,26,284,29.1,1076,118
KR881,27,284,29.1,888,97
KR882,28,284,29.1,1285,141
KR883,24,284,29.1,958,105
KR884,27,284,29.1,1074,118
KR885,21,284,29.1,1047,115
KR886,26,284,29.1,192,21
KR887,29,284,29.1,862,94
KR888,28,284,29.1,1321,145
KR889,20,284,29.1,1850,203
KR890,28,284,29.1,1428,157
KR891,21,284,29.1,666,73
KR892,23,284,29.1,1347,148
KR893,22,284,29.1,727,80
KR894,25,284,29.1,880,96
KR895,26,284,29.1,1192,131
KR896,26,284,29.1,1538,169
KR897,24,284,29.1,166,18
KR898,22,284,29.1,136,15
KR899,24,284,29.1,1583,174
KR900,23,284,29.1,1521,167
KR901,23,107,29.1,1000,110
KR902,23,107,29.1,260,28
KR903,22,107,29.1,1545,155
KR904,20,107,29.1,1350,148
KR905,22,107,29.1,681,75
KR906,28,107,29.1,1535,168
KR907,25,107,29.1,1320,145
KR908,29,107,29.1,379,41
KR909,27,107,29.1,1481,162
KR910,21,107,29.1,1380,151
KR911,23,107,29.1,1434,157
KR912,26,107,29.1,423,46
KR913,22,107,29.1,454,50
KR914,22,107,29.1,636,55
KR915,22,107,29.1,1454,160
KR916,25,107,29.1,840,92
KR917,26,107,29.1,653,71
KR918,24,107,29.1,1708,187
KR919,20,107,29.1,1000,110
KR920,27,107,29.1,1555,171
KR921,29,107,29.1,793,87
KR922,26,107,29.1,230,90
KR923,21,107,29.1,1857,204
KR924,25,107,29.1,1200,132
KR925,20,107,29.1,1500,165
KR926,21,107,29.1,333,36
KR927,21,107,29.1,2095,230
KR928,29,107,29.1,241,26
KR929,28,107,29.1,142,15
KR930,29,107,29.1,1482,163
KR931,26,107,29.1,1423,156
KR932,22,107,29.1,1227,135
KR933,23,107,29.1,86,9
KR934,28,107,29.1,1571,172
KR935,22,107,29.1,681,75
KR936,21,107,29.1,1714,188
KR937,29,107,29.1,1068,117
KR938,27,107,29.1,703,77
KR939,28,107,29.1,785,86
KR940,22,107,29.1,1000,110
KR941,23,107,29.1,1608,180
KR942,23,107,29.1,304,33
KR943,24,107,29.1,1333,146
KR944,21,107,29.1,714,78
KR945,27,107,29.1,333,36
KR946,26,107,29.1,1423,156
KR947,21,107,29.1,2095,230
KR948,24,107,29.1,1708,187
KR949,20,107,29.1,1100,121
KR950,21,107,29.1,476,52
KR951,28,107,29.1,1392,153
KR952,29,107,29.1,517,56
KR953,25,107,29.1,360,39
KR954,21,107,29.1,1428,157
KR955,29,107,29.1,1137,190
KR956,22,107,29.1,1227,135
KR957,29,107,29.1,1000,110
KR958,23,107,29.1,1391,153
KR959,22,107,29.1,1909,210
KR960,24,107,29.1,1833,201
KR961,25,107,29.1,200,22
KR962,29,107,29.1,206,22
KR963,27,107,29.1,1222,134
KR964,29,107,29.1,1137,190
KR965,22,107,29.1,181,20
KR966,20,107,29.1,500,55
KR967,25,107,29.1,1040,114
KR968,20,107,29.1,350,38
KR969,28,107,29.1,1571,172
KR970,26,107,29.1,192,21
KR971,26,107,29.1,1000,110
KR972,28,107,29.1,1571,172
KR973,25,107,29.1,440,48
KR974,21,107,29.1,142,15
KR975,22,107,29.1,1954,215
KR976,22,107,29.1,90,10
KR977,28,107,29.1,678,74
KR978,28,107,29.1,714,78
KR979,29,107,29.1,1103,121
KR980,26,107,29.1,1230,135
KR981,26,107,29.1,807,88
KR982,20,107,29.1,1100,121
KR983,23,107,29.1,652,71
KR984,28,107,29.1,1500,165
KR985,26,107,29.1,730,80
KR986,23,107,29.1,1434,157
KR987,22,107,29.1,454,50
KR988,25,107,29.1,480,52
KR989,26,107,29.1,1423,156
KR990,23,107,29.1,391,43
KR991,23,107,29.1,260,28
KR992,26,107,29.1,1500,165
KR993,25,107,29.1,1280,140
KR994,28,107,29.1,1428,157
KR995,22,107,29.1,1681,185
KR996,23,107,29.1,869,95
KR997,29,107,29.1,1344,147
KR998,25,107,29.1,560,61
KR999,21,107,29.1,1952,214
KR1000,22,107,29.1,90,10
KR1001,26,0,29.1,538,59
KR1002,23,0,29.1,1043,114
KR1003,26,0,29.1,500,55
KR1004,21,0,29.1,190,20
KR1005,26,0,29.1,1307,143
KR1006,21,0,29.1,809,89
KR1007,27,0,29.1,370,40
KR1008,28,0,29.1,821,90
KR1009,23,0,29.1,1304,143
KR1010,23,0,29.1,304,33
KR1011,25,0,29.1,320,35
KR1012,27,0,29.1,1555,171
KR1013,27,0,29.1,740,81
KR1014,23,0,29.1,217,23
KR1015,24,0,29.1,166,18
KR1016,29,0,29.1,689,75
KR1017,22,0,29.1,1636,180
KR1018,27,0,29.1,185,20
KR1019,29,0,29.1,1379,151
KR1020,21,0,29.1,1904,209
KR1021,23,0,29.1,304,33
KR1022,25,0,29.1,800,88
KR1023,21,0,29.1,857,94
KR1024,21,0,29.1,476,52
KR1025,22,0,29.1,1409,155
KR1026,26,0,29.1,846,93
KR1027,29,0,29.1,1517,166
KR1028,25,0,29.1,1360,149
KR1029,27,0,29.1,1037,114
KR1030,26,0,29.1,1230,135
KR1031,28,0,29.1,1571,172
KR1032,24,0,29.1,250,27
KR1033,27,0,29.1,148,16
KR1034,22,0,29.1,181,20
KR1035,29,0,29.1,1482,163
KR1036,21,0,29.1,428,47
KR1037,23,0,29.1,782,86
KR1038,25,0,29.1,1280,140
KR1039,24,0,29.1,791,87
KR1040,28,0,29.1,1107,121
KR1041,27,0,29.1,777,85
KR1042,21,0,29.1,190,20
KR1043,21,0,29.1,190,20
KR1044,26,0,29.1,1307,143
KR1045,22,0,29.1,136,15
KR1046,23,0,29.1,652,71
KR1047,22,0,29.1,1090,120
KR1048,21,0,29.1,1142,190
KR1049,25,0,29.1,120,13
KR1050,24,0,29.1,416,45
KR1051,23,0,29.1,565,62
KR1052,27,0,29.1,185,20
KR1053,29,0,29.1,68,7
KR1054,20,0,29.1,2200,242
KR1055,23,0,29.1,956,105
KR1056,26,0,29.1,807,88
KR1057,25,0,29.1,1520,167
KR1058,24,0,29.1,500,55
KR1059,29,0,29.1,862,94
KR1060,24,0,29.1,1291,142
KR1061,24,0,29.1,1125,123
KR1062,22,0,29.1,909,100
KR1063,25,0,29.1,960,105
KR1064,21,0,29.1,714,78
KR1065,29,0,29.1,103,11
KR1066,21,0,29.1,666,73
KR1067,25,0,29.1,1000,110
KR1068,24,0,29.1,1250,137
KR1069,21,0,29.1,1285,141
KR1070,28,0,29.1,285,31
KR1071,22,0,29.1,272,30
KR1072,21,0,29.1,1523,167
KR1073,29,0,29.1,1448,159
KR1074,21,0,29.1,952,104
KR1075,26,0,29.1,38,4
KR1076,26,0,29.1,1423,156
KR1077,21,0,29.1,2095,230
KR1078,26,0,29.1,1346,148
KR1079,24,0,29.1,1458,160
KR1080,23,0,29.1,1173,129
KR1081,26,0,29.1,730,80
KR1082,25,0,29.1,520,57
KR1083,22,0,29.1,227,90
KR1084,28,0,29.1,714,78
KR1085,28,0,29.1,1464,161
KR1086,28,0,29.1,1285,141
KR1087,28,0,29.1,428,47
KR1088,29,0,29.1,586,64
KR1089,24,0,29.1,875,96
KR1090,24,0,29.1,875,96
KR1091,29,0,29.1,724,79
KR1092,23,0,29.1,304,33
KR1093,27,0,29.1,1222,134
KR1094,26,0,29.1,192,21
KR1095,23,0,29.1,695,80
KR1096,24,0,29.1,1333,146
KR1097,20,0,29.1,1600,180
KR1098,24,0,29.1,1666,183
KR1099,22,0,29.1,1136,190
KR1100,22,0,29.1,1818,200
KR1101,28,0,29.1,964,106
KR1102,28,0,29.1,321,35
KR1103,24,0,29.1,1083,119
KR1104,24,0,29.1,916,100
KR1105,28,0,29.1,1321,145
KR1106,25,0,29.1,1560,171
KR1107,23,0,29.1,1260,138
KR1108,29,0,29.1,1379,151
KR1109,27,0,29.1,592,65
KR1110,22,0,29.1,454,50
KR1111,25,0,29.1,1360,149
KR1112,28,0,29.1,71,7
KR1113,25,0,29.1,1400,154
KR1114,20,0,29.1,300,33
KR1115,20,0,29.1,1900,209
KR1116,20,0,29.1,50,5
KR1117,23,0,29.1,1652,181
KR1118,20,0,29.1,1050,115
KR1119,23,0,29.1,1521,167
KR1120,26,0,29.1,192,21
KR1121,23,0,29.1,434,47
KR1122,20,0,29.1,1250,137
KR1123,29,0,29.1,551,60
KR1124,26,0,29.1,692,80
KR1125,21,0,29.1,1857,204
KR1126,27,0,29.1,222,24
KR1127,24,0,29.1,208,22
KR1128,25,0,29.1,1600,180
KR1129,29,0,29.1,1103,121
KR1130,27,0,29.1,814,89
KR1131,24,0,29.1,1500,165
KR1132,27,0,29.1,74,8
KR1133,28,0,29.1,642,55
KR1134,22,0,29.1,318,35
KR1135,20,0,29.1,2100,231
KR1136,27,0,29.1,407,44
KR1137,21,0,29.1,2095,230
KR1138,22,0,29.1,227,90
KR1139,26,0,29.1,846,93
KR1140,28,0,29.1,821,90
KR1141,27,0,29.1,1148,126
KR1142,21,0,29.1,190,20
KR1143,24,0,29.1,1583,174
KR1144,24,0,29.1,666,73
KR1145,24,0,29.1,1291,142
KR1146,26,0,29.1,192,21
KR1147,23,0,29.1,217,23
KR1148,29,0,29.1,1517,166
KR1149,29,0,29.1,793,87
KR1150,25,0,29.1,1280,140
KR1151,22,0,29.1,181,20
KR1152,25,0,29.1,1600,180
KR1153,21,0,29.1,1619,178
KR1154,21,0,29.1,428,47
KR1155,21,0,29.1,904,99
KR1156,23,0,29.1,1608,180
KR1157,28,0,29.1,1571,172
KR1158,23,0,29.1,1869,205
KR1159,28,0,29.1,107,11
KR1160,28,0,29.1,321,35
KR1161,25,0,29.1,1040,114
KR1162,23,0,29.1,521,57
KR1163,27,0,29.1,555,61
KR1164,21,0,29.1,1333,146
KR1165,24,0,29.1,458,50
KR1166,25,0,29.1,160,17
KR1167,26,0,29.1,1692,186
KR1168,28,0,29.1,321,35
KR1169,21,0,29.1,1904,209
KR1170,29,0,29.1,965,106
KR1171,26,0,29.1,1076,118
KR1172,24,0,29.1,458,50
KR1173,22,0,29.1,818,90
KR1174,24,0,29.1,333,36
KR1175,25,0,29.1,240,26
KR1176,23,0,29.1,1869,205
KR1177,22,0,29.1,636,55
KR1178,23,0,29.1,217,23
KR1179,26,0,29.1,423,46
KR1180,25,0,29.1,720,79
KR1181,28,0,29.1,1535,168
KR1182,27,0,29.1,370,40
KR1183,29,0,29.1,1000,110
KR1184,21,0,29.1,857,94
KR1185,28,0,29.1,1000,110
KR1186,29,0,29.1,448,49
KR1187,28,0,29.1,321,35
KR1188,23,0,29.1,869,95
KR1189,24,0,29.1,166,18
KR1190,23,0,29.1,869,95
KR1191,27,0,29.1,1629,179
KR1192,25,0,29.1,1280,140
KR1193,26,0,29.1,1500,165
KR1194,20,0,29.1,1700,187
KR1195,25,0,29.1,1480,162
KR1196,26,0,29.1,1615,177
KR1197,28,0,29.1,750,82
KR1198,27,0,29.1,111,12
KR1199,26,0,29.1,1384,152
KR1200,23,0,29.1,1565,172
