ID,Household income,Household size,Rainfall,LST wet,Travel time,Shortest distance,Height diff,Volume per day wet,Amount spent,Willingness to pay,lon,lat
1,100000,7,306.69,38.51,20,136.01,4,200,330,380,7.566648072,9.025747879
2,50000,7,306.69,39.12,50,349.69,2,120,165,210,7.565301625,9.028111721
3,85000,6,306.69,39.46,20,335.43,7,200,450,500,7.565464099,9.028428839
4,80000,8,306.69,39.14,35,310.44,2,160,165,210,7.565674984,9.028004671
5,75000,7,306.69,39.13,30,276.74,0,180,285,330,7.565839817,9.027725002
6,50000,7,306.69,39.24,45,224.96,2,120,330,380,7.566087227,9.027264807
7,75000,7,306.69,38.94,30,167.03,4,180,150,200,7.566380615,9.026678199
8,75000,9,306.69,38.66,20,122.1,3,200,210,260,7.566701183,9.026118823
9,75000,7,306.69,39.01,30,107.42,3,180,165,210,7.566957544,9.025694832
10,75000,9,306.69,39.47,20,151.09,3,220,400,450,7.566625489,9.026860002
11,75000,6,306.69,39.44,20,249,1,200,200,250,7.566158243,9.02770816
12,75000,9,306.69,39.88,20,290,8,200,210,260,7.565908689,9.028710888
13,75000,6,306.69,39.81,35,266.37,6,140,285,330,7.566091821,9.028404163
14,75000,8,306.69,39.73,40,238.1,3,160,165,210,7.566394235,9.027835675
15,75000,7,306.69,39.55,60,203.82,0,100,120,170,7.566550115,9.027519801
16,75000,7,306.69,39.59,30,156.35,2,180,285,330,7.566769951,9.027131837
17,75000,6,306.69,39.5,40,104.85,2,140,285,330,7.567008227,9.026680648
18,45000,8,306.69,39.46,40,76.55,1,160,165,210,7.567154867,9.026400907
19,40000,7,306.69,39.39,60,52.61,2,100,280,330,7.567337997,9.02609418
20,105000,6,306.69,39.62,20,126.21,1,200,450,500,7.567106747,9.027069854
21,100000,9,306.69,39.73,20,189.99,0,220,300,350,7.566831836,9.027584197
22,105000,9,306.69,39.81,20,251.53,7,200,210,260,7.566254547,9.028657985
23,50000,7,306.69,39.7,50,240.93,7,120,165,210,7.566399259,9.028866524
24,45000,6,306.69,39.72,40,207.39,5,140,285,330,7.566637216,9.028496716
25,65000,8,306.69,39.76,35,182.72,2,160,380,430,7.566866363,9.028054535
26,50000,6,306.69,39.44,40,112.16,0,140,285,330,7.567424958,9.027107265
27,105000,6,306.69,39.42,20,56.3,1,200,450,500,7.567635982,9.026646927
28,40000,7,306.69,39.06,60,30.41,1,100,120,170,7.568055782,9.026295912
29,40000,6,306.69,39.29,40,74.43,2,140,200,250,7.56788082,9.026837772
30,40000,7,306.69,39.47,60,141.01,2,100,120,170,7.567477856,9.027532463
31,40000,7,306.69,39.61,60,144.28,3,100,360,410,7.567202338,9.028200524
32,40000,7,306.69,39.54,30,167.93,5,180,90,140,7.567054662,9.028742489
33,40000,7,306.69,39.06,30,67.2,4,180,210,260,7.568172601,9.026658062
34,40000,6,306.69,38.77,20,93.52,5,220,120,170,7.568582448,9.026524024
35,40000,7,306.69,39.06,60,102.07,5,100,120,170,7.568417368,9.026866991
36,40000,8,306.69,39.28,40,60.88,2,160,280,330,7.568206701,9.027236907
37,40000,6,306.69,39.42,20,87,0,200,240,290,7.567940923,9.027742244
38,40000,7,306.69,39.56,30,92.91,3,180,165,210,7.567675466,9.0281662
39,100000,7,306.69,39.44,30,126.53,3,180,120,170,7.567409901,9.028617282
40,60000,6,306.69,39.33,40,167.06,6,140,300,350,7.567217067,9.029077691
41,45000,6,306.69,39.16,35,206.46,6,140,120,170,7.566979431,9.029366119
42,60000,6,306.69,38.95,40,193.83,6,140,260,310,7.567224556,9.029484627
43,40000,7,306.69,38.96,60,188.4,4,100,120,170,7.567469539,9.029639303
44,60000,6,306.69,39.15,35,139.45,4,140,120,170,7.567653134,9.029215028
45,65000,7,306.69,39.33,30,74.4,3,180,180,230,7.5679645,9.028682742
46,100000,7,306.69,39.46,20,35.36,1,220,360,410,7.568193289,9.028330982
47,70000,8,306.69,39.42,40,51.62,1,160,285,330,7.568440875,9.027825574
48,100000,9,306.69,39.26,20,90.8,1,220,240,290,7.568624183,9.027473636
49,85000,9,306.69,38.95,20,136.56,2,200,120,170,7.568834885,9.027094678
50,100000,9,306.69,38.65,20,150.72,4,220,300,350,7.569027074,9.026797028
51,90000,9,306.69,39.08,20,102.08,1,220,120,170,7.56896979,9.027484025
52,105000,9,306.69,39.13,20,114.39,3,200,240,290,7.567971669,9.029171058
53,75000,7,306.69,39.15,30,139.29,4,180,120,170,7.567879889,9.029378675
54,75000,7,306.69,38.74,45,188.53,3,120,120,170,7.567660053,9.029766639
55,75000,9,306.69,38.79,20,189.11,3,200,200,250,7.567950587,9.029903408
56,75000,7,306.69,38.99,30,151.82,3,180,120,170,7.568097334,9.02959654
57,75000,8,306.69,39.09,40,98.27,3,160,310,360,7.568317384,9.029154322
58,75000,6,306.69,39.24,20,66.1,3,200,285,330,7.568400353,9.028874332
59,75000,6,306.69,39.13,40,54.04,2,160,330,380,7.568528088,9.028775364
60,75000,6,306.69,39.24,35,37.12,1,140,280,330,7.568848477,9.028261197
61,80000,7,306.69,39.11,30,77.16,2,180,210,260,7.569032141,9.027818836
62,40000,7,306.69,38.89,60,118.44,2,100,165,210,7.569215413,9.02747594
63,75000,7,306.69,38.73,30,176.82,3,180,165,210,7.569499167,9.027024927
64,40000,7,306.69,37.58,50,235.36,6,120,100,150,7.566799352,9.024292647
65,45000,6,306.69,37.95,40,254.87,7,140,165,210,7.56690037,9.024048898
66,90000,9,306.69,37.26,20,296.1,9,220,165,210,7.566756194,9.023704725
67,50000,7,306.69,38.19,50,207.2,5,120,200,250,7.566752588,9.02461799
68,60000,6,306.69,37.41,40,238.32,6,140,165,210,7.566306896,9.024616251
69,60000,7,306.69,37.82,50,197.28,5,120,165,210,7.566542243,9.024906525
70,60000,9,306.69,37.32,20,228.64,6,200,310,360,7.566050428,9.025067368
71,60000,7,306.69,37.16,60,237.98,6,100,165,210,7.565702359,9.02568089
72,60000,8,306.69,37.35,40,197.31,5,160,165,210,7.566047392,9.025835958
73,60000,6,306.69,37.46,40,209.4,5,140,120,170,7.565910133,9.026043396
74,60000,7,306.69,37.04,30,261.01,6,180,280,330,7.565436615,9.026177183
75,65000,8,306.69,37.37,40,234.85,6,160,120,170,7.565681559,9.026340902
76,70000,7,306.69,37.41,30,281.32,4,180,120,170,7.565352001,9.026873114
77,40000,7,306.69,37.39,60,344.41,0,100,300,350,7.564850479,9.027187637
78,45000,6,306.69,37.59,40,315.41,1,140,120,170,7.565204538,9.027360826
79,95000,9,306.69,38.08,20,347.59,2,200,120,170,7.565012453,9.027631346
80,105000,7,306.69,38.3,20,372.86,3,200,120,170,7.564875121,9.027856868
81,75000,9,306.69,38.51,20,408.79,5,200,180,230,7.564502191,9.027855411
82,60000,6,306.69,38.71,40,389.42,4,140,120,170,7.564874013,9.028137177
83,105000,6,306.69,39.26,20,415.88,8,200,120,170,7.564736073,9.028516417
84,95000,9,306.69,40.4,20,465.97,15,200,220,270,7.564281172,9.028541766
85,80000,7,306.69,40.22,30,491.23,11,180,120,170,7.563629455,9.027734448
86,45000,6,306.69,39.34,40,434.01,4,140,120,170,7.564121311,9.027564566
87,60000,6,306.69,37.9,35,491.92,3,140,180,230,7.563343579,9.026422188
88,85000,9,306.69,36.99,20,422.2,3,200,120,170,7.563972727,9.026035827
89,45000,6,306.69,37.11,40,349.23,8,140,190,240,7.56477634,9.025234198
90,45000,6,306.69,37.26,40,326.96,10,140,120,170,7.565086597,9.024982224
91,45000,7,306.69,37.16,50,297.43,7,120,165,210,7.565743672,9.024433205
92,45000,7,306.69,40.08,60,345.24,11,100,165,210,7.565443834,9.028953216
93,45000,9,306.69,39.51,20,318.68,10,200,100,150,7.565968572,9.029669613
94,45000,9,306.69,39.65,20,292.31,9,200,165,210,7.566051936,9.029290159
95,45000,9,306.69,40.06,20,320.98,10,200,120,170,7.565734009,9.029180409
96,45000,6,306.69,39.51,20,359.9,16,220,165,210,7.565839264,9.030166438
97,45000,7,306.69,38.79,60,322.58,12,100,165,210,7.566284892,9.030186263
98,50000,7,306.69,38.73,50,266.32,10,120,200,250,7.566641097,9.029816917
99,80000,7,306.69,38.07,30,364.61,9,180,165,210,7.566491275,9.030901416
100,70000,8,306.69,38.13,40,239.56,2,160,285,330,7.567894191,9.030364349
101,85000,9,306.69,38.85,20,90.27,2,200,240,290,7.569027791,9.028921989
102,105000,6,306.69,38.61,35,201.42,2,160,480,300,7.568386405,9.03010404
103,40000,7,306.69,38.83,60,154.25,3,100,285,330,7.569462861,9.029312507
104,65000,8,306.69,39.07,40,169.96,3,160,210,260,7.569215917,9.029655155
105,85000,9,306.69,38.62,20,173.93,6,200,165,210,7.568821868,9.030395094
106,60000,6,306.69,38.78,40,144.14,6,140,405,450,7.569177144,9.030260843
107,75000,7,306.69,38.71,30,164,6,180,200,250,7.569998985,9.029450231
108,55000,8,306.69,38.74,40,108.26,2,160,285,330,7.569357351,9.030695579
109,95000,9,306.69,38.2,20,113.89,2,200,210,260,7.56934608,9.031247121
110,75000,7,306.69,37.21,30,183.35,1,180,330,380,7.56894354,9.031833306
111,85000,9,306.69,36.83,20,226.74,2,200,165,210,7.568533865,9.031922132
112,85000,7,306.69,36.52,30,283.47,1,180,240,290,7.568186576,9.032336727
113,85000,6,306.69,36.64,35,261.69,2,140,360,410,7.568667628,9.032600832
114,85000,7,306.69,38.78,30,118.68,2,180,405,450,7.570624964,9.029868618
115,85000,8,306.69,39.45,40,33.53,1,160,450,500,7.570230918,9.030608559
116,85000,8,306.69,39.56,40,142.44,2,160,210,260,7.571342616,9.030106513
117,85000,7,306.69,40.13,30,81.5,0,180,220,270,7.571057829,9.030819753
118,85000,8,306.69,38.74,40,88.28,2,160,285,330,7.570253929,9.031693734
119,100000,6,306.69,37.24,20,199.4,5,220,180,230,7.569232613,9.032340806
120,80000,9,306.69,38.24,20,172,7,200,165,210,7.570305511,9.032453495
121,40000,7,306.69,39.77,45,147.49,3,100,285,330,7.571977623,9.030543018
122,50000,7,306.69,40.02,50,57.01,1,120,360,410,7.571856172,9.031356361
123,100000,6,306.69,39.84,20,56.75,2,220,480,300,7.571363459,9.031743266
124,100000,7,306.69,38.64,20,145.91,8,220,220,270,7.571103999,9.032953935
125,40000,7,306.69,39.42,60,55.01,1,100,405,450,7.571852185,9.032369092
126,100000,6,306.69,39.36,20,88.62,4,220,350,400,7.57239319,9.031268026
127,60000,6,306.69,38.17,40,97.74,3,140,480,300,7.573049665,9.030872713
128,40000,7,306.69,39.1,60,32.02,1,100,450,500,7.572426122,9.032145265
129,95000,9,306.69,38.57,20,79.88,0,200,240,290,7.571813095,9.033056161
130,45000,6,306.69,39.04,40,95.52,4,140,480,300,7.573027809,9.031803994
131,85000,7,306.69,38.42,30,56.01,1,180,405,450,7.572422919,9.032959068
132,60000,6,306.69,38.8,40,94.37,1,140,450,500,7.573271658,9.032248019
133,75000,7,306.69,38.68,30,23.85,1,180,480,300,7.573669393,9.032882532
134,80000,7,306.69,38.38,30,74.17,1,180,300,350,7.573183747,9.033784884
135,95000,9,306.69,38.59,20,79.2,1,220,240,290,7.574180795,9.032369103
136,95000,9,306.69,38.51,20,30.59,1,200,330,380,7.57442788,9.031990282
137,95000,7,306.69,38.51,20,67.08,2,200,450,500,7.57486296,9.032380794
138,95000,8,306.69,38.66,40,69.35,2,160,230,280,7.574414803,9.033002979
139,95000,6,306.69,38.63,40,49.48,1,140,600,450,7.574011344,9.03382427
140,95000,6,306.69,39.09,40,45.88,0,140,480,300,7.574572882,9.029811628
141,95000,7,306.69,38.29,30,93.91,3,180,360,410,7.574270335,9.030416293
142,75000,9,306.69,38,20,10.77,0,200,280,330,7.573922059,9.031084078
143,95000,9,306.69,39.16,20,60.44,2,200,285,330,7.57481595,9.030454581
144,60000,6,306.69,39.03,40,35.44,1,140,720,380,7.574685871,9.031150341
145,75000,7,306.69,39.39,30,59.51,0,180,450,500,7.575462935,9.030158693
146,40000,7,306.69,39.1,60,99.76,1,100,180,230,7.575915922,9.030621613
147,65000,8,306.69,39.09,40,89.47,2,160,285,330,7.575359293,9.031071573
148,85000,9,306.69,38.93,20,57.71,1,200,300,350,7.57543931,9.031542089
149,40000,7,306.69,37.76,60,229.59,8,100,120,170,7.570067019,9.032958939
150,45000,6,306.69,37.73,40,36.36,1,140,645,400,7.572336891,9.034016692
151,65000,8,306.69,38.09,35,129.4,5,160,285,330,7.573608308,9.034537053
152,40000,7,306.69,37.44,60,121.5,4,100,360,410,7.572406455,9.034830778
153,40000,9,306.69,37.18,20,177.72,4,200,210,260,7.570971631,9.034228396
154,40000,8,306.69,37.67,40,230.65,7,160,380,430,7.570372363,9.03395479
155,40000,7,306.69,36.98,30,294.54,6,180,210,260,7.569283194,9.033353749
156,40000,7,306.69,37.85,20,178.72,2,200,210,260,7.573360438,9.035114802
157,40000,8,306.69,37.8,40,196.02,9,160,380,430,7.572977087,9.03544788
158,90000,9,306.69,37.13,20,224.45,11,200,210,260,7.57194827,9.035688021
159,105000,9,306.69,36.72,20,215.2,11,220,180,230,7.571340365,9.035296833
160,70000,8,306.69,36.65,40,210.11,5,160,210,260,7.571041549,9.034952059
161,70000,6,306.69,37.11,35,250.91,6,140,210,260,7.570559601,9.034914012
162,70000,8,306.69,37.2,40,332.63,7,160,180,230,7.569740814,9.034946991
163,70000,9,306.69,37.29,20,389.28,1,200,210,260,7.569041989,9.034546402
164,70000,6,306.69,38.49,20,448.99,3,220,370,420,7.568774921,9.035377259
165,105000,7,306.69,37.04,30,338.76,10,180,210,260,7.570364555,9.035935041
166,40000,7,306.69,37.31,50,305.81,18,100,210,260,7.571645428,9.036365021
167,100000,6,306.69,37.52,20,308.01,18,220,320,370,7.572527143,9.036522173
168,40000,7,306.69,37.69,60,400.05,22,100,210,260,7.572232828,9.037343885
169,50000,7,306.69,37.23,50,420.33,23,120,140,190,7.571350433,9.037358535
170,55000,6,306.69,37.03,40,378.8,18,140,210,260,7.570979667,9.036805506
171,70000,8,306.69,37.13,35,426.9,11,160,210,260,7.570396839,9.03697504
172,50000,7,306.69,38.47,60,473.33,10,100,180,230,7.569560462,9.036854229
173,80000,7,306.69,40.38,30,531.51,18,180,210,260,7.568326179,9.03614411
174,80000,8,306.69,40.03,40,527.39,16,160,210,260,7.568649497,9.037194286
175,80000,9,306.69,39.73,20,463.04,4,200,190,240,7.568474136,9.03783561
176,80000,6,306.69,38.6,20,488.07,26,200,210,260,7.569567204,9.037451052
177,80000,7,306.69,37.89,50,474.22,15,220,210,260,7.570313192,9.037426833
178,80000,7,306.69,37.51,30,469.3,24,180,400,450,7.571112402,9.03774643
179,80000,8,306.69,38.14,40,470.34,17,160,210,260,7.571765613,9.038183008
180,80000,6,306.69,38.02,40,405.81,9,140,120,170,7.57163588,9.038788343
181,80000,7,306.69,38.2,30,379.33,16,180,280,330,7.570472536,9.038539666
182,50000,7,306.69,37.95,30,323.36,12,180,120,170,7.570470467,9.039064116
183,60000,6,306.69,38.09,40,373.55,9,140,120,170,7.569945102,9.038501441
184,50000,7,306.69,36.97,50,268.75,9,120,165,210,7.5694502,9.039439918
185,70000,8,306.69,38.35,40,342.38,2,160,380,430,7.567977409,9.039235239
186,95000,8,306.69,38.09,35,297.26,6,160,165,210,7.567802045,9.039876562
187,95000,9,306.69,37.59,20,231.68,8,200,120,170,7.568410416,9.040150208
188,65000,8,306.69,38.05,40,237.2,0,160,165,210,7.567899351,9.040573204
189,45000,6,306.69,37.72,40,186.42,6,140,280,330,7.569838373,9.040191949
190,40000,7,306.69,37.75,60,72.57,3,100,360,410,7.569488649,9.041221415
191,55000,6,306.69,36.6,40,112.72,3,140,450,500,7.569245864,9.042811926
192,55000,6,306.69,37.47,40,159.14,6,140,450,500,7.568626081,9.040820185
193,85000,9,306.69,37.8,40,196.45,4,200,165,210,7.567914506,9.041341864
194,90000,8,306.69,37.28,40,222.3,9,160,210,260,7.567611436,9.042073112
195,60000,6,306.69,37.06,40,128.72,1,140,280,330,7.568466588,9.042049325
196,100000,7,306.69,37.58,20,306.37,15,220,285,330,7.567107247,9.04305676
197,100000,9,306.69,36.72,20,196.6,3,220,210,260,7.568063638,9.042734971
198,40000,7,306.69,37.79,60,211.02,2,100,330,380,7.568334382,9.043278571
199,50000,6,306.69,37.08,40,192.63,4,140,480,300,7.569388333,9.043590125
200,75000,7,306.69,38.06,30,230.85,2,180,330,380,7.568805386,9.043786782
201,95000,9,306.69,38.95,50,101.84,0,200,285,330,7.576224368,9.030830785
202,55000,6,306.69,38.98,40,138.64,2,140,570,280,7.576104559,9.031228186
203,65000,7,306.69,38.98,30,105.08,1,180,480,300,7.57589418,9.031525769
204,105000,6,306.69,38.61,20,72.84,0,200,720,380,7.575628977,9.031886436
205,65000,8,306.69,38.76,40,87.14,1,160,300,350,7.57657943,9.03075078
206,60000,6,306.69,38.79,40,113.88,4,140,600,450,7.576887771,9.030987078
207,75000,7,306.69,38.96,30,137.06,2,180,450,500,7.576568561,9.031202858
208,105000,7,306.69,39.14,20,132.09,4,200,380,430,7.576576273,9.031555542
209,45000,6,306.69,38.87,40,55.07,3,140,765,280,7.577341471,9.031269151
210,80000,7,306.69,39.19,30,85.29,4,180,525,480,7.57700421,9.031448692
211,80000,7,306.69,38.65,30,27.07,1,180,600,450,7.577531458,9.031532117
212,95000,9,306.69,38.39,20,146.49,2,200,165,210,7.576264809,9.032114963
213,85000,9,306.69,38.37,35,131.61,2,200,270,320,7.576810179,9.032216544
214,40000,7,306.69,37.91,60,152.63,1,100,240,290,7.576963179,9.032633088
215,100000,7,306.69,38.43,30,76.69,1,180,310,360,7.575418064,9.032319653
216,95000,9,306.69,38.51,20,105.72,2,200,210,260,7.575143586,9.032725495
217,95000,9,306.69,38.61,20,90.44,2,200,380,430,7.574924003,9.033050169
218,95000,9,306.69,38.6,20,39.66,0,200,285,330,7.574749331,9.033519695
219,95000,7,306.69,38.54,50,79.4,2,120,450,500,7.57520502,9.033295405
220,95000,9,306.69,38.22,50,118.98,1,200,165,210,7.575872616,9.032384713
221,95000,7,306.69,38.04,30,144.81,0,180,240,290,7.57577082,9.032827396
222,50000,7,306.69,38.31,50,85.98,3,120,360,410,7.575559517,9.033360077
223,75000,7,306.69,38.48,30,35.47,1,180,525,480,7.575248866,9.033711525
224,80000,7,306.69,38.16,30,105.39,3,180,285,330,7.575931957,9.033488116
225,75000,7,306.69,38.46,30,55.11,0,180,570,280,7.575620241,9.034110832
226,80000,7,306.69,38.3,30,104.04,0,180,330,380,7.576028818,9.034302308
227,80000,9,306.69,37.82,20,150.88,4,200,165,210,7.576422894,9.033553318
228,80000,7,306.69,37.74,30,188.67,5,180,300,350,7.576534105,9.03302929
229,100000,6,306.69,38.47,20,107.45,0,220,360,410,7.575735897,9.034771376
230,55000,6,306.69,37.67,40,156.85,2,140,360,410,7.575569859,9.035358488
231,60000,6,306.69,38.59,40,78.11,1,140,480,300,7.575354218,9.034679471
232,50000,7,306.69,38.45,50,118.6,3,120,330,380,7.574861574,9.035048296
233,45000,6,306.69,38.67,40,42.38,2,140,690,500,7.57500068,9.034370656
234,95000,9,306.69,38.49,20,100.9,4,200,320,370,7.574544526,9.034712496
235,50000,6,306.69,38.44,40,66.73,2,140,480,300,7.574246027,9.034286344
236,65000,8,306.69,37.72,40,172.24,4,160,210,260,7.573778822,9.035125471
237,90000,9,306.69,37.44,20,201.09,7,200,165,210,7.575067727,9.035826743
238,90000,9,306.69,37.8,20,234.88,6,200,200,250,7.573403749,9.035666556
239,55000,6,306.69,37.09,40,223.29,7,140,330,380,7.574512439,9.035933094
240,105000,6,306.69,36.3,20,251.73,10,200,285,330,7.575457154,9.03626229
241,55000,6,306.69,37.64,40,304.38,17,140,220,270,7.573018653,9.036442704
242,105000,9,306.69,37.34,20,367.9,14,200,285,330,7.573471572,9.036923712
243,95000,9,306.69,36.44,20,369.86,18,200,285,330,7.573952812,9.0371426
244,100000,6,306.69,36.7,20,438.77,15,200,270,320,7.574877382,9.037969051
245,90000,9,306.69,36.44,20,446.23,0,200,165,210,7.575504376,9.038134249
246,70000,8,306.69,36.67,40,378.76,2,160,165,210,7.576105219,9.038009989
247,100000,5,306.69,37.56,20,462.39,22,220,320,370,7.573567822,9.037891622
248,60000,6,306.69,38.01,40,421.35,19,140,120,170,7.572978033,9.03751859
249,100000,7,306.69,38.29,20,463.04,23,220,210,260,7.572548913,9.037923828
250,45000,6,306.69,37.88,40,473.06,18,140,120,170,7.572690748,9.038864788
251,70000,9,306.69,37.7,20,544.23,22,220,410,460,7.573564727,9.038678298
252,45000,6,306.69,37.35,40,527.8,19,140,120,170,7.574237771,9.038698999
253,95000,9,306.69,36.3,20,374.88,2,200,120,170,7.576339304,9.03862578
254,65000,8,306.69,36.12,40,365,0,160,120,170,7.576809819,9.039260574
255,90000,9,306.69,36.09,20,440.65,3,200,120,170,7.575927916,9.039148642
256,90000,9,306.69,36.27,20,509.4,3,200,120,170,7.575236571,9.039155
257,90000,7,306.69,36.83,30,578.28,8,180,120,170,7.574635477,9.039342555
258,90000,9,306.69,36.4,35,598.07,3,200,120,170,7.574651891,9.039794738
259,90000,8,306.69,37.4,40,541.94,28,160,120,170,7.573853171,9.039348556
260,90000,9,306.69,35.8,20,537.82,9,200,120,170,7.575422508,9.040448785
261,70000,8,306.69,36.3,40,419.44,13,160,90,140,7.576587746,9.040218207
262,60000,8,306.69,35.92,40,467.74,27,160,90,140,7.573729369,9.040758687
263,65000,8,306.69,36.17,45,465.28,30,160,90,140,7.57381816,9.041310618
264,80000,7,306.69,36.71,30,496.23,28,180,90,140,7.574133753,9.042017152
265,55000,6,306.69,35.67,40,578.36,35,140,90,140,7.574793092,9.040898459
266,80000,7,306.69,35.82,30,578.02,21,180,90,140,7.575016124,9.04201154
267,80000,9,306.69,36.56,20,548.89,15,200,90,140,7.575422824,9.042682257
268,80000,6,306.69,36.67,40,569.17,13,140,90,140,7.575429609,9.043270039
269,80000,6,306.69,36.31,20,405.76,11,200,120,170,7.576643606,9.042207752
270,80000,7,306.69,36.03,30,380.87,10,180,120,170,7.576969899,9.042507417
271,65000,8,306.69,36.34,40,351.37,6,160,120,170,7.577830388,9.043442123
272,45000,6,306.69,36.19,40,405.94,8,140,165,210,7.578081606,9.044329253
273,50000,7,306.69,35.29,50,431,9,120,165,210,7.578160456,9.045098164
274,40000,7,306.69,36.24,60,414.42,8,100,165,210,7.577229359,9.043611597
275,85000,9,306.69,36.35,20,430.59,8,200,165,210,7.577608953,9.044236996
276,105000,9,306.69,35.94,20,475.84,10,220,165,210,7.577379486,9.044760565
277,75000,7,306.69,35.65,30,509.01,6,180,120,170,7.576406286,9.044729659
278,85000,9,306.69,36.34,20,576.85,4,200,120,170,7.575379043,9.044562905
279,65000,8,306.69,37,40,606.85,36,160,120,170,7.574744863,9.043909388
280,70000,8,306.69,36.66,40,597.34,1,160,120,170,7.574485861,9.04500251
281,55000,6,306.69,36.84,40,588.59,37,140,120,170,7.574104705,9.044774968
282,55000,7,306.69,37.16,30,534.18,31,180,120,170,7.574163981,9.043581603
283,55000,6,306.69,37.4,20,353.01,5,200,165,210,7.571833002,9.03954867
284,55000,9,306.69,36.93,20,469.66,21,200,165,210,7.573414348,9.039907478
285,55000,7,306.69,36.65,60,393.91,12,100,165,210,7.572650055,9.039958758
286,55000,9,306.69,37.04,20,317.62,11,200,165,210,7.57195789,9.040173081
287,55000,9,306.69,37.81,20,223.62,10,200,210,260,7.57055747,9.040068159
288,70000,8,306.69,37.46,40,178.75,11,160,240,290,7.57068257,9.040638317
289,100000,6,306.69,36.45,20,242.92,14,220,480,300,7.571735447,9.041221131
290,40000,7,306.69,36.98,60,47.76,2,100,570,280,7.570031317,9.042010219
291,60000,6,306.69,36.54,40,131.19,12,140,450,500,7.570813913,9.041931888
292,75000,7,306.69,36.97,30,145.66,10,180,330,380,7.570382394,9.042942952
293,90000,9,306.69,36.93,20,188.32,20,200,165,210,7.571046956,9.042809907
294,60000,6,306.69,37.63,40,284.86,16,140,480,300,7.571754431,9.04332808
295,105000,9,306.69,36.87,20,458.75,30,200,480,300,7.57306997,9.044201271
296,40000,7,306.69,36.49,60,564.72,38,100,480,300,7.573466076,9.04525173
297,85000,9,306.69,37.21,20,489.34,35,200,480,300,7.57273013,9.045031847
298,45000,6,306.69,37.74,35,409.46,27,140,210,260,7.572286692,9.044451408
299,65000,7,306.69,36.71,30,525.76,23,180,210,260,7.57215364,9.045897671
300,45000,6,306.69,36.85,40,429.38,9,140,210,260,7.571300654,9.045369889
301,100000,7,306.69,39.09,20,192.46,2,220,165,210,7.570054548,9.026891454
302,100000,8,306.69,39.07,40,222.27,3,160,210,260,7.570329453,9.026377108
303,100000,6,306.69,38.99,40,264.75,4,140,360,410,7.570540616,9.025880599
304,100000,7,306.69,39.06,50,283.44,4,120,240,290,7.570796225,9.025646492
305,100000,7,306.69,39.15,30,269.03,4,180,240,290,7.571214276,9.025738542
306,100000,9,306.69,39.17,20,239.04,4,200,210,260,7.570903844,9.026035733
307,100000,6,306.69,39.32,40,179.36,3,140,525,480,7.570491789,9.026730393
308,70000,8,306.69,39.33,35,147.41,3,160,330,380,7.570453981,9.027091941
309,65000,8,306.69,39.34,40,183.85,3,160,285,330,7.570829012,9.0265599
310,105000,7,306.69,39.51,20,216.09,4,200,360,410,7.571521577,9.026237068
311,100000,6,306.69,39.35,20,114.04,2,200,450,500,7.570780827,9.027246934
312,65000,8,306.69,39.31,40,73.16,1,160,450,500,7.571125401,9.027519546
313,70000,8,306.69,39.38,40,114.74,2,160,240,290,7.571126897,9.027139772
314,90000,9,306.69,39.52,20,152.21,4,200,210,260,7.571319262,9.026796909
315,70000,8,306.69,39.92,40,208.63,4,160,120,170,7.572175339,9.026528967
316,90000,9,306.69,39.89,20,147.33,3,220,240,290,7.571782545,9.026952432
317,45000,6,306.69,39.48,40,57.28,2,140,765,280,7.571615439,9.027810809
318,60000,6,306.69,40.25,40,110.26,1,140,450,500,7.572025785,9.027550175
319,40000,7,306.69,40.23,60,154.15,3,100,405,450,7.572236413,9.027189299
320,40000,7,306.69,40.23,60,196.76,4,100,405,450,7.572455994,9.026864626
321,105000,6,306.69,40.54,20,190.08,4,200,525,480,7.572781383,9.02739035
322,100000,5,306.69,40.39,40,183.97,0,160,840,550,7.572879695,9.027833809
323,100000,9,306.69,40.19,20,60,1,200,360,410,7.572332555,9.028184335
324,100000,6,306.69,39.98,40,164.91,3,140,525,480,7.572722825,9.02840287
325,100000,6,306.69,39.98,40,193.76,3,140,210,260,7.572967951,9.028521374
326,100000,9,306.69,40.49,20,229.71,3,200,210,260,7.573262468,9.027645406
327,100000,8,306.69,40.56,40,244.77,5,160,210,260,7.573300096,9.027329068
328,100000,7,306.69,40.47,30,280.49,5,180,210,260,7.573555669,9.027104001
329,45000,9,306.69,40.2,20,226.08,0,200,210,260,7.573296541,9.028233294
330,60000,6,306.69,39.69,40,208.21,3,140,210,260,7.573448897,9.028812599
331,80000,7,306.69,39.98,30,227.73,4,180,120,170,7.573486524,9.028496261
332,105000,7,306.69,40.27,20,263.29,2,200,120,170,7.573625131,9.027945214
333,70000,8,306.69,40.22,40,295.58,7,160,120,170,7.573908951,9.027476111
334,75000,7,306.69,39.66,30,258.31,8,180,120,170,7.574554154,9.027632337
335,75000,7,306.69,40.18,30,217.61,6,180,120,170,7.574315921,9.02807449
336,75000,7,306.69,39.79,30,112.01,5,180,330,380,7.574621629,9.028979916
337,60000,6,306.69,39.25,40,106.78,3,140,450,500,7.574284015,9.029249877
338,65000,8,306.69,39.25,40,62.43,2,160,285,330,7.574674358,9.029450326
339,50000,7,306.69,39.74,50,68.25,3,120,405,450,7.575093268,9.029325358
340,50000,8,306.69,40.02,35,117.72,4,160,285,330,7.575095043,9.028873245
341,50000,6,306.69,39.99,40,150.76,4,140,450,500,7.575187138,9.028584245
342,50000,7,306.69,39.73,30,187.24,4,180,285,330,7.575379324,9.028286592
343,50000,9,306.69,39.69,20,196.98,1,200,165,210,7.57581575,9.028333497
344,50000,8,306.69,39.86,40,151.79,4,160,240,290,7.575704895,9.028767102
345,50000,6,306.69,39.53,40,52.17,2,140,525,480,7.575436925,9.029833066
346,50000,7,306.69,39.52,30,109.81,1,180,330,380,7.575930696,9.029174886
347,50000,8,306.69,39.41,40,145.99,3,160,240,290,7.576323843,9.028660994
348,70000,7,306.69,39.31,30,97.02,2,180,360,410,7.576322069,9.029113107
349,75000,7,306.69,39.4,30,76.22,0,180,360,410,7.575992948,9.029536824
350,90000,9,306.69,39.19,50,71.81,2,200,240,290,7.575899753,9.030106133
351,70000,8,306.69,39.08,40,61.2,1,160,285,330,7.576584681,9.029412524
352,75000,7,306.69,39,30,125.25,2,180,330,380,7.576923252,9.02889842
353,100000,6,306.69,39.07,20,293.9,5,220,120,170,7.571460718,9.025522483
354,70000,8,306.69,38.96,35,340.3,5,160,120,170,7.571971435,9.025180858
355,80000,9,306.69,39.24,20,267.37,4,200,120,170,7.571777933,9.025813073
356,95000,9,306.69,39.11,20,296.45,5,200,120,170,7.572024338,9.025606056
357,90000,9,306.69,39.14,20,328.4,6,200,120,170,7.572506914,9.025481338
358,40000,7,306.69,39.52,60,271.15,4,100,120,170,7.572205045,9.0259142
359,55000,6,306.69,39.9,40,260.71,4,140,120,170,7.572576765,9.026223086
360,100000,6,306.69,39.4,20,327.27,7,200,90,140,7.572906206,9.025717992
361,85000,9,306.69,39.7,20,291.29,6,200,90,140,7.572931823,9.026143084
362,105000,9,306.69,39.31,20,339.84,8,200,90,140,7.573323903,9.025900463
363,100000,9,306.69,39.9,20,306.22,6,220,90,140,7.573249751,9.026252828
364,100000,8,306.69,40.18,40,268.07,5,160,90,140,7.573012263,9.026505092
365,100000,9,306.69,39.44,20,355.76,7,200,90,140,7.573777629,9.026173497
366,100000,6,306.69,40.11,40,310.04,7,140,90,140,7.57353062,9.026534233
367,100000,8,306.69,39.77,40,357.58,7,160,90,140,7.574030998,9.026509049
368,100000,9,306.69,39.24,20,306.79,10,200,90,140,7.574492188,9.027198061
369,80000,8,306.69,39.01,40,356.72,11,160,90,140,7.574584993,9.026728217
370,65000,8,306.69,39.17,40,244,3,160,90,140,7.576145331,9.027792231
371,80000,7,306.69,39.46,30,183.17,4,180,330,380,7.576470761,9.028308909
372,60000,6,306.69,39.29,40,237.61,5,140,120,170,7.576700074,9.027821508
373,60000,6,306.69,39.11,20,157.43,4,200,405,450,7.576915361,9.028590947
374,60000,7,306.69,38.94,20,203.97,3,200,330,380,7.577144213,9.028221095
375,60000,7,306.69,38.84,30,136.36,1,180,330,380,7.577332107,9.029017555
376,70000,8,306.69,38.85,40,45.04,1,160,360,410,7.576553633,9.030370899
377,50000,7,306.69,38.78,50,47.68,2,120,480,300,7.576964263,9.030037922
378,80000,7,306.69,38.74,30,79.16,0,180,360,410,7.577184091,9.02964995
379,40000,7,306.69,38.61,50,112.36,1,100,330,380,7.57749353,9.029605937
380,100000,7,306.69,38.77,20,82.86,0,220,330,380,7.577199517,9.030355318
381,70000,8,306.69,38.76,40,93.41,3,160,240,290,7.577052882,9.030635064
382,70000,7,306.69,38.78,30,54.82,0,180,450,500,7.57752729,9.030275206
383,85000,9,306.69,38.63,20,82.46,2,200,285,330,7.577628835,9.029895819
384,70000,8,306.69,38.48,40,118.11,2,160,330,380,7.577875914,9.029516994
385,95000,9,306.69,38.74,20,55.58,0,200,285,330,7.577991928,9.030087116
386,65000,8,306.69,38.73,40,53.54,1,160,360,410,7.577651833,9.030990039
387,65000,6,306.69,38.76,40,48.84,1,140,645,400,7.578105746,9.031217858
388,65000,9,306.69,38.9,20,88.2,2,200,285,330,7.578623544,9.031391669
389,65000,9,306.69,39.06,20,42.2,0,200,285,330,7.578371089,9.030821019
390,65000,7,306.69,38.98,20,38.48,0,200,450,500,7.578236137,9.030440715
391,75000,7,306.69,39.07,30,47.76,1,180,480,300,7.578825179,9.031003626
392,70000,8,306.69,39.1,40,15.62,0,160,450,500,7.57857244,9.030505315
393,105000,9,306.69,39.09,20,23.19,1,200,360,410,7.578890551,9.030569843
394,60000,6,306.69,39.07,35,46.49,1,140,645,400,7.579080929,9.030733343
395,90000,9,306.69,39.04,20,65.73,0,200,285,330,7.579263911,9.030462779
396,80000,7,306.69,38.83,30,52.2,1,180,480,300,7.578819448,9.030144574
397,60000,7,306.69,38.81,30,67.36,1,180,480,300,7.57849249,9.030016715
398,95000,9,306.69,39.04,20,56.73,0,200,285,330,7.579073675,9.03026311
399,60000,6,306.69,38.9,40,135.2,2,140,570,280,7.579900735,9.030438116
400,65000,8,306.69,38.83,40,143.39,3,160,330,380,7.579883888,9.030094439
401,95000,9,306.69,38.11,20,121.56,3,200,240,290,7.601445328,9.031524538
402,60000,6,306.69,38,40,66.03,2,140,645,400,7.600361743,9.031818811
403,95000,9,306.69,38.44,20,155.97,5,220,240,290,7.601452018,9.032148496
404,100000,6,306.69,38.33,20,116.73,3,220,570,280,7.600560147,9.032262649
405,60000,6,306.69,38.49,40,151.73,2,140,570,280,7.600267432,9.03268653
406,50000,7,306.69,38.15,50,44.18,3,120,480,300,7.599533789,9.031869908
407,100000,5,306.69,38.14,20,69.32,1,220,480,300,7.599413236,9.032466252
408,50000,7,306.69,37.94,50,91.55,2,120,480,300,7.598821186,9.032671969
409,100000,7,306.69,37.62,20,37.7,0,220,480,300,7.59881457,9.032029928
410,75000,7,306.69,37.34,30,94.34,3,180,405,450,7.598230953,9.032407484
411,80000,9,306.69,36.57,20,103.46,2,200,240,290,7.597448094,9.032558215
412,50000,7,306.69,36.7,50,196.36,2,120,405,450,7.596945116,9.033252564
413,100000,6,306.69,37.83,20,187.96,6,220,525,480,7.597945234,9.033373938
414,40000,7,306.69,38.42,60,220.1,1,100,360,410,7.59849849,9.033792005
415,65000,8,306.69,38.16,40,163.62,0,160,330,380,7.598600504,9.033286016
416,50000,7,306.69,38.33,50,138.36,3,120,405,450,7.599219564,9.033152742
417,90000,9,306.69,38.61,20,213.04,2,200,210,260,7.599317037,9.033822258
418,40000,7,306.69,38.53,50,145.72,2,120,405,450,7.599966318,9.032929529
419,50000,7,306.69,38.78,50,256.45,2,120,330,380,7.600563556,9.033736588
420,50000,7,306.69,38.76,30,180.25,2,180,405,450,7.60089475,9.032770304
421,50000,7,306.69,38.81,20,214.46,1,200,360,410,7.601330805,9.032916646
422,50000,8,306.69,38.47,40,319.04,2,160,210,260,7.601581905,9.03384898
423,50000,9,306.69,38.22,20,311.67,8,220,165,210,7.602257007,9.033336129
424,50000,7,306.69,37.97,50,247.03,6,100,330,380,7.6021964,9.032540159
425,95000,9,306.69,37.71,20,145.5,1,200,210,260,7.597375784,9.034791432
426,65000,8,306.69,37.88,40,243.13,5,160,240,290,7.597697681,9.033879371
427,95000,9,306.69,38.69,20,277.12,3,200,210,260,7.599050978,9.034409004
428,100000,9,306.69,38.51,20,259.28,2,220,210,260,7.598487646,9.034244088
429,100000,6,306.69,38.47,40,223.83,1,140,480,300,7.598132373,9.034378368
430,100000,7,306.69,38.55,30,221.54,7,180,360,410,7.598847439,9.03529439
431,100000,6,306.69,38.86,40,254.95,6,140,450,500,7.599255579,9.035603393
432,100000,7,306.69,38.8,60,256.85,3,100,330,380,7.600025663,9.034051024
433,60000,6,306.69,38.95,40,304.61,2,140,450,500,7.600440665,9.034938771
434,70000,8,306.69,39.1,40,322.06,7,160,240,290,7.599865372,9.035515296
435,70000,8,306.69,38.87,35,318.11,5,160,240,290,7.599586359,9.034745619
436,90000,9,306.69,38.81,20,320.63,1,200,210,260,7.600678806,9.034514682
437,95000,9,306.69,38.86,20,256.73,4,200,240,290,7.600830963,9.035157279
438,105000,7,306.69,38.62,30,260.6,4,180,405,450,7.601351154,9.03471618
439,55000,6,306.69,38.6,40,318.02,3,140,450,500,7.601271381,9.034173326
440,55000,6,306.69,38.31,40,301.88,2,140,450,500,7.60230883,9.034050684
441,90000,9,306.69,38.38,20,234.06,2,200,240,290,7.602233656,9.03467433
442,45000,6,306.69,38.38,40,234.36,4,140,525,480,7.601805753,9.034772168
443,100000,7,306.69,38.69,20,132,1,220,525,480,7.602257355,9.035605798
444,60000,6,306.69,38.99,40,206.63,7,140,405,450,7.600956146,9.035718391
445,80000,9,306.69,38.98,20,138.22,4,200,330,380,7.601519029,9.036000854
446,85000,9,306.69,38.98,20,80.99,2,200,360,410,7.602109689,9.036156827
447,85000,7,306.69,38.82,60,26.17,0,100,600,450,7.602335351,9.036609812
448,85000,9,306.69,38.88,20,109.66,4,200,360,410,7.601524498,9.036941294
449,85000,6,306.69,38.94,20,174.52,9,200,690,500,7.600934709,9.036559261
450,85000,7,306.69,38.85,20,255.15,11,200,405,450,7.600249596,9.037307175
451,40000,7,306.69,38.72,60,297.06,11,100,405,450,7.599805767,9.036817186
452,105000,7,306.69,38.93,20,276.74,10,220,405,450,7.60006294,9.036176151
453,60000,6,306.69,38.66,40,261.28,9,140,525,480,7.599203985,9.037185631
454,55000,6,306.69,38.63,40,209.29,8,140,600,450,7.598731785,9.036975851
455,95000,9,306.69,38.72,20,238.03,6,200,285,330,7.599144539,9.036091263
456,95000,9,306.69,38.33,20,160.65,8,200,330,380,7.59836979,9.036495216
457,95000,7,306.69,38.28,20,152.07,6,220,480,300,7.598353939,9.03588931
458,95000,7,306.69,38.05,50,112.64,4,120,525,480,7.597849488,9.036963437
459,95000,6,306.69,38.38,40,177.19,4,140,645,400,7.598446858,9.035383285
460,95000,7,306.69,38.13,30,159.15,2,180,480,300,7.598102148,9.035137822
461,95000,6,306.69,37.95,40,97.59,2,140,765,280,7.597618897,9.035434377
462,90000,9,306.69,37.98,20,80.06,3,200,360,410,7.597662979,9.035796245
463,45000,6,306.69,37.63,40,70.01,1,140,810,550,7.597218561,9.035459974
464,85000,9,306.69,37.42,50,183.13,4,200,285,330,7.596922516,9.03439183
465,105000,7,306.69,37.42,20,116.71,4,200,525,480,7.596628885,9.035050808
466,105000,6,306.69,37.41,20,86.05,5,220,765,280,7.596490938,9.035439107
467,95000,9,306.69,37.36,20,46.53,3,200,405,450,7.596561607,9.035981926
468,65000,8,306.69,37.37,40,52.33,3,160,480,300,7.596495029,9.036732196
469,65000,8,306.69,37.9,40,70.72,4,160,480,300,7.597332473,9.036581677
470,50000,7,306.69,38.06,50,67.12,3,120,645,400,7.597119307,9.037602662
471,70000,8,306.69,38.23,40,141.82,4,160,360,410,7.597964976,9.037678235
472,80000,7,306.69,38.64,30,211.68,8,180,450,500,7.598674726,9.037617649
473,85000,7,306.69,38.52,20,221.62,10,180,450,500,7.598490529,9.038204707
474,95000,9,306.69,38.34,20,155.08,6,200,330,380,7.597635413,9.038219524
475,75000,7,306.69,38.49,30,248.6,11,180,450,500,7.598178669,9.038872659
476,50000,7,306.69,38.54,50,260.95,10,120,450,500,7.598524922,9.03872026
477,80000,7,306.69,38.8,30,297.67,10,180,405,450,7.599346135,9.038063295
478,45000,6,306.69,39.25,35,368.4,15,140,360,410,7.599825512,9.038770439
479,80000,7,306.69,38.67,30,315.36,11,180,285,330,7.599198219,9.038677619
480,85000,9,306.69,38.78,20,346.99,9,220,165,210,7.599232962,9.039102749
481,100000,7,306.69,38.47,20,317.16,10,220,240,290,7.598686557,9.039263426
482,105000,6,306.69,38.67,20,409.42,6,200,240,290,7.599458097,9.03969137
483,60000,6,306.69,39.18,40,461.86,7,140,210,260,7.599920575,9.040063878
484,105000,9,306.69,39.83,20,371.01,12,200,120,170,7.600450605,9.039432926
485,40000,7,306.69,39.63,35,398.42,12,100,240,290,7.600667205,9.039876835
486,55000,6,306.69,39.62,40,463.79,9,140,210,260,7.600646463,9.040536857
487,55000,7,306.69,38.98,30,308.15,12,180,285,330,7.599983186,9.037984345
488,55000,8,306.69,39.72,40,337.38,11,160,210,260,7.600379615,9.038971489
489,55000,7,306.69,39.73,50,324.49,9,120,240,290,7.601006001,9.039299408
490,55000,9,306.69,39.35,20,270.65,7,200,240,290,7.60145294,9.038984625
491,55000,9,306.69,39.03,20,180.23,7,200,285,330,7.601765143,9.038226246
492,55000,9,306.69,39.34,20,391.76,6,200,165,210,7.601493851,9.040169348
493,75000,7,306.69,39.23,30,322.41,6,180,285,330,7.601723526,9.039582461
494,55000,6,306.69,39.2,40,337,4,140,360,410,7.602259335,9.039810566
495,85000,9,306.69,39.25,35,319.9,3,200,165,210,7.602887642,9.039641153
496,90000,9,306.69,39.22,20,253.51,3,200,285,330,7.602644273,9.039061506
497,90000,9,306.69,39.12,20,229.11,4,220,285,330,7.602217655,9.038824775
498,90000,7,306.69,39.23,30,177.55,5,180,480,300,7.60262873,9.038374217
499,90000,7,306.69,38.89,50,106.47,3,120,525,480,7.60259482,9.03773207
500,90000,9,306.69,38.6,20,77.01,4,200,360,410,7.601951044,9.03719611
501,105000,7,306.69,39.18,30,87.09,0,180,570,280,7.59536622,9.053375059
502,80000,9,306.69,39.01,20,202.25,5,220,240,290,7.596382094,9.054138521
503,60000,6,306.69,38.12,40,303.64,11,140,360,410,7.59632348,9.05517818
504,100000,6,306.69,38.69,20,241.25,11,220,600,450,7.59739161,9.054196644
505,100000,7,306.69,39.52,20,116.1,0,220,480,300,7.597278331,9.052912179
506,50000,7,306.69,39.32,50,142.04,2,120,480,300,7.59628535,9.050937117
507,70000,8,306.69,39.13,40,160.8,5,160,360,410,7.595265729,9.051141185
508,55000,6,306.69,39.8,40,169.12,2,140,600,450,7.59754921,9.051086637
509,55000,8,306.69,39.82,40,115.69,5,160,360,410,7.597991159,9.052064916
510,80000,7,306.69,40.4,30,126.15,3,180,480,300,7.600116543,9.052904953
511,90000,9,306.69,39.7,20,213.46,16,200,285,330,7.600221715,9.053936198
512,75000,7,306.69,40.39,30,104,3,180,480,300,7.600738015,9.052156802
513,75000,7,306.69,39.56,30,212.21,16,180,450,500,7.60222132,9.052017786
514,95000,7,306.69,40.75,30,76.69,0,180,525,480,7.600404553,9.051350747
515,55000,6,306.69,40.32,40,99.01,0,140,690,500,7.598957322,9.051571277
516,85000,9,306.69,40.02,20,260,2,200,285,330,7.597707355,9.050182995
517,70000,8,306.69,40.6,40,46.01,4,160,480,300,7.601009925,9.050059984
518,70000,8,306.69,40.62,40,105.91,9,160,360,410,7.601772288,9.050515019
519,90000,9,306.69,40.44,20,129.99,4,200,285,330,7.599515712,9.050669164
520,50000,6,306.69,40.05,40,151.17,2,140,600,450,7.598621839,9.048938632
521,55000,7,306.69,40.76,40,78.6,2,140,570,280,7.600687062,9.048865143
522,95000,9,306.69,40.64,20,148.5,1,200,285,330,7.599630852,9.04912334
523,80000,7,306.69,40.52,30,158.9,6,180,450,500,7.599996776,9.048591232
524,95000,9,306.69,40.38,20,208.24,11,200,240,290,7.603686334,9.04954573
525,55000,6,306.69,40.39,40,99.41,0,140,720,380,7.601232734,9.046543307
526,40000,7,306.69,40.65,60,160.25,0,100,450,500,7.603106187,9.046658963
527,105000,9,306.69,40.29,20,220.51,5,200,240,290,7.604972323,9.046313413
528,90000,9,306.69,40.54,20,149.91,3,200,285,330,7.604622925,9.044919538
529,40000,7,306.69,40.34,60,78.23,1,100,570,280,7.602694761,9.044839853
530,100000,9,306.69,40.56,35,47.17,1,220,405,450,7.603446766,9.045620373
531,65000,8,306.69,39.84,40,147.96,3,160,330,380,7.603607959,9.043920998
532,65000,8,306.69,38.31,40,87.37,5,140,450,500,7.587515092,9.051210848
533,65000,6,306.69,38.52,20,89.27,1,200,765,280,7.58915088,9.051624062
534,65000,7,306.69,39.29,30,208.89,6,180,405,450,7.590652162,9.051539417
535,65000,9,306.69,38.3,50,213.78,4,200,240,290,7.58941094,9.050250612
536,80000,7,306.69,38.43,30,229.31,6,180,360,410,7.591113184,9.049949719
537,90000,9,306.69,39.01,20,152.74,3,200,285,330,7.589986098,9.049719322
538,95000,9,306.69,38.49,20,185.98,2,200,240,290,7.588594969,9.049551201
539,100000,7,306.69,38.54,20,143.68,2,220,450,500,7.590797833,9.049170856
540,95000,9,306.69,38.27,20,88.51,1,200,360,410,7.590466086,9.047930764
541,95000,6,306.69,38.5,40,126.57,1,140,600,450,7.592670943,9.047034993
542,95000,7,306.69,39.09,30,295.1,6,180,450,500,7.593931557,9.050358415
543,95000,7,306.69,39.74,60,202.06,5,100,450,500,7.59207256,9.051201266
544,100000,7,306.69,39.01,20,295.43,7,220,405,450,7.592294112,9.050370211
545,40000,7,306.69,38.8,60,310.11,1,100,360,410,7.593335332,9.049289116
546,60000,6,306.69,38.88,40,233.14,3,140,600,450,7.593449408,9.04802361
547,50000,7,306.69,39.71,50,187.78,3,120,450,500,7.593760934,9.052130082
548,50000,7,306.69,38.21,50,308.1,5,120,285,330,7.593967552,9.045774025
549,90000,9,306.69,38.41,20,344.48,4,200,165,210,7.59496479,9.046645926
550,55000,6,306.69,38.84,40,339.53,0,140,360,410,7.594247721,9.048587306
551,55000,6,306.69,38.85,40,304.31,1,140,360,410,7.595230176,9.048582031
552,55000,8,306.69,39.45,40,204.79,3,160,285,330,7.594474926,9.05098443
553,55000,9,306.69,38.5,20,290.72,6,200,210,260,7.595968028,9.045971586
554,55000,7,306.69,39.2,30,132.7,3,180,450,500,7.59671725,9.047466463
555,55000,6,306.69,39.46,40,121.75,1,140,600,450,7.597058816,9.04852574
556,55000,7,306.69,38.97,30,195.01,3,180,360,410,7.59706775,9.046219943
557,55000,7,306.69,39.24,50,149.6,0,120,360,410,7.597430487,9.046510691
558,60000,6,306.69,38.3,40,410.67,5,140,285,330,7.594308436,9.04466311
559,85000,9,306.69,38.82,20,320.65,6,200,165,210,7.596885832,9.043868204
560,90000,9,306.69,38.64,20,406.23,9,200,90,140,7.596689284,9.04294512
561,100000,7,306.69,38.12,30,546.36,7,180,165,210,7.59582874,9.04201045
562,55000,6,306.69,40.1,40,60.21,2,140,765,280,7.599412288,9.046834757
563,65000,8,306.69,40.59,40,73.35,3,160,405,450,7.599779573,9.045949997
564,85000,6,306.69,39.86,40,113.15,6,140,600,450,7.598263373,9.045193676
565,105000,7,306.69,40.65,20,81.22,4,200,570,280,7.599900274,9.045317484
566,75000,7,306.69,40.25,30,80.75,3,180,570,280,7.599283185,9.044935342
567,90000,9,306.69,39.19,20,229.03,6,200,285,330,7.597300799,9.044764997
568,55000,6,306.69,38.28,40,471.35,10,140,285,330,7.596386348,9.041307272
569,70000,8,306.69,38.95,35,390.93,5,160,120,170,7.598603716,9.041867344
570,70000,8,306.69,38.43,40,429.75,11,160,120,170,7.597643354,9.040869
571,40000,7,306.69,39.24,60,312.82,3,100,285,330,7.598700698,9.042663453
572,55000,7,306.69,38.41,30,319.86,10,180,285,330,7.598659058,9.039317576
573,70000,8,306.69,39.31,40,481.27,8,160,120,170,7.600128393,9.04042637
574,80000,7,306.69,39.55,30,373.61,7,180,210,260,7.599814751,9.041555484
575,75000,7,306.69,39.66,30,152.08,2,180,450,500,7.60044402,9.043492978
576,105000,7,306.69,40.35,20,178.19,7,200,405,450,7.601969421,9.044222198
577,80000,7,306.69,39.86,30,240.05,8,180,405,450,7.601764496,9.04310919
578,95000,8,306.69,39.81,40,262.49,6,160,285,330,7.603448337,9.042853375
579,70000,8,306.69,39.88,40,394.87,9,160,165,210,7.602397343,9.041764271
580,50000,7,306.69,39.57,50,365.17,1,120,210,260,7.602931555,9.040048232
581,65000,8,306.69,38.28,45,183.36,4,160,360,410,7.587919959,9.05002785
582,95000,9,306.69,38.11,20,227.27,5,200,285,330,7.586532115,9.049018788
583,90000,9,306.69,37.93,20,253.12,4,200,240,290,7.587471414,9.048416567
584,95000,6,306.69,38.41,40,86.93,0,140,765,280,7.589053282,9.048657765
585,45000,6,306.69,36.71,40,90.43,5,140,720,380,7.589233442,9.04677763
586,60000,6,306.69,36.97,40,174.18,4,140,600,450,7.590099433,9.046310756
587,80000,7,306.69,37.2,30,217.86,9,180,450,500,7.591004164,9.045238183
588,85000,9,306.69,37.12,20,280.06,11,200,240,290,7.591588794,9.044607458
589,60000,6,306.69,38.37,40,168.05,1,140,570,280,7.592475038,9.045949146
590,85000,6,306.69,38.02,40,336.01,7,140,360,410,7.593062793,9.044513652
591,60000,6,306.69,36.89,40,391.66,11,140,285,330,7.592565444,9.043752176
592,60000,6,306.69,37.44,40,470.12,7,140,285,330,7.593531097,9.043385141
593,60000,6,306.69,38.25,40,505.18,5,140,210,260,7.59501247,9.043734435
594,60000,8,306.69,37.89,40,523.07,4,160,90,140,7.594252761,9.042601214
595,60000,7,306.69,37.3,60,419,12,100,165,210,7.593297857,9.042543297
596,60000,8,306.69,37.07,40,507.63,17,160,120,170,7.594376451,9.041200107
597,60000,8,306.69,38.34,40,348.3,8,160,165,210,7.596018024,9.040112256
598,60000,7,306.69,37.26,30,345.61,2,180,240,290,7.595110044,9.039683783
599,65000,8,306.69,37.43,40,274.9,1,160,285,330,7.595231029,9.038978934
600,65000,8,306.69,37.56,40,167.6,3,160,360,410,7.59573465,9.038121827
601,95000,9,306.69,37.41,20,292.36,3,200,240,290,7.581402289,9.046530383
602,95000,9,306.69,35.66,20,383.94,5,200,120,170,7.580339714,9.046092233
603,95000,9,306.69,37.08,20,357.19,12,220,120,170,7.580600425,9.046879933
604,70000,8,306.69,37.59,40,291.78,6,160,285,330,7.580352271,9.047530025
605,70000,7,306.69,37.95,30,367.35,8,180,210,260,7.58146143,9.047688041
606,65000,8,306.69,38.14,40,253.65,6,160,165,210,7.582300813,9.047049278
607,90000,9,306.69,37.54,20,281.83,3,200,120,170,7.580630963,9.048372049
608,90000,9,306.69,38.23,20,273.75,5,200,120,170,7.582971753,9.047612503
609,40000,7,306.69,38.21,60,300.83,10,100,165,210,7.583633563,9.048184734
610,105000,7,306.69,38.11,50,349.21,5,200,165,210,7.58409543,9.04871098
611,40000,7,306.69,37.97,60,426.48,4,100,120,170,7.582627363,9.049609545
612,80000,7,306.69,37.82,30,429.36,4,180,120,170,7.58202774,9.049417335
613,95000,6,306.69,37.94,40,392.21,12,140,210,260,7.582122635,9.048413994
614,50000,7,306.69,37.4,50,342.53,4,120,165,210,7.581255463,9.049179242
615,45000,7,306.69,37.78,40,391.09,10,140,120,170,7.581542687,9.050165977
616,40000,7,306.69,38.27,60,278.71,0,100,210,260,7.585004298,9.048913424
617,90000,9,306.69,38.16,20,212.95,5,200,120,170,7.585739733,9.049268918
618,45000,6,306.69,37.87,40,278.63,5,140,285,330,7.583798119,9.050301297
619,60000,9,306.69,37.76,20,323.54,4,200,120,170,7.583287371,9.050642934
620,45000,6,306.69,37.82,40,421.23,8,140,285,330,7.582358112,9.051001036
621,45000,9,306.69,38.04,35,345.01,6,140,120,170,7.581529941,9.051097297
622,60000,7,306.69,37.68,30,308.52,4,180,240,290,7.583455745,9.05178293
623,105000,7,306.69,37.84,20,401.4,8,200,645,400,7.582199823,9.051931792
624,55000,6,306.69,38.06,40,326.7,8,140,285,330,7.581432278,9.052805934
625,50000,7,306.69,37.71,50,417.54,9,120,165,210,7.582278256,9.05280921
626,105000,7,306.69,37.48,20,127,3,220,645,400,7.585032025,9.051128926
627,50000,7,306.69,38.3,50,36.24,1,120,165,210,7.586470651,9.050781825
628,70000,8,306.69,38.25,40,103.09,2,160,165,210,7.586336534,9.050184507
629,40000,7,306.69,39.71,60,189.31,6,100,120,170,7.593533203,9.052210589
630,80000,7,306.69,39.76,30,200.46,5,180,285,330,7.592881274,9.051430434
631,90000,9,306.69,39.47,20,175.82,5,200,405,450,7.590978547,9.051820988
632,100000,6,306.69,39.09,20,94.83,0,220,840,550,7.589803577,9.052205291
633,55000,6,306.69,39.6,40,50.16,2,140,285,330,7.590289472,9.053572571
634,50000,7,306.69,38.46,30,83.76,2,180,285,330,7.588549909,9.051775468
635,80000,7,306.69,38.43,30,57.94,0,180,285,330,7.587495734,9.051509174
636,80000,9,306.69,39.05,20,131.03,1,200,330,380,7.588188936,9.053365546
637,80000,6,306.69,39.47,20,143.89,3,200,765,280,7.58870395,9.054262732
638,80000,6,306.69,39.31,40,167.29,6,140,285,330,7.589545493,9.055405322
639,80000,7,306.69,39.62,30,124.33,2,180,285,330,7.589321179,9.054608723
640,80000,8,306.69,38.06,40,64.5,2,160,165,210,7.586209097,9.052535047
641,80000,9,306.69,38.19,20,23,1,200,330,380,7.586278796,9.053322007
642,80000,8,306.69,39.23,40,136.74,0,160,165,210,7.588192917,9.054676714
643,60000,6,306.69,39.25,40,224.61,1,140,285,330,7.58837118,9.055617815
644,60000,6,306.69,37.89,40,434.95,8,140,285,330,7.588308308,9.057742545
645,105000,9,306.69,38.42,20,446.16,1,200,330,380,7.587061001,9.058009006
646,95000,9,306.69,38,20,586.78,5,220,330,380,7.58662858,9.059255191
647,45000,6,306.69,38.62,40,485.49,3,140,285,330,7.586195826,9.058258853
648,45000,6,306.69,37.31,40,137.41,0,140,285,330,7.585174671,9.051870956
649,50000,9,306.69,37.36,40,207.52,1,140,120,170,7.584555258,9.052085581
650,105000,7,306.69,37.72,20,148.22,0,200,645,400,7.584943085,9.052937067
651,100000,6,306.69,38.57,20,135.03,3,220,720,380,7.585883933,9.054269938
652,65000,8,306.69,38.87,20,234.05,4,160,450,500,7.584763744,9.05460018
653,100000,7,306.69,38.99,30,85.23,1,180,285,330,7.587456021,9.054691957
654,105000,9,306.69,38.81,20,154.39,3,200,330,380,7.587262344,9.055369393
655,40000,7,306.69,39.04,60,254.33,7,100,120,170,7.585243318,9.055253088
656,80000,7,306.69,39.16,30,245.8,7,180,285,330,7.585823557,9.055752663
657,105000,9,306.69,38.32,20,254.47,5,200,360,410,7.586640453,9.056216981
658,65000,8,306.69,38.12,40,327.07,3,160,165,210,7.587219848,9.056933569
659,65000,8,306.69,38.8,40,308.87,2,160,165,210,7.58830394,9.056530842
660,65000,8,306.69,38.92,20,364.97,4,140,450,500,7.586509213,9.057211142
661,65000,9,306.69,39.13,20,382.93,4,200,330,380,7.585827104,9.057172338
662,65000,7,306.69,38.36,50,339.04,2,120,165,210,7.589682613,9.057566994
663,65000,6,306.69,38.11,40,234.48,3,140,285,330,7.590604163,9.05685619
664,65000,9,306.69,39.16,20,92.02,2,200,330,380,7.590300866,9.055317807
665,65000,7,306.69,38.52,30,156.32,3,180,285,330,7.591007093,9.056170515
666,100000,9,306.69,38.76,20,71.17,1,220,330,380,7.591137581,9.055366239
667,55000,9,306.69,38.1,20,155.79,8,200,360,410,7.592156088,9.055451539
668,100000,9,306.69,38.82,20,89.84,3,220,360,410,7.591704846,9.054527474
669,75000,7,306.69,39.06,30,137.75,4,180,285,330,7.592561406,9.054150984
670,80000,7,306.69,39.24,30,180.25,4,180,285,330,7.593472509,9.053783744
671,105000,9,306.69,38.18,20,259.33,8,200,330,380,7.593304059,9.054994786
672,95000,9,306.69,37.84,20,336.03,9,200,360,410,7.594330294,9.055432765
673,75000,7,306.69,39.32,30,106.98,0,180,285,330,7.594494666,9.052928634
674,40000,7,306.69,38.42,60,211.48,6,100,120,170,7.595625705,9.054488277
675,70000,9,306.69,38.01,20,322.91,13,200,360,410,7.596277225,9.055376937
676,40000,7,306.69,38.02,60,297.43,4,100,120,170,7.583578496,9.052958919
677,70000,8,306.69,38.35,40,375.95,6,160,165,210,7.582884927,9.053525909
678,105000,9,306.69,38.68,20,252.17,3,200,330,380,7.584147687,9.053955787
679,50000,7,306.69,39.41,50,406.12,8,120,165,210,7.583115631,9.055009758
680,65000,8,306.69,39.06,50,418.08,8,160,165,210,7.582654644,9.054257453
681,95000,9,306.69,38.71,20,378.08,13,200,330,380,7.581626589,9.054289642
682,40000,6,306.69,39.47,40,388.6,5,140,285,330,7.584430004,9.056199399
683,70000,8,306.69,38.04,40,644.24,3,160,165,210,7.586008306,9.059686832
684,70000,9,306.69,38.28,20,619.08,0,200,330,380,7.585591165,9.059350651
685,70000,9,306.69,39.56,35,421.46,5,200,210,260,7.583531101,9.055770929
686,70000,9,306.69,39.73,20,538.35,4,220,330,380,7.583588794,9.05729932
687,70000,9,306.69,39.75,20,531.98,9,200,360,410,7.584432271,9.057944595
688,70000,7,306.69,39.25,20,616.76,6,220,450,500,7.584573996,9.058921724
689,70000,8,306.69,38.34,40,736.77,1,160,165,210,7.584542069,9.060106158
690,45000,6,306.69,38.78,40,640.86,15,140,285,330,7.583553394,9.059369897
691,50000,7,306.69,38.88,50,401.31,15,120,165,210,7.581658899,9.055329645
692,100000,6,306.69,39.3,20,434.63,8,220,690,500,7.582001203,9.05619
693,40000,7,306.69,39.35,60,393.39,11,100,120,170,7.581734742,9.056867149
694,70000,8,306.69,39.77,40,428.78,9,160,165,210,7.582050573,9.057519426
695,50000,7,306.69,39.72,40,416.48,7,140,210,260,7.581802233,9.058214729
696,50000,7,306.69,38.87,50,482.9,13,120,165,210,7.581842504,9.05954412
697,50000,7,306.69,38.86,50,515.38,16,120,165,210,7.581831386,9.060059494
698,45000,6,306.69,38.26,40,644.1,16,140,285,330,7.583085742,9.06031754
699,105000,6,306.69,38.82,20,560.29,14,200,690,500,7.582523836,9.059781862
700,85000,9,306.69,39.52,20,507.99,10,200,360,410,7.582372027,9.059057881
701,65000,8,306.69,37.18,40,39.96,1,160,165,210,7.584112492,9.030373001
702,60000,6,306.69,37.49,40,84.58,2,140,285,330,7.583719388,9.030877861
703,60000,7,306.69,37.54,30,130.18,2,180,285,330,7.583553753,9.031365513
704,60000,8,306.69,37.51,40,108.71,2,140,120,170,7.583953731,9.031430353
705,60000,9,306.69,37.77,20,53.85,5,200,360,410,7.584893513,9.030692498
706,60000,7,306.69,37.89,50,105.65,9,120,165,210,7.585338617,9.030847935
707,60000,7,306.69,37.3,50,162.2,12,120,165,210,7.585600074,9.031445743
708,60000,6,306.69,37.78,40,86.03,2,140,285,330,7.584681941,9.031297525
709,85000,9,306.69,37.44,20,171.35,7,200,360,410,7.585152465,9.03193231
710,55000,9,306.69,37.72,20,173.42,4,220,360,410,7.584505412,9.0322463
711,100000,9,306.69,37.93,20,194.1,2,220,360,410,7.584674885,9.033105985
712,60000,6,306.69,37.04,40,241.66,7,140,285,330,7.585468675,9.032485117
713,90000,9,306.69,37.04,20,279.87,9,200,360,410,7.585986868,9.032559453
714,60000,6,306.69,37.61,50,194,5,140,285,330,7.584740427,9.032626989
715,105000,9,306.69,37.53,20,258.7,8,200,330,380,7.585275154,9.033126384
716,55000,9,306.69,38.09,20,189.74,5,200,330,380,7.584390931,9.033611266
717,90000,9,306.69,37.53,20,80.6,1,200,330,380,7.583693782,9.032776673
718,40000,6,306.69,37.88,40,35.13,1,140,285,330,7.583001811,9.032945808
719,45000,6,306.69,37.69,40,110.32,1,140,285,330,7.582817276,9.033614235
720,45000,9,306.69,37.8,20,115.52,1,200,330,380,7.583344883,9.03360723
721,45000,7,306.69,37.89,30,165.68,4,180,285,330,7.583981078,9.033745321
722,45000,7,306.69,38.05,60,263.22,2,100,120,170,7.585063334,9.033794708
723,45000,7,306.69,37.89,20,312.29,4,220,525,480,7.585142624,9.034455111
724,45000,9,306.69,38,20,249.01,2,200,210,260,7.584771448,9.034001558
725,55000,6,306.69,37.39,60,259.12,3,140,210,260,7.584323587,9.034551419
726,70000,8,306.69,37.26,40,200.08,4,160,165,210,7.583712772,9.034901717
727,75000,7,306.69,37.43,50,150.44,7,120,165,210,7.583269253,9.034339374
728,60000,6,306.69,37.69,40,78.64,5,140,285,330,7.58263122,9.03467148
729,70000,8,306.69,37.12,40,244.14,2,160,165,210,7.584020485,9.035300771
730,95000,9,306.69,37.2,20,269.22,0,200,360,410,7.584109999,9.035671856
731,95000,7,306.69,37.46,30,282.78,14,180,285,330,7.586986826,9.030384075
732,95000,7,306.69,37.37,30,339.24,0,180,285,330,7.587585965,9.030693824
733,40000,7,306.69,37.03,60,320.98,15,100,120,170,7.587182571,9.031506092
734,60000,6,306.69,37.15,40,299.29,0,140,285,330,7.587034957,9.032039028
735,65000,8,306.69,37.11,40,300.2,8,160,165,210,7.586606844,9.032191101
736,40000,7,306.69,37.22,60,282.4,2,100,120,170,7.586723331,9.032643671
737,70000,8,306.69,37.74,40,254.61,2,160,165,210,7.586702778,9.033249436
738,80000,7,306.69,37.86,30,275.15,4,180,285,330,7.586428768,9.033537739
739,45000,6,306.69,37.97,40,210.09,3,140,285,330,7.586972877,9.033964829
740,50000,7,306.69,38.13,50,217.52,5,120,165,210,7.586934907,9.034371592
741,105000,7,306.69,37.58,20,329.16,10,200,570,280,7.585865305,9.033408974
742,105000,7,306.69,37.97,30,251.48,2,180,285,330,7.586424504,9.034631857
743,105000,6,306.69,37.56,40,196.02,4,140,285,330,7.586102579,9.035543903
744,85000,9,306.69,37.8,20,175.97,1,200,360,410,7.586676692,9.035274842
745,85000,9,306.69,37.99,20,208.24,1,200,360,410,7.586987722,9.034823918
746,85000,9,306.69,37.9,20,150.44,3,200,405,450,7.587544593,9.034310642
747,85000,9,306.69,37.71,20,138.22,2,200,360,410,7.587861231,9.034754941
748,70000,9,306.69,37.86,20,246.66,1,220,405,450,7.583751789,9.036556632
749,70000,7,306.69,37.8,60,180.4,1,100,120,170,7.583804035,9.037153634
750,70000,8,306.69,37.25,40,261.02,10,160,165,210,7.584316844,9.036278497
751,70000,6,306.69,37.2,40,205.64,8,140,285,330,7.58483483,9.03640709
752,85000,9,306.69,37.54,20,222.65,1,200,360,410,7.584405652,9.036830428
753,95000,6,306.69,37.65,40,148.82,2,140,285,330,7.584802212,9.037772371
754,50000,7,306.69,37.71,50,162.56,1,120,165,210,7.584358017,9.037381833
755,95000,9,306.69,37.36,60,103.35,4,200,90,140,7.585523632,9.037051759
756,90000,9,306.69,37.56,20,155.94,8,200,330,380,7.584995949,9.037076851
757,50000,7,306.69,37.42,50,116.47,4,120,165,210,7.585374741,9.037910216
758,95000,8,306.69,37.49,40,113.22,3,160,165,210,7.584845398,9.038360296
759,80000,7,306.69,37.56,30,89.55,1,180,285,330,7.584237189,9.038041464
760,100000,7,306.69,37.57,20,114.79,2,220,645,400,7.583583218,9.037794794
761,100000,6,306.69,37.85,40,159.67,2,140,285,330,7.583165784,9.037539994
762,50000,7,306.69,37.48,50,81.34,0,120,165,210,7.583399528,9.038246206
763,85000,9,306.69,37.46,35,52.63,1,200,210,260,7.583790381,9.038320054
764,70000,8,306.69,37.27,40,40.61,0,160,165,210,7.584197026,9.039008849
765,70000,7,306.69,37.14,30,84.6,5,180,285,330,7.584551036,9.039200106
766,70000,9,306.69,37.28,20,105.91,6,200,330,380,7.584852129,9.038966165
767,70000,7,306.69,37.03,30,156.04,7,180,285,330,7.585269743,9.039175751
768,45000,9,306.69,37.27,40,167.72,4,140,120,170,7.585643993,9.038842625
769,65000,8,306.69,36.76,30,60.78,1,160,165,210,7.5855684,9.039565728
770,95000,9,306.69,36.86,20,118.36,1,200,360,410,7.585040749,9.039581778
771,45000,8,306.69,37.02,40,91.92,2,140,120,170,7.584222195,9.039551491
772,90000,6,306.69,36.86,40,111.83,7,140,285,330,7.584465921,9.040031681
773,45000,9,306.69,36.36,20,84.58,1,220,405,450,7.58561247,9.039927595
774,60000,7,306.69,36.53,40,126.04,3,140,210,260,7.586004384,9.039730173
775,75000,7,306.69,36.32,30,130,7,180,285,330,7.586384698,9.040174718
776,80000,7,306.69,36.3,30,26.4,1,180,285,330,7.58539229,9.040405995
777,75000,7,306.69,36.74,30,65.07,7,180,285,330,7.584700234,9.040593216
778,70000,8,306.69,36.4,40,45.22,4,160,165,210,7.585053575,9.040956277
779,65000,8,306.69,35.71,40,149.01,2,160,165,210,7.586646655,9.040645935
780,50000,9,306.69,35.65,20,189.69,14,200,360,410,7.58700014,9.040972825
781,40000,7,306.69,35.83,60,92.72,2,100,120,170,7.586100033,9.040860846
782,90000,7,306.69,36.07,20,83.2,3,200,525,480,7.585115695,9.041354383
783,65000,8,306.69,35.97,40,134.63,7,160,165,210,7.584532651,9.041578194
784,95000,8,306.69,37.29,40,174.87,4,140,120,170,7.585654788,9.036075681
785,90000,9,306.69,37.29,20,147.41,4,200,360,410,7.585562486,9.036418938
786,90000,7,306.69,37.36,60,10.05,1,100,120,170,7.586258729,9.037488629
787,90000,9,306.69,37.4,20,51.01,1,200,330,380,7.586338761,9.037959144
788,90000,9,306.69,37.3,20,97.35,1,200,330,380,7.585855605,9.038228555
789,90000,7,306.69,37.4,40,113.16,0,140,210,260,7.586145625,9.038500946
790,90000,7,306.69,37.71,60,144.26,1,100,120,170,7.587340463,9.035340695
791,40000,7,306.69,37.39,60,146.7,3,100,120,170,7.586309816,9.036051078
792,90000,9,306.69,37.18,20,35.74,2,200,360,410,7.58719937,9.036533754
793,95000,9,306.69,37.12,20,40.8,2,200,360,410,7.587863425,9.036527268
794,55000,6,306.69,37.39,40,73.41,3,140,285,330,7.587783496,9.036029626
795,60000,8,306.69,37.64,40,111.36,3,160,165,210,7.587957485,9.035731895
796,75000,7,306.69,36.9,30,34.13,1,180,285,330,7.587815478,9.037160055
797,50000,7,306.69,37.28,30,64.03,1,120,165,210,7.586805874,9.037138082
798,80000,7,306.69,37.34,30,86.21,1,180,285,330,7.58629811,9.036720174
799,40000,8,306.69,37.25,40,92.27,4,160,165,210,7.587186257,9.037564542
800,40000,7,306.69,37.02,60,106.78,3,100,120,170,7.587612896,9.037792246
801,95000,9,306.69,38.22,20,205.64,5,200,360,410,7.580276854,9.029625753
802,55000,6,306.69,38.36,40,296.2,8,140,285,330,7.581015077,9.029257867
803,75000,7,306.69,38.58,30,325.53,7,180,285,330,7.581669137,9.029477413
804,45000,6,306.69,38.25,40,310.64,6,140,285,330,7.582235806,9.028783334
805,75000,7,306.69,38.08,30,254.26,5,180,285,330,7.5821949,9.029940607
806,85000,6,306.69,37.87,40,255.38,8,140,285,330,7.581919547,9.030572513
807,65000,8,306.69,38.36,20,262.15,7,160,405,450,7.581064702,9.030523998
808,65000,8,306.69,38.67,40,171.29,3,160,165,210,7.580180445,9.031017912
809,65000,7,306.69,37.6,30,200.86,6,180,285,330,7.583107004,9.029302116
810,65000,7,306.69,37.37,30,104.24,4,180,285,330,7.583805275,9.029847355
811,65000,6,306.69,37.37,40,170.66,4,140,285,330,7.582976942,9.029997881
812,75000,7,306.69,37.6,30,45.49,1,180,285,330,7.584647074,9.030908566
813,105000,8,306.69,37.63,20,112.22,1,160,450,500,7.584353391,9.031576574
814,70000,8,306.69,37.55,40,104.62,2,160,165,210,7.583645702,9.03111268
815,95000,9,306.69,37.45,20,164.08,2,200,330,380,7.582929096,9.030603539
816,65000,8,306.69,37.77,40,176.85,7,160,165,210,7.582426767,9.03112606
817,55000,6,306.69,37.49,40,99.46,5,140,285,330,7.583133854,9.031743675
818,65000,8,306.69,37.95,40,223.52,7,160,165,210,7.581507647,9.031231019
819,85000,9,306.69,38.09,20,260.76,5,200,330,380,7.580842189,9.031599186
820,50000,7,306.69,38.45,50,277.42,4,120,165,210,7.580384062,9.032447402
821,105000,8,306.69,38.23,40,202.94,4,160,165,210,7.581148447,9.032368975
822,95000,9,306.69,37.96,20,126.62,4,200,360,410,7.582141999,9.031839312
823,80000,7,306.69,37.84,30,60.96,0,180,285,330,7.582610293,9.033043763
824,80000,7,306.69,37.96,30,89.68,5,180,285,330,7.582165823,9.032725561
825,95000,9,306.69,38.01,20,151.43,4,200,360,410,7.581619495,9.032868129
826,70000,8,306.69,37.8,40,100.09,0,160,165,210,7.582261921,9.033738684
827,50000,7,306.69,37.87,50,43.17,1,120,165,210,7.581539689,9.034667263
828,80000,9,306.69,37.94,20,131.14,0,220,330,380,7.580193044,9.034770564
829,105000,7,306.69,38.17,20,180.94,4,200,570,280,7.580231836,9.03415583
830,70000,8,306.69,37.91,40,132.26,1,160,165,210,7.580795792,9.034158011
831,80000,7,306.69,38.59,30,205.3,2,180,285,330,7.579748615,9.032119417
832,45000,6,306.69,37.48,40,239.78,12,140,285,330,7.578697223,9.033480751
833,45000,6,306.69,37.52,40,169,12,140,285,330,7.578362832,9.032927869
834,80000,6,306.69,38.58,40,38.83,0,140,285,330,7.578123052,9.031443985
835,85000,9,306.69,38,20,88.24,1,200,330,380,7.577455889,9.032246174
836,45000,6,306.69,37.32,40,166.37,3,140,285,330,7.577516618,9.032996929
837,105000,6,306.69,37.62,20,202.81,5,200,765,280,7.576742959,9.033120524
838,50000,7,306.69,37.16,50,253.16,4,120,165,210,7.577430426,9.034099769
839,50000,7,306.69,37.05,50,322.1,3,120,165,210,7.578347462,9.034528316
840,55000,6,306.69,37.95,35,237.89,0,140,285,330,7.579714387,9.033891597
841,55000,6,306.69,38.07,40,132.85,0,140,285,330,7.575789515,9.035015729
842,65000,8,306.69,36.84,40,283.73,4,160,165,210,7.577279674,9.035428418
843,80000,6,306.69,36.72,40,268.2,8,140,285,330,7.575930009,9.036300295
844,50000,7,306.69,36.66,50,234.4,5,120,165,210,7.578571567,9.035370128
845,50000,7,306.69,36.72,50,255.34,9,120,165,210,7.577797123,9.035692654
846,45000,6,306.69,36.73,40,245.6,2,140,285,330,7.576632965,9.03565197
847,105000,6,306.69,36.5,30,278.26,7,200,450,500,7.577185627,9.036214742
848,105000,9,306.69,36.81,20,158.45,8,220,360,410,7.578486264,9.036246911
849,65000,8,306.69,36.25,40,60.27,6,160,165,210,7.578381845,9.037358723
850,100000,9,306.69,36.6,20,268.88,2,220,330,380,7.577074096,9.036820151
851,100000,7,306.69,36.7,60,367.14,1,100,120,170,7.576135029,9.037368094
852,100000,7,306.69,36.4,60,322.61,1,100,120,170,7.576803705,9.038500989
853,100000,6,306.69,36.34,40,276.59,1,140,285,330,7.577015579,9.037823631
854,90000,9,306.69,35.97,20,193.02,3,200,330,380,7.577744193,9.037591354
855,50000,8,306.69,36.56,50,170.06,7,160,165,210,7.57929485,9.038818088
856,70000,8,306.69,37,40,92.42,3,160,165,210,7.579661496,9.038105157
857,55000,6,306.69,36.96,40,217.86,6,140,285,330,7.579993804,9.039191533
858,55000,9,306.69,36.03,20,208.2,3,220,330,380,7.578058834,9.038542026
859,105000,9,306.69,36.11,20,354.35,0,200,210,260,7.577136359,9.039496944
860,90000,9,306.69,36.22,20,340.07,9,200,210,260,7.577425272,9.040049651
861,85000,6,306.69,36.13,40,259.7,7,140,285,330,7.578307887,9.039980734
862,65000,8,306.69,36.3,40,257.74,6,160,165,210,7.578737111,9.039548362
863,65000,8,306.69,36.2,40,174.89,4,160,165,210,7.578823924,9.04060666
864,45000,6,306.69,36.23,40,308.3,5,140,285,330,7.577486106,9.040773279
865,60000,6,306.69,36.09,40,274.15,10,140,285,330,7.57773828,9.041416268
866,60000,6,306.69,36.19,40,212.48,5,140,285,330,7.578312549,9.041111053
867,105000,6,306.69,36.25,40,117.28,4,140,285,330,7.579185717,9.041132522
868,100000,9,306.69,36.28,20,37.64,2,220,405,450,7.579968029,9.04112651
869,65000,8,306.69,36.35,40,95.52,1,160,165,210,7.579936701,9.042157223
870,90000,9,306.69,36.26,20,169.1,2,200,360,410,7.578746686,9.041745704
871,90000,8,306.69,36.02,40,278,7,160,165,210,7.577871459,9.042248686
872,90000,6,306.69,36.2,20,254.75,4,200,765,280,7.578523835,9.042902268
873,90000,7,306.69,36.26,30,346.9,5,180,285,330,7.578102425,9.043660196
874,90000,7,306.69,35.87,50,417,9,120,165,210,7.578335203,9.044610552
875,50000,7,306.69,35.11,50,405.19,12,120,165,210,7.578441484,9.045343398
876,90000,9,306.69,35.6,20,413.7,6,200,405,450,7.578961856,9.044866169
877,40000,7,306.69,36.03,60,349.95,6,100,120,170,7.579109596,9.044306112
878,80000,7,306.69,36.49,30,202.08,4,180,285,330,7.579623847,9.043069295
879,50000,7,306.69,35.94,50,294.33,5,120,165,210,7.57988406,9.043983586
880,60000,6,306.69,35.46,40,424.84,3,140,285,330,7.579770295,9.045158659
881,105000,6,306.69,37.7,20,52.4,0,200,720,380,7.58077353,9.035197803
882,55000,6,306.69,37.41,20,196.73,1,140,765,280,7.583464916,9.035479475
883,75000,8,306.69,37.48,40,278.23,0,160,165,210,7.583853224,9.036204369
884,70000,8,306.69,37.75,40,171.01,7,160,165,210,7.582835906,9.035829701
885,70000,8,306.69,38.05,40,102.96,7,160,165,210,7.582100429,9.03549229
886,60000,6,306.69,38.4,40,91.55,1,140,285,330,7.581624708,9.036186718
887,50000,7,306.69,37.6,50,98.68,2,120,165,210,7.580787051,9.036391454
888,50000,7,306.69,37.03,50,258.05,1,120,165,210,7.584138558,9.035346439
889,95000,9,306.69,37.7,20,187.95,1,200,405,450,7.584158997,9.037100749
890,60000,7,306.69,38.16,30,227.38,6,180,285,330,7.582365817,9.037410309
891,100000,7,306.69,38.58,20,167.24,3,220,570,280,7.581931536,9.036811831
892,100000,9,306.69,38.1,20,190.38,5,200,360,410,7.58118268,9.037568499
893,100000,9,306.69,37.61,20,88.57,4,200,330,380,7.580202703,9.036949823
894,100000,9,306.69,37.73,35,60.77,0,200,210,260,7.580444971,9.037800748
895,100000,6,306.69,37.64,40,200.83,8,140,285,330,7.581315866,9.038400916
896,100000,9,306.69,37.34,20,205.06,8,200,330,380,7.580722703,9.038886912
897,40000,9,306.69,37.79,20,158.38,7,200,360,410,7.581906446,9.038575006
898,100000,6,306.69,36.91,20,150.12,5,220,360,410,7.580873337,9.039909288
899,40000,7,306.69,37.31,60,38.08,0,100,120,170,7.583588993,9.038644804
900,105000,9,306.69,36.97,20,103.58,2,200,405,450,7.584148895,9.039686845
901,100000,6,306.69,36.88,20,312.75,9,220,765,280,7.580090815,9.046932213
902,105000,9,306.69,37.3,20,236.03,0,200,330,380,7.580292055,9.048967535
903,45000,6,306.69,37.38,40,278.79,0,140,285,330,7.58051585,9.049890728
904,105000,8,306.69,37.67,40,166.71,0,160,165,210,7.57945206,9.049760011
905,40000,7,306.69,37.39,60,227.27,2,100,120,170,7.579876685,9.050503135
906,75000,7,306.69,38.29,30,281.37,7,180,285,330,7.581028287,9.051438965
907,40000,7,306.69,38.3,60,279.51,5,100,120,170,7.581051251,9.052542228
908,70000,8,306.69,38.57,40,156.26,8,160,165,210,7.579527446,9.053729919
909,45000,6,306.69,38.71,40,244.44,2,140,285,330,7.580301789,9.053443565
910,85000,9,306.69,38.36,20,317.65,5,200,405,450,7.581093189,9.053446632
911,65000,8,306.69,38.46,40,317.83,12,160,165,210,7.581072797,9.054007182
912,65000,8,306.69,38.63,40,343.01,12,160,165,210,7.58124237,9.054839741
913,75000,7,306.69,39.02,30,394.97,9,180,285,330,7.581511333,9.055844491
914,90000,9,306.69,38.77,20,324.3,7,220,360,410,7.580837935,9.055905178
915,90000,9,306.69,39.09,20,343.83,9,200,360,410,7.581271203,9.056765886
916,90000,7,306.69,39.47,30,349.26,6,180,285,330,7.58114713,9.05824836
917,90000,7,306.69,38.39,20,375.37,10,220,570,280,7.580705876,9.059422163
918,90000,9,306.69,38.44,20,90.67,8,200,360,410,7.579007451,9.054107683
919,90000,6,306.69,38.44,40,149.16,5,140,285,330,7.578119399,9.055551019
920,75000,7,306.69,38.43,30,119,9,180,285,330,7.578903837,9.055011521
921,100000,7,306.69,38.71,20,223.45,10,220,645,400,7.579620018,9.055638226
922,70000,8,306.69,38.65,40,247,2,160,165,210,7.580245093,9.056300746
923,95000,9,306.69,38.83,20,111.14,1,200,360,410,7.57868051,9.056285633
924,60000,6,306.69,38.53,35,163.23,2,140,285,330,7.579642054,9.056976587
925,70000,9,306.69,37.48,20,159.89,3,220,330,380,7.578881384,9.058411376
926,75000,7,306.69,38.2,30,281.17,9,180,285,330,7.579797414,9.059111197
927,80000,7,306.69,38.23,30,81.27,1,180,150,200,7.578401464,9.057848884
928,75000,7,306.69,37.59,30,199.46,6,180,350,400,7.577460703,9.058812766
929,105000,6,306.69,38.59,20,149.69,4,200,550,450,7.576910289,9.057671284
930,45000,6,306.69,37.85,40,223.37,5,140,285,330,7.576218731,9.05772285
931,45000,9,306.69,37.98,50,295.1,6,200,285,330,7.575924113,9.0586169
932,45000,7,306.69,34.95,60,336.15,15,100,120,170,7.577811351,9.045973922
933,45000,7,306.69,36.06,20,320.33,13,220,360,410,7.577064136,9.046305591
934,45000,7,306.69,37.61,30,272.39,3,180,285,330,7.576460293,9.047189401
935,50000,7,306.69,36.44,50,256.01,14,120,120,170,7.578172437,9.046680631
936,75000,7,306.69,37.05,30,188.49,6,180,350,400,7.577587499,9.047383668
937,80000,9,306.69,37.75,20,109.07,3,200,405,450,7.578112639,9.048009632
938,105000,6,306.69,38,60,144.25,0,200,210,260,7.577010659,9.048339923
939,75000,7,306.69,38.04,30,63.81,1,180,285,330,7.578637569,9.048689848
940,90000,9,306.69,38.11,20,67.54,1,200,360,410,7.57760047,9.048712951
941,85000,9,306.69,38.07,20,38.83,1,220,405,450,7.578216576,9.049339268
942,45000,6,306.69,38.31,40,96.02,3,140,285,330,7.577632983,9.049698699
943,100000,6,306.69,38.7,40,188.74,16,140,150,200,7.576595846,9.04973084
944,50000,7,306.69,38.26,50,146.25,6,120,120,170,7.577821735,9.050278145
945,65000,8,306.69,38.62,40,179.51,2,160,165,210,7.577501156,9.050837529
946,75000,7,306.69,38.05,30,139.04,1,180,285,330,7.578401743,9.050831983
947,75000,7,306.69,39.51,30,243.4,10,180,280,330,7.576791986,9.050744351
948,75000,7,306.69,37.82,30,71.03,0,180,285,330,7.578926498,9.051557411
949,75000,9,306.69,38.7,20,115.97,3,200,200,250,7.57763476,9.05156144
950,75000,7,306.69,38.82,60,187,12,100,120,170,7.5768504,9.052082852
951,75000,6,306.69,37.84,40,107.84,7,140,150,200,7.577658425,9.052483856
952,40000,7,306.69,37.82,60,131.32,5,100,120,170,7.577856274,9.053063338
953,55000,6,306.69,38.08,40,201.23,6,140,285,330,7.576709827,9.053131224
954,100000,7,306.69,38.25,20,214.7,11,220,360,410,7.576251763,9.053952301
955,45000,6,306.69,38.44,40,272.03,17,140,285,330,7.575862925,9.053363034
956,45000,9,306.69,37.63,20,419.31,26,220,210,260,7.574396674,9.053791363
957,40000,7,306.69,38,60,405.05,27,100,120,170,7.574626153,9.053267798
958,55000,6,306.69,39.61,40,792.91,37,140,285,330,7.570994964,9.053678639
959,95000,9,306.69,38.55,20,648.04,25,200,210,260,7.572294055,9.05411774
960,50000,7,306.69,38.47,50,569.08,25,120,120,170,7.573051243,9.053569106
961,60000,6,306.69,37.76,40,494.01,19,140,285,330,7.573694565,9.054213622
962,60000,9,306.69,37.43,20,465.7,19,200,210,260,7.574126531,9.055399856
963,85000,9,306.69,38.88,20,611.74,23,200,210,260,7.572664052,9.0548697
964,105000,6,306.69,39.99,40,730.95,30,160,330,380,7.571652157,9.055417339
965,85000,9,306.69,39.84,20,644.66,33,200,210,260,7.572478696,9.055737046
966,50000,7,306.69,37.67,50,475.62,24,120,120,170,7.573978313,9.056077458
967,100000,7,306.69,39.42,30,576.34,29,180,285,330,7.572957533,9.056570811
968,65000,8,306.69,38.62,40,472.02,22,160,165,210,7.573873937,9.057171179
969,65000,9,306.69,37.37,20,390.23,26,200,210,260,7.574648705,9.054470523
970,65000,9,306.69,37.69,20,328.87,26,200,210,260,7.575409541,9.055305384
971,65000,7,306.69,38.57,35,241.15,11,120,165,210,7.576319056,9.055345091
972,65000,7,306.69,38.17,50,141.82,1,120,120,170,7.577139314,9.054950414
973,105000,6,306.69,38.01,20,68.88,1,200,350,400,7.577632342,9.054491167
974,105000,7,306.69,38.58,20,129.6,3,200,330,380,7.577844617,9.056029199
975,95000,8,306.69,38.3,40,256.73,22,160,165,210,7.576097856,9.056076665
976,60000,6,306.69,37.51,40,320.25,21,140,285,330,7.575295005,9.056670339
977,85000,9,306.69,38.77,20,99.92,7,200,210,260,7.577332185,9.056795812
978,100000,9,306.69,37.55,20,349.89,6,220,210,260,7.575116719,9.05805313
979,70000,8,306.69,37.55,40,562.47,9,160,165,210,7.581545805,9.060971671
980,50000,7,306.69,37.55,40,711.4,6,120,165,210,7.58203178,9.062311831
981,85000,9,306.69,37.55,20,678.28,13,200,210,260,7.582946491,9.061031352
982,80000,7,306.69,37.55,30,801.24,21,180,285,330,7.584393336,9.0609194
983,80000,8,306.69,37.55,40,848.38,3,160,165,210,7.585092052,9.061365181
984,80000,9,306.69,37.55,20,777.41,12,200,210,260,7.583471092,9.061801988
985,80000,6,306.69,37.55,40,867.16,10,140,285,330,7.582645291,9.063607273
986,85000,9,306.69,37.55,20,818.21,12,200,210,260,7.583331982,9.062479631
987,55000,6,306.69,37.55,40,888.79,18,140,285,330,7.58447025,9.062185637
988,55000,7,306.69,37.55,30,738.36,5,180,285,330,7.586195837,9.060582757
989,60000,9,306.69,38.14,20,675.67,8,200,210,260,7.586598145,9.06005985
990,90000,9,306.69,38.29,20,636.03,1,200,210,260,7.58770936,9.059702443
991,45000,6,306.69,38.39,40,581.61,1,140,285,330,7.588311192,9.059334025
992,45000,6,306.69,37.93,40,504.73,7,140,285,330,7.587950677,9.058473603
993,45000,6,306.69,38.22,20,554.22,1,220,400,450,7.589183985,9.059463984
994,45000,7,306.69,39.34,60,476.18,3,100,120,170,7.589931927,9.058951448
995,45000,9,306.69,38.28,20,419.65,0,200,210,260,7.589107441,9.058098281
996,45000,8,306.69,38.45,40,572.07,12,160,165,210,7.590583121,9.059921497
997,45000,9,306.69,38.85,20,479.15,4,200,150,200,7.590795588,9.059090411
998,105000,7,306.69,39.07,20,353.14,5,200,330,380,7.590818221,9.05795115
999,95000,9,306.69,38.61,20,542.37,10,200,210,260,7.592031019,9.059538245
1000,50000,7,306.69,39.31,50,349.41,7,120,165,210,7.59216566,9.057666976
1001,60000,6,306.69,38.04,40,89.81,1,140,285,330,7.592745357,9.034900298
1002,55000,9,306.69,37.48,20,127.12,3,220,210,260,7.592392608,9.034383525
1003,40000,7,306.69,36.43,60,155.24,1,100,280,330,7.59220531,9.033424305
1004,40000,7,306.69,37.23,60,230.2,6,100,120,170,7.591411527,9.034045189
1005,105000,9,306.69,37.17,20,190.37,10,200,180,230,7.590702171,9.034006296
1006,85000,9,306.69,37.57,20,195.8,3,200,330,380,7.591281336,9.034777129
1007,100000,7,306.69,37.2,20,190.34,9,220,480,300,7.590490395,9.034665582
1008,100000,9,306.69,36.81,20,113.44,14,220,285,330,7.589744795,9.034590378
1009,85000,9,306.69,38.19,40,186.42,2,200,210,260,7.591023342,9.035626129
1010,105000,9,306.69,38.46,20,82.46,2,200,330,380,7.592012891,9.036127263
1011,50000,7,306.69,37.08,50,156.71,6,120,120,170,7.589710332,9.036434905
1012,60000,6,306.69,37.49,40,218.08,8,140,285,330,7.590113482,9.035685931
1013,105000,9,306.69,37.99,20,166.4,4,200,150,200,7.590839346,9.036158927
1014,95000,9,306.69,38.2,20,133.65,1,200,330,380,7.591346377,9.036766719
1015,85000,9,306.69,37.63,20,107.87,3,200,285,330,7.5903098,9.03666327
1016,100000,9,306.69,37.43,20,78.26,3,220,330,380,7.589788082,9.037493171
1017,75000,7,306.69,36.33,30,124.53,7,180,285,330,7.588540391,9.037877198
1018,90000,9,306.69,36.9,20,127.53,4,200,200,250,7.589193276,9.038404171
1019,45000,6,306.69,36.78,40,156.59,12,140,285,330,7.588472915,9.038853522
1020,65000,8,306.69,37.37,20,81.02,3,160,405,450,7.589417514,9.039218854
1021,65000,8,306.69,37.15,40,47.01,3,160,165,210,7.588896952,9.039750356
1022,85000,9,306.69,36.91,20,77.16,3,200,285,330,7.588368031,9.040091933
1023,105000,9,306.69,37.67,20,86,0,200,360,410,7.589583691,9.040928516
1024,50000,7,306.69,36.23,50,170.11,10,120,165,210,7.587521693,9.040188141
1025,50000,9,306.69,37.21,20,104.81,6,220,360,410,7.588310742,9.040787981
1026,50000,7,306.69,37.29,60,79.16,3,100,120,170,7.587917277,9.041383267
1027,50000,7,306.69,36.17,50,158.86,15,120,165,210,7.587143917,9.0414255
1028,70000,8,306.69,37.48,40,113.6,5,160,165,210,7.58754225,9.041915327
1029,100000,9,306.69,38.13,20,69.66,1,220,210,260,7.589050016,9.042490806
1030,100000,9,306.69,38.22,20,141.43,2,220,210,260,7.587656272,9.043000859
1031,40000,7,306.69,38.46,60,133.6,3,100,120,170,7.588407179,9.044052674
1032,55000,6,306.69,37.17,40,182.92,9,140,285,330,7.586476961,9.042173452
1033,40000,7,306.69,36.84,60,138.5,11,100,120,170,7.585520615,9.042486249
1034,40000,6,306.69,37.75,40,76.58,1,140,300,350,7.586291119,9.043176446
1035,40000,6,306.69,37.95,40,46.62,0,140,285,330,7.586987162,9.044300392
1036,45000,6,306.69,38.12,40,114.34,3,140,180,230,7.587444589,9.043633014
1037,75000,7,306.69,38.23,30,49.48,0,180,285,330,7.587868098,9.044665484
1038,55000,6,306.69,35.95,40,143.54,7,140,285,330,7.584626352,9.043206193
1039,50000,7,306.69,37.7,50,85.01,3,120,165,210,7.586458268,9.044632923
1040,60000,6,306.69,35.48,40,156.01,9,140,200,250,7.583750632,9.043835781
1041,45000,6,306.69,37.48,40,101.91,5,140,285,330,7.58469347,9.04465324
1042,60000,6,306.69,37.84,40,92.89,4,140,285,330,7.586109148,9.045517735
1043,80000,7,306.69,38.05,30,44.65,0,180,150,200,7.586650872,9.046559704
1044,55000,6,306.69,38.01,40,105.8,0,140,285,330,7.585326189,9.04568652
1045,70000,8,306.69,35.69,40,60.31,11,160,165,210,7.58275556,9.04474522
1046,65000,8,306.69,37.96,40,107.28,4,160,165,210,7.584567938,9.046515496
1047,95000,9,306.69,38.08,20,157.54,1,200,210,260,7.585111426,9.047105352
1048,70000,8,306.69,38.2,40,200.01,4,160,165,210,7.584382652,9.04737381
1049,105000,6,306.69,38.3,20,236.08,4,200,500,550,7.585961298,9.04843787
1050,105000,7,306.69,38.23,35,222,1,200,330,380,7.585090018,9.04792813
1051,60000,6,306.69,38.21,40,286.5,7,140,285,330,7.58420678,9.04815078
1052,95000,9,306.69,38.05,20,285.95,1,200,210,260,7.584566855,9.04911971
1053,90000,9,306.69,38.03,20,162.56,5,200,210,260,7.583774996,9.046910299
1054,95000,9,306.69,38.19,20,256.56,6,200,100,150,7.582917918,9.047422404
1055,95000,9,306.69,37.96,20,171.09,5,200,210,260,7.583102818,9.046663555
1056,100000,9,306.69,37.72,20,150.36,0,220,210,260,7.582523657,9.04589271
1057,40000,7,306.69,37.81,60,249.83,2,100,300,350,7.581884256,9.046568418
1058,45000,6,306.69,35.92,40,325.07,5,140,285,330,7.580840829,9.045886198
1059,70000,8,306.69,37.23,40,319.27,1,160,165,210,7.587648687,9.030938211
1060,70000,8,306.69,37.52,40,259.12,0,160,165,210,7.587872532,9.031852359
1061,80000,7,306.69,37.65,30,179.64,1,180,285,330,7.588572223,9.032035899
1062,50000,7,306.69,37.45,35,277.14,1,120,165,210,7.588277191,9.030714568
1063,75000,7,306.69,37.51,30,159.81,1,180,200,250,7.589147982,9.031341844
1064,55000,6,306.69,37.75,40,127.14,1,140,285,330,7.589794047,9.031281029
1065,75000,7,306.69,37.98,30,48.85,0,180,285,330,7.589763208,9.032194199
1066,75000,7,306.69,38.04,30,101.08,2,180,150,200,7.58925302,9.032400215
1067,75000,9,306.69,37.88,20,176.51,1,200,210,260,7.588342922,9.03252331
1068,75000,7,306.69,37.68,30,204.13,0,180,285,330,7.587860972,9.032485286
1069,60000,6,306.69,37.35,40,281.04,1,140,285,330,7.587244025,9.032076002
1070,90000,9,306.69,37.35,20,252.24,2,200,210,260,7.587078183,9.03261791
1071,100000,7,306.69,37.59,20,264.37,3,220,200,250,7.586712861,9.032996286
1072,90000,9,306.69,37.65,20,192.21,4,200,210,260,7.587422072,9.033071356
1073,70000,8,306.69,37.61,40,125.26,0,160,165,210,7.588048997,9.033254617
1074,60000,6,306.69,38.01,40,129.4,2,140,285,330,7.588550653,9.032903891
1075,85000,9,306.69,37.57,20,65.86,0,200,210,260,7.588484342,9.03358182
1076,85000,6,306.69,37.78,40,148,2,140,285,330,7.587536659,9.034012211
1077,85000,7,306.69,37.99,50,99.73,1,120,400,450,7.589360731,9.032771369
1078,85000,8,306.69,37.53,40,66.21,1,160,165,210,7.589139647,9.033484873
1079,85000,7,306.69,37.56,60,70.18,1,100,120,170,7.590123922,9.033000363
1080,70000,8,306.69,36.98,40,124.91,8,160,165,210,7.589984563,9.033750351
1081,40000,7,306.69,37.24,60,64.47,4,100,120,170,7.58942043,9.033793395
1082,95000,9,306.69,37.33,20,39.6,5,200,150,200,7.589136551,9.034280596
1083,105000,9,306.69,37.37,20,88.46,2,200,210,260,7.588797884,9.034821841
1084,105000,9,306.69,37.57,20,121.49,2,200,210,260,7.588278913,9.034946439
1085,90000,9,306.69,37.19,20,160.1,11,200,210,260,7.589204817,9.035438292
1086,55000,6,306.69,37.51,40,154.95,1,140,400,450,7.588549192,9.03561662
1087,80000,7,306.69,37.3,30,63.29,1,180,285,330,7.588037026,9.036329003
1088,80000,7,306.69,36.89,50,53.71,5,120,165,210,7.588426717,9.036701242
1089,80000,6,306.69,36.47,40,95.34,7,140,450,500,7.588825435,9.037091601
1090,80000,9,306.69,36.41,20,66.07,2,220,210,260,7.588005195,9.037495355
1091,80000,9,306.69,37.95,20,71.01,1,200,210,260,7.590165262,9.031725536
1092,50000,7,306.69,37.6,35,87.6,1,120,165,210,7.59092782,9.032117289
1093,90000,9,306.69,37.74,20,134.66,2,200,450,500,7.590694624,9.031266403
1094,40000,7,306.69,37.64,60,94.43,2,100,120,170,7.59131161,9.031666639
1095,90000,9,306.69,37.47,20,12.04,0,200,210,260,7.592057205,9.03174184
1096,90000,7,306.69,37.3,30,19.1,2,180,350,400,7.592765996,9.031925407
1097,90000,6,306.69,36.84,40,82.46,1,140,285,330,7.593392011,9.03234376
1098,90000,7,306.69,36.52,50,63.89,1,120,120,170,7.59247229,9.032602465
1099,90000,9,306.69,37.23,20,72.12,2,200,210,260,7.591700634,9.03221068
1100,90000,6,306.69,36.51,40,124.47,2,140,285,330,7.591934358,9.032925931
1101,55000,6,306.69,38.02,40,248.58,7,140,285,330,7.586887583,9.04883931
1102,105000,9,306.69,37.96,50,225.62,4,200,285,330,7.586552885,9.04835877
1103,100000,9,306.69,37.7,20,200.39,9,220,210,260,7.587091092,9.047972021
1104,40000,7,306.69,37.99,60,149.91,4,100,350,400,7.586719479,9.047626976
1105,70000,8,306.69,37.85,40,144.8,7,160,165,210,7.587020403,9.047438245
1106,85000,9,306.69,37.97,20,82.13,4,200,210,260,7.586868128,9.046831815
1107,50000,7,306.69,37.15,50,117.2,0,120,300,350,7.587876313,9.047224526
1108,40000,7,306.69,37.87,60,101.65,4,100,120,170,7.587623976,9.04661771
1109,70000,8,306.69,38.11,40,110,3,160,165,210,7.587418074,9.045766927
1110,75000,7,306.69,37.46,30,30.41,3,180,285,330,7.58824366,9.046330739
1111,85000,9,306.69,36.71,20,43.17,4,200,210,260,7.588898073,9.046468896
1112,60000,6,306.69,38.02,40,82.57,6,140,200,250,7.588373688,9.045644015
1113,60000,6,306.69,38.21,20,58.82,1,140,285,330,7.587866476,9.04508143
1114,60000,7,306.69,38.03,50,60.5,5,120,165,210,7.588847898,9.045338398
1115,60000,9,306.69,37.87,20,122.87,4,200,210,260,7.589129463,9.045447991
1116,60000,9,306.69,37.12,50,170.88,4,200,210,260,7.589829498,9.045550152
1117,50000,7,306.69,37.89,50,175.32,3,120,120,170,7.589431088,9.045078411
1118,40000,7,306.69,38.43,60,108.81,2,100,120,170,7.588378199,9.0444866
1119,40000,7,306.69,38.52,60,204.69,5,100,120,170,7.589216015,9.044245679
1120,40000,7,306.69,38.55,60,166.03,2,100,120,170,7.589046037,9.043512587
1121,60000,6,306.69,38.23,40,217.22,4,140,285,330,7.589782277,9.043660099
1122,75000,7,306.69,38.18,30,276.16,2,180,285,330,7.590098749,9.044149608
1123,75000,7,306.69,38.15,30,223.89,3,180,285,330,7.590392119,9.043562977
1124,75000,6,306.69,37.27,40,330.22,13,140,285,330,7.59164513,9.044155552
1125,105000,9,306.69,37.53,50,281.44,2,200,285,330,7.591402095,9.043494519
1126,70000,8,306.69,38,40,210.21,1,160,165,210,7.590985597,9.042995584
1127,80000,7,306.69,37.26,30,347.48,0,180,285,330,7.592266775,9.043362204
1128,65000,8,306.69,37.46,40,370.11,8,160,165,210,7.592741752,9.042857649
1129,80000,7,306.69,37.78,30,274.48,3,180,285,330,7.591905838,9.042610294
1130,50000,7,306.69,38.08,50,134.18,3,120,165,210,7.590140448,9.042784359
1131,80000,7,306.69,38.2,30,104.79,3,180,285,330,7.589358763,9.04262763
1132,40000,7,306.69,37.92,50,24.17,1,100,120,170,7.589670853,9.041905435
1133,80000,7,306.69,37.7,30,136.57,2,180,285,330,7.590789382,9.041991118
1134,90000,9,306.69,37.76,20,219.02,1,200,200,250,7.591572859,9.041686684
1135,100000,9,306.69,37.88,20,277.71,5,220,405,450,7.592075861,9.040992347
1136,100000,9,306.69,37.87,20,283.71,5,220,405,450,7.592154214,9.041896893
1137,100000,9,306.69,37.44,50,422.49,10,200,405,450,7.593631432,9.040971188
1138,100000,7,306.69,37.29,30,432.14,12,180,285,330,7.593510653,9.041621783
1139,60000,6,306.69,37.72,40,143.74,1,140,285,330,7.590801397,9.04124064
1140,105000,9,306.69,37.74,20,225.25,0,200,405,450,7.591484743,9.040953907
1141,100000,9,306.69,37.63,20,134.01,2,220,405,450,7.591096802,9.040129554
1142,85000,9,306.69,37.74,20,100.69,2,200,330,380,7.58982125,9.040658156
1143,75000,7,306.69,37.74,30,221.11,4,180,285,330,7.59177744,9.040539078
1144,75000,7,306.69,37.24,50,462.49,15,120,120,170,7.594178893,9.040539249
1145,75000,7,306.69,37.25,30,374.97,1,180,285,330,7.594582706,9.039618465
1146,75000,6,306.69,37.83,40,401.78,5,140,285,330,7.594019615,9.039390246
1147,70000,8,306.69,37.79,40,392.76,10,160,165,210,7.593653379,9.040003729
1148,75000,7,306.69,37.79,35,298.38,6,180,285,330,7.592587009,9.040542186
1149,55000,6,306.69,37.74,40,273.59,5,140,285,330,7.592552836,9.03997238
1150,90000,9,306.69,37.68,20,99.14,4,200,405,450,7.591026387,9.039523439
1151,40000,7,306.69,37.57,60,30.81,1,100,120,170,7.590408124,9.039448723
1152,40000,7,306.69,38.17,45,191.67,7,100,120,170,7.591872303,9.03953573
1153,75000,7,306.69,38.52,30,142.59,3,180,285,330,7.591538693,9.038774883
1154,105000,9,306.69,37.92,20,63.2,1,200,330,380,7.590440301,9.038191946
1155,105000,9,306.69,38.3,50,110.28,2,200,210,260,7.591350168,9.038132144
1156,105000,6,306.69,38.48,40,158.9,3,140,285,330,7.591896678,9.037944351
1157,105000,7,306.69,38.25,60,297.2,7,100,120,170,7.592948785,9.038735082
1158,105000,9,306.69,37.99,20,32.89,2,200,405,450,7.590770365,9.037524073
1159,65000,8,306.69,38.34,40,147.27,6,160,165,210,7.591656033,9.036668441
1160,65000,8,306.69,38.53,40,88.64,3,160,165,210,7.592375017,9.036571733
1161,90000,9,306.69,38.76,20,173.22,4,200,405,450,7.592353736,9.037367388
1162,90000,9,306.69,38.68,20,112.93,0,200,200,250,7.593001706,9.036818283
1163,90000,9,306.69,38.8,20,216.12,4,200,360,410,7.593198278,9.037732326
1164,90000,6,306.69,38.49,40,273.34,4,140,285,330,7.593305468,9.038239115
1165,90000,7,306.69,38.53,30,228.18,7,180,285,330,7.592367539,9.038497748
1166,90000,6,306.69,38.02,40,354.73,8,140,285,330,7.593456314,9.039216279
1167,80000,7,306.69,38.08,30,34.06,1,180,285,330,7.59290635,9.035606227
1168,100000,9,306.69,37.95,50,44.42,3,220,285,330,7.593309002,9.034983841
1169,100000,9,306.69,38.44,20,85.09,2,220,250,300,7.593376965,9.036222919
1170,55000,6,306.69,38.25,40,60.34,0,140,285,330,7.593797178,9.035763364
1171,60000,6,306.69,38.73,40,170.84,1,140,285,330,7.593719568,9.037010927
1172,75000,7,306.69,37.87,30,36.07,1,180,180,230,7.593857891,9.034181165
1173,80000,7,306.69,37.45,30,51.11,3,180,285,330,7.593806084,9.033466612
1174,80000,8,306.69,36.69,40,33.24,2,160,165,210,7.593781179,9.032851629
1175,80000,7,306.69,38.18,50,106.79,1,120,200,250,7.594584249,9.034527562
1176,80000,9,306.69,38.25,60,173.18,4,200,120,170,7.595193865,9.034484684
1177,80000,7,306.69,38.11,30,137.3,0,180,285,330,7.594562973,9.035323218
1178,80000,6,306.69,37.97,40,200.8,4,140,285,330,7.594979819,9.035731725
1179,75000,7,306.69,37.59,50,155.54,0,180,120,170,7.595570334,9.035923878
1180,50000,7,306.69,38.29,50,189.91,1,120,300,350,7.594377369,9.036271966
1181,65000,8,306.69,37.96,40,185.53,1,160,165,210,7.595176046,9.036736191
1182,45000,8,306.69,38.36,20,254.1,2,140,450,500,7.59450992,9.037276187
1183,45000,6,306.69,37.36,40,75.58,3,140,285,330,7.596176172,9.036857571
1184,85000,9,306.69,37.47,20,109.86,3,200,360,410,7.596163336,9.035474023
1185,50000,7,306.69,37.81,50,177.79,0,120,120,170,7.595627853,9.03516453
1186,100000,9,306.69,37.6,20,165,2,220,210,260,7.596083886,9.034849789
1187,100000,7,306.69,37.92,30,224.51,5,180,285,330,7.595740964,9.034143164
1188,100000,9,306.69,37.54,20,207.48,5,200,360,410,7.596422753,9.034254281
1189,100000,7,306.69,37.92,30,128.13,4,180,285,330,7.594578552,9.03365042
1190,100000,8,306.69,37.68,40,118.15,7,160,165,210,7.595052846,9.033317665
1191,100000,8,306.69,36.95,40,65.73,0,160,165,210,7.595327935,9.032749042
1192,100000,7,306.69,36.9,30,91.39,2,180,285,330,7.594363469,9.032817689
1193,100000,7,306.69,36.46,20,112.29,5,100,570,280,7.597130081,9.032466575
1194,100000,8,306.69,36.94,40,173.97,1,160,165,210,7.596418696,9.032952149
1195,45000,9,306.69,37.35,40,222.1,1,140,120,170,7.596388469,9.033711602
1196,70000,8,306.69,37.55,50,155.08,2,160,120,170,7.595807507,9.033401935
1197,90000,9,306.69,36.84,20,86.58,5,200,360,410,7.593429167,9.032144968
1198,65000,8,306.69,37.51,40,87.48,0,160,165,210,7.592314877,9.030974218
1199,105000,9,306.69,37.66,20,70.6,2,200,360,410,7.592822466,9.03143733
1200,100000,9,306.69,37.69,50,144.62,2,220,360,410,7.592943591,9.030696312
