ID,Household income,Household size,Rainfall,Ave temp wet,LST wet,Travel time,Shortest distance,Height diff,Volume per day wet,Amount spent,Willingness to pay
1,100000,7,306.69,28.4,38.51,20,136.01,4,200,330,380
2,50000,7,306.69,28.4,39.12,50,349.69,2,120,165,210
3,85000,6,306.69,28.4,39.46,20,335.43,7,200,450,500
4,80000,8,306.69,28.4,39.14,35,310.44,2,160,165,210
5,75000,7,306.69,28.4,39.13,30,276.74,0,180,285,330
6,50000,7,306.69,28.4,39.24,45,224.96,2,120,330,380
7,75000,7,306.69,28.4,38.94,30,167.03,4,180,150,200
8,75000,9,306.69,28.4,38.66,20,122.1,3,200,210,260
9,75000,7,306.69,28.4,39.01,30,107.42,3,180,165,210
10,75000,9,306.69,28.4,39.47,20,151.09,3,220,400,450
11,75000,6,306.69,28.4,39.44,20,249,1,200,200,250
12,75000,9,306.69,28.4,39.88,20,290,8,200,210,260
13,75000,6,306.69,28.4,39.81,35,266.37,6,140,285,330
14,75000,8,306.69,28.4,39.73,40,238.1,3,160,165,210
15,75000,7,306.69,28.4,39.55,60,203.82,0,100,120,170
16,75000,7,306.69,28.4,39.59,30,156.35,2,180,285,330
17,75000,6,306.69,28.4,39.5,40,104.85,2,140,285,330
18,45000,8,306.69,28.4,39.46,40,76.55,1,160,165,210
19,40000,7,306.69,28.4,39.39,60,52.61,2,100,280,330
20,105000,6,306.69,28.4,39.62,20,126.21,1,200,450,500
21,100000,9,306.69,28.4,39.73,20,189.99,0,220,300,350
22,105000,9,306.69,28.4,39.81,20,251.53,7,200,210,260
23,50000,7,306.69,28.4,39.7,50,240.93,7,120,165,210
24,45000,6,306.69,28.4,39.72,40,207.39,5,140,285,330
25,65000,8,306.69,28.4,39.76,35,182.72,2,160,380,430
26,50000,6,306.69,28.4,39.44,40,112.16,0,140,285,330
27,105000,6,306.69,28.4,39.42,20,56.3,1,200,450,500
28,40000,7,306.69,28.4,39.06,60,30.41,1,100,120,170
29,40000,6,306.69,28.4,39.29,40,74.43,2,140,200,250
30,40000,7,306.69,28.4,39.47,60,141.01,2,100,120,170
31,40000,7,306.69,28.4,39.61,60,144.28,3,100,360,410
32,40000,7,306.69,28.4,39.54,30,167.93,5,180,90,140
33,40000,7,306.69,28.4,39.06,30,67.2,4,180,210,260
34,40000,6,306.69,28.4,38.77,20,93.52,5,220,120,170
35,40000,7,306.69,28.4,39.06,60,102.07,5,100,120,170
36,40000,8,306.69,28.4,39.28,40,60.88,2,160,280,330
37,40000,6,306.69,28.4,39.42,20,87,0,200,240,290
38,40000,7,306.69,28.4,39.56,30,92.91,3,180,165,210
39,100000,7,306.69,28.4,39.44,30,126.53,3,180,120,170
40,60000,6,306.69,28.4,39.33,40,167.06,6,140,300,350
41,45000,6,306.69,28.4,39.16,35,206.46,6,140,120,170
42,60000,6,306.69,28.4,38.95,40,193.83,6,140,260,310
43,40000,7,306.69,28.4,38.96,60,188.4,4,100,120,170
44,60000,6,306.69,28.4,39.15,35,139.45,4,140,120,170
45,65000,7,306.69,28.4,39.33,30,74.4,3,180,180,230
46,100000,7,306.69,28.4,39.46,20,35.36,1,220,360,410
47,70000,8,306.69,28.4,39.42,40,51.62,1,160,285,330
48,100000,9,306.69,28.4,39.26,20,90.8,1,220,240,290
49,85000,9,306.69,28.4,38.95,20,136.56,2,200,120,170
50,100000,9,306.69,28.4,38.65,20,150.72,4,220,300,350
51,90000,9,306.69,28.4,39.08,20,102.08,1,220,120,170
52,105000,9,306.69,28.4,39.13,20,114.39,3,200,240,290
53,75000,7,306.69,28.4,39.15,30,139.29,4,180,120,170
54,75000,7,306.69,28.4,38.74,45,188.53,3,120,120,170
55,75000,9,306.69,28.4,38.79,20,189.11,3,200,200,250
56,75000,7,306.69,28.4,38.99,30,151.82,3,180,120,170
57,75000,8,306.69,28.4,39.09,40,98.27,3,160,310,360
58,75000,6,306.69,28.4,39.24,20,66.1,3,200,285,330
59,75000,6,306.69,28.4,39.13,40,54.04,2,160,330,380
60,75000,6,306.69,28.4,39.24,35,37.12,1,140,280,330
61,80000,7,306.69,28.4,39.11,30,77.16,2,180,210,260
62,40000,7,306.69,28.4,38.89,60,118.44,2,100,165,210
63,75000,7,306.69,28.4,38.73,30,176.82,3,180,165,210
64,40000,7,306.69,28.4,37.58,50,235.36,6,120,100,150
65,45000,6,306.69,28.4,37.95,40,254.87,7,140,165,210
66,90000,9,306.69,28.4,37.26,20,296.1,9,220,165,210
67,50000,7,306.69,28.4,38.19,50,207.2,5,120,200,250
68,60000,6,306.69,28.4,37.41,40,238.32,6,140,165,210
69,60000,7,306.69,28.4,37.82,50,197.28,5,120,165,210
70,60000,9,306.69,28.4,37.32,20,228.64,6,200,310,360
71,60000,7,306.69,28.4,37.16,60,237.98,6,100,165,210
72,60000,8,306.69,28.4,37.35,40,197.31,5,160,165,210
73,60000,6,306.69,28.4,37.46,40,209.4,5,140,120,170
74,60000,7,306.69,28.4,37.04,30,261.01,6,180,280,330
75,65000,8,306.69,28.4,37.37,40,234.85,6,160,120,170
76,70000,7,306.69,28.4,37.41,30,281.32,4,180,120,170
77,40000,7,306.69,28.4,37.39,60,344.41,0,100,300,350
78,45000,6,306.69,28.4,37.59,40,315.41,1,140,120,170
79,95000,9,306.69,28.4,38.08,20,347.59,2,200,120,170
80,105000,7,306.69,28.4,38.3,20,372.86,3,200,120,170
81,75000,9,306.69,28.4,38.51,20,408.79,5,200,180,230
82,60000,6,306.69,28.4,38.71,40,389.42,4,140,120,170
83,105000,6,306.69,28.4,39.26,20,415.88,8,200,120,170
84,95000,9,306.69,28.4,40.4,20,465.97,15,200,220,270
85,80000,7,306.69,28.4,40.22,30,491.23,11,180,120,170
86,45000,6,306.69,28.4,39.34,40,434.01,4,140,120,170
87,60000,6,306.69,28.4,37.9,35,491.92,3,140,180,230
88,85000,9,306.69,28.4,36.99,20,422.2,3,200,120,170
89,45000,6,306.69,28.4,37.11,40,349.23,8,140,190,240
90,45000,6,306.69,28.4,37.26,40,326.96,10,140,120,170
91,45000,7,306.69,28.4,37.16,50,297.43,7,120,165,210
92,45000,7,306.69,28.4,40.08,60,345.24,11,100,165,210
93,45000,9,306.69,28.4,39.51,20,318.68,10,200,100,150
94,45000,9,306.69,28.4,39.65,20,292.31,9,200,165,210
95,45000,9,306.69,28.4,40.06,20,320.98,10,200,120,170
96,45000,6,306.69,28.4,39.51,20,359.9,16,220,165,210
97,45000,7,306.69,28.4,38.79,60,322.58,12,100,165,210
98,50000,7,306.69,28.4,38.73,50,266.32,10,120,200,250
99,80000,7,306.69,28.4,38.07,30,364.61,9,180,165,210
100,70000,8,306.69,28.4,38.13,40,239.56,2,160,285,330
101,85000,9,306.69,28.4,38.85,20,90.27,2,200,240,290
102,105000,6,306.69,28.4,38.61,35,201.42,2,160,480,300
103,40000,7,306.69,28.4,38.83,60,154.25,3,100,285,330
104,65000,8,306.69,28.4,39.07,40,169.96,3,160,210,260
105,85000,9,306.69,28.4,38.62,20,173.93,6,200,165,210
106,60000,6,306.69,28.4,38.78,40,144.14,6,140,405,450
107,75000,7,306.69,28.4,38.71,30,164,6,180,200,250
108,55000,8,306.69,28.4,38.74,40,108.26,2,160,285,330
109,95000,9,306.69,28.4,38.2,20,113.89,2,200,210,260
110,75000,7,306.69,28.4,37.21,30,183.35,1,180,330,380
111,85000,9,306.69,28.4,36.83,20,226.74,2,200,165,210
112,85000,7,306.69,28.4,36.52,30,283.47,1,180,240,290
113,85000,6,306.69,28.4,36.64,35,261.69,2,140,360,410
114,85000,7,306.69,28.4,38.78,30,118.68,2,180,405,450
115,85000,8,306.69,28.4,39.45,40,33.53,1,160,450,500
116,85000,8,306.69,28.4,39.56,40,142.44,2,160,210,260
117,85000,7,306.69,28.4,40.13,30,81.5,0,180,220,270
118,85000,8,306.69,28.4,38.74,40,88.28,2,160,285,330
119,100000,6,306.69,28.4,37.24,20,199.4,5,220,180,230
120,80000,9,306.69,28.4,38.24,20,172,7,200,165,210
121,40000,7,306.69,28.4,39.77,45,147.49,3,100,285,330
122,50000,7,306.69,28.4,40.02,50,57.01,1,120,360,410
123,100000,6,306.69,28.4,39.84,20,56.75,2,220,480,300
124,100000,7,306.69,28.4,38.64,20,145.91,8,220,220,270
125,40000,7,306.69,28.4,39.42,60,55.01,1,100,405,450
126,100000,6,306.69,28.4,39.36,20,88.62,4,220,350,400
127,60000,6,306.69,28.4,38.17,40,97.74,3,140,480,300
128,40000,7,306.69,28.4,39.1,60,32.02,1,100,450,500
129,95000,9,306.69,28.4,38.57,20,79.88,0,200,240,290
130,45000,6,306.69,28.4,39.04,40,95.52,4,140,480,300
131,85000,7,306.69,28.4,38.42,30,56.01,1,180,405,450
132,60000,6,306.69,28.4,38.8,40,94.37,1,140,450,500
133,75000,7,306.69,28.4,38.68,30,23.85,1,180,480,300
134,80000,7,306.69,28.4,38.38,30,74.17,1,180,300,350
135,95000,9,306.69,28.4,38.59,20,79.2,1,220,240,290
136,95000,9,306.69,28.4,38.51,20,30.59,1,200,330,380
137,95000,7,306.69,28.4,38.51,20,67.08,2,200,450,500
138,95000,8,306.69,28.4,38.66,40,69.35,2,160,230,280
139,95000,6,306.69,28.4,38.63,40,49.48,1,140,600,450
140,95000,6,306.69,28.4,39.09,40,45.88,0,140,480,300
141,95000,7,306.69,28.4,38.29,30,93.91,3,180,360,410
142,75000,9,306.69,28.4,38,20,10.77,0,200,280,330
143,95000,9,306.69,28.4,39.16,20,60.44,2,200,285,330
144,60000,6,306.69,28.4,39.03,40,35.44,1,140,720,380
145,75000,7,306.69,28.4,39.39,30,59.51,0,180,450,500
146,40000,7,306.69,28.4,39.1,60,99.76,1,100,180,230
147,65000,8,306.69,28.4,39.09,40,89.47,2,160,285,330
148,85000,9,306.69,28.4,38.93,20,57.71,1,200,300,350
149,40000,7,306.69,28.4,37.76,60,229.59,8,100,120,170
150,45000,6,306.69,28.4,37.73,40,36.36,1,140,645,400
151,65000,8,306.69,28.4,38.09,35,129.4,5,160,285,330
152,40000,7,306.69,28.4,37.44,60,121.5,4,100,360,410
153,40000,9,306.69,28.4,37.18,20,177.72,4,200,210,260
154,40000,8,306.69,28.4,37.67,40,230.65,7,160,380,430
155,40000,7,306.69,28.4,36.98,30,294.54,6,180,210,260
156,40000,7,306.69,28.4,37.85,20,178.72,2,200,210,260
157,40000,8,306.69,28.4,37.8,40,196.02,9,160,380,430
158,90000,9,306.69,28.4,37.13,20,224.45,11,200,210,260
159,105000,9,306.69,28.4,36.72,20,215.2,11,220,180,230
160,70000,8,306.69,28.4,36.65,40,210.11,5,160,210,260
161,70000,6,306.69,28.4,37.11,35,250.91,6,140,210,260
162,70000,8,306.69,28.4,37.2,40,332.63,7,160,180,230
163,70000,9,306.69,28.4,37.29,20,389.28,1,200,210,260
164,70000,6,306.69,28.4,38.49,20,448.99,3,220,370,420
165,105000,7,306.69,28.4,37.04,30,338.76,10,180,210,260
166,40000,7,306.69,28.4,37.31,50,305.81,18,100,210,260
167,100000,6,306.69,28.4,37.52,20,308.01,18,220,320,370
168,40000,7,306.69,28.4,37.69,60,400.05,22,100,210,260
169,50000,7,306.69,28.4,37.23,50,420.33,23,120,140,190
170,55000,6,306.69,28.4,37.03,40,378.8,18,140,210,260
171,70000,8,306.69,28.4,37.13,35,426.9,11,160,210,260
172,50000,7,306.69,28.4,38.47,60,473.33,10,100,180,230
173,80000,7,306.69,28.4,40.38,30,531.51,18,180,210,260
174,80000,8,306.69,28.4,40.03,40,527.39,16,160,210,260
175,80000,9,306.69,28.4,39.73,20,463.04,4,200,190,240
176,80000,6,306.69,28.4,38.6,20,488.07,26,200,210,260
177,80000,7,306.69,28.4,37.89,50,474.22,15,220,210,260
178,80000,7,306.69,28.4,37.51,30,469.3,24,180,400,450
179,80000,8,306.69,28.4,38.14,40,470.34,17,160,210,260
180,80000,6,306.69,28.4,38.02,40,405.81,9,140,120,170
181,80000,7,306.69,28.4,38.2,30,379.33,16,180,280,330
182,50000,7,306.69,28.4,37.95,30,323.36,12,180,120,170
183,60000,6,306.69,28.4,38.09,40,373.55,9,140,120,170
184,50000,7,306.69,28.4,36.97,50,268.75,9,120,165,210
185,70000,8,306.69,28.4,38.35,40,342.38,2,160,380,430
186,95000,8,306.69,28.4,38.09,35,297.26,6,160,165,210
187,95000,9,306.69,28.4,37.59,20,231.68,8,200,120,170
188,65000,8,306.69,28.4,38.05,40,237.2,0,160,165,210
189,45000,6,306.69,28.4,37.72,40,186.42,6,140,280,330
190,40000,7,306.69,28.4,37.75,60,72.57,3,100,360,410
191,55000,6,306.69,28.4,36.6,40,112.72,3,140,450,500
192,55000,6,306.69,28.4,37.47,40,159.14,6,140,450,500
193,85000,9,306.69,28.4,37.8,40,196.45,4,200,165,210
194,90000,8,306.69,28.4,37.28,40,222.3,9,160,210,260
195,60000,6,306.69,28.4,37.06,40,128.72,1,140,280,330
196,100000,7,306.69,28.4,37.58,20,306.37,15,220,285,330
197,100000,9,306.69,28.4,36.72,20,196.6,3,220,210,260
198,40000,7,306.69,28.4,37.79,60,211.02,2,100,330,380
199,50000,6,306.69,28.4,37.08,40,192.63,4,140,480,300
200,75000,7,306.69,28.4,38.06,30,230.85,2,180,330,380
201,95000,9,306.69,28.4,38.95,50,101.84,0,200,285,330
202,55000,6,306.69,28.4,38.98,40,138.64,2,140,570,280
203,65000,7,306.69,28.4,38.98,30,105.08,1,180,480,300
204,105000,6,306.69,28.4,38.61,20,72.84,0,200,720,380
205,65000,8,306.69,28.4,38.76,40,87.14,1,160,300,350
206,60000,6,306.69,28.4,38.79,40,113.88,4,140,600,450
207,75000,7,306.69,28.4,38.96,30,137.06,2,180,450,500
208,105000,7,306.69,28.4,39.14,20,132.09,4,200,380,430
209,45000,6,306.69,28.4,38.87,40,55.07,3,140,765,280
210,80000,7,306.69,28.4,39.19,30,85.29,4,180,525,480
211,80000,7,306.69,28.4,38.65,30,27.07,1,180,600,450
212,95000,9,306.69,28.4,38.39,20,146.49,2,200,165,210
213,85000,9,306.69,28.4,38.37,35,131.61,2,200,270,320
214,40000,7,306.69,28.4,37.91,60,152.63,1,100,240,290
215,100000,7,306.69,28.4,38.43,30,76.69,1,180,310,360
216,95000,9,306.69,28.4,38.51,20,105.72,2,200,210,260
217,95000,9,306.69,28.4,38.61,20,90.44,2,200,380,430
218,95000,9,306.69,28.4,38.6,20,39.66,0,200,285,330
219,95000,7,306.69,28.4,38.54,50,79.4,2,120,450,500
220,95000,9,306.69,28.4,38.22,50,118.98,1,200,165,210
221,95000,7,306.69,28.4,38.04,30,144.81,0,180,240,290
222,50000,7,306.69,28.4,38.31,50,85.98,3,120,360,410
223,75000,7,306.69,28.4,38.48,30,35.47,1,180,525,480
224,80000,7,306.69,28.4,38.16,30,105.39,3,180,285,330
225,75000,7,306.69,28.4,38.46,30,55.11,0,180,570,280
226,80000,7,306.69,28.4,38.3,30,104.04,0,180,330,380
227,80000,9,306.69,28.4,37.82,20,150.88,4,200,165,210
228,80000,7,306.69,28.4,37.74,30,188.67,5,180,300,350
229,100000,6,306.69,28.4,38.47,20,107.45,0,220,360,410
230,55000,6,306.69,28.4,37.67,40,156.85,2,140,360,410
231,60000,6,306.69,28.4,38.59,40,78.11,1,140,480,300
232,50000,7,306.69,28.4,38.45,50,118.6,3,120,330,380
233,45000,6,306.69,28.4,38.67,40,42.38,2,140,690,500
234,95000,9,306.69,28.4,38.49,20,100.9,4,200,320,370
235,50000,6,306.69,28.4,38.44,40,66.73,2,140,480,300
236,65000,8,306.69,28.4,37.72,40,172.24,4,160,210,260
237,90000,9,306.69,28.4,37.44,20,201.09,7,200,165,210
238,90000,9,306.69,28.4,37.8,20,234.88,6,200,200,250
239,55000,6,306.69,28.4,37.09,40,223.29,7,140,330,380
240,105000,6,306.69,28.4,36.3,20,251.73,10,200,285,330
241,55000,6,306.69,28.4,37.64,40,304.38,17,140,220,270
242,105000,9,306.69,28.4,37.34,20,367.9,14,200,285,330
243,95000,9,306.69,28.4,36.44,20,369.86,18,200,285,330
244,100000,6,306.69,28.4,36.7,20,438.77,15,200,270,320
245,90000,9,306.69,28.4,36.44,20,446.23,0,200,165,210
246,70000,8,306.69,28.4,36.67,40,378.76,2,160,165,210
247,100000,5,306.69,28.4,37.56,20,462.39,22,220,320,370
248,60000,6,306.69,28.4,38.01,40,421.35,19,140,120,170
249,100000,7,306.69,28.4,38.29,20,463.04,23,220,210,260
250,45000,6,306.69,28.4,37.88,40,473.06,18,140,120,170
251,70000,9,306.69,28.4,37.7,20,544.23,22,220,410,460
252,45000,6,306.69,28.4,37.35,40,527.8,19,140,120,170
253,95000,9,306.69,28.4,36.3,20,374.88,2,200,120,170
254,65000,8,306.69,28.4,36.12,40,365,0,160,120,170
255,90000,9,306.69,28.4,36.09,20,440.65,3,200,120,170
256,90000,9,306.69,28.4,36.27,20,509.4,3,200,120,170
257,90000,7,306.69,28.4,36.83,30,578.28,8,180,120,170
258,90000,9,306.69,28.4,36.4,35,598.07,3,200,120,170
259,90000,8,306.69,28.4,37.4,40,541.94,28,160,120,170
260,90000,9,306.69,28.4,35.8,20,537.82,9,200,120,170
261,70000,8,306.69,28.4,36.3,40,419.44,13,160,90,140
262,60000,8,306.69,28.4,35.92,40,467.74,27,160,90,140
263,65000,8,306.69,28.4,36.17,45,465.28,30,160,90,140
264,80000,7,306.69,28.4,36.71,30,496.23,28,180,90,140
265,55000,6,306.69,28.4,35.67,40,578.36,35,140,90,140
266,80000,7,306.69,28.4,35.82,30,578.02,21,180,90,140
267,80000,9,306.69,28.4,36.56,20,548.89,15,200,90,140
268,80000,6,306.69,28.4,36.67,40,569.17,13,140,90,140
269,80000,6,306.69,28.4,36.31,20,405.76,11,200,120,170
270,80000,7,306.69,28.4,36.03,30,380.87,10,180,120,170
271,65000,8,306.69,28.4,36.34,40,351.37,6,160,120,170
272,45000,6,306.69,28.4,36.19,40,405.94,8,140,165,210
273,50000,7,306.69,28.4,35.29,50,431,9,120,165,210
274,40000,7,306.69,28.4,36.24,60,414.42,8,100,165,210
275,85000,9,306.69,28.4,36.35,20,430.59,8,200,165,210
276,105000,9,306.69,28.4,35.94,20,475.84,10,220,165,210
277,75000,7,306.69,28.4,35.65,30,509.01,6,180,120,170
278,85000,9,306.69,28.4,36.34,20,576.85,4,200,120,170
279,65000,8,306.69,28.4,37,40,606.85,36,160,120,170
280,70000,8,306.69,28.4,36.66,40,597.34,1,160,120,170
281,55000,6,306.69,28.4,36.84,40,588.59,37,140,120,170
282,55000,7,306.69,28.4,37.16,30,534.18,31,180,120,170
283,55000,6,306.69,28.4,37.4,20,353.01,5,200,165,210
284,55000,9,306.69,28.4,36.93,20,469.66,21,200,165,210
285,55000,7,306.69,28.4,36.65,60,393.91,12,100,165,210
286,55000,9,306.69,28.4,37.04,20,317.62,11,200,165,210
287,55000,9,306.69,28.4,37.81,20,223.62,10,200,210,260
288,70000,8,306.69,28.4,37.46,40,178.75,11,160,240,290
289,100000,6,306.69,28.4,36.45,20,242.92,14,220,480,300
290,40000,7,306.69,28.4,36.98,60,47.76,2,100,570,280
291,60000,6,306.69,28.4,36.54,40,131.19,12,140,450,500
292,75000,7,306.69,28.4,36.97,30,145.66,10,180,330,380
293,90000,9,306.69,28.4,36.93,20,188.32,20,200,165,210
294,60000,6,306.69,28.4,37.63,40,284.86,16,140,480,300
295,105000,9,306.69,28.4,36.87,20,458.75,30,200,480,300
296,40000,7,306.69,28.4,36.49,60,564.72,38,100,480,300
297,85000,9,306.69,28.4,37.21,20,489.34,35,200,480,300
298,45000,6,306.69,28.4,37.74,35,409.46,27,140,210,260
299,65000,7,306.69,28.4,36.71,30,525.76,23,180,210,260
300,45000,6,306.69,28.4,36.85,40,429.38,9,140,210,260
301,100000,7,306.69,28.4,39.09,20,192.46,2,220,165,210
302,100000,8,306.69,28.4,39.07,40,222.27,3,160,210,260
303,100000,6,306.69,28.4,38.99,40,264.75,4,140,360,410
304,100000,7,306.69,28.4,39.06,50,283.44,4,120,240,290
305,100000,7,306.69,28.4,39.15,30,269.03,4,180,240,290
306,100000,9,306.69,28.4,39.17,20,239.04,4,200,210,260
307,100000,6,306.69,28.4,39.32,40,179.36,3,140,525,480
308,70000,8,306.69,28.4,39.33,35,147.41,3,160,330,380
309,65000,8,306.69,28.4,39.34,40,183.85,3,160,285,330
310,105000,7,306.69,28.4,39.51,20,216.09,4,200,360,410
311,100000,6,306.69,28.4,39.35,20,114.04,2,200,450,500
312,65000,8,306.69,28.4,39.31,40,73.16,1,160,450,500
313,70000,8,306.69,28.4,39.38,40,114.74,2,160,240,290
314,90000,9,306.69,28.4,39.52,20,152.21,4,200,210,260
315,70000,8,306.69,28.4,39.92,40,208.63,4,160,120,170
316,90000,9,306.69,28.4,39.89,20,147.33,3,220,240,290
317,45000,6,306.69,28.4,39.48,40,57.28,2,140,765,280
318,60000,6,306.69,28.4,40.25,40,110.26,1,140,450,500
319,40000,7,306.69,28.4,40.23,60,154.15,3,100,405,450
320,40000,7,306.69,28.4,40.23,60,196.76,4,100,405,450
321,105000,6,306.69,28.4,40.54,20,190.08,4,200,525,480
322,100000,5,306.69,28.4,40.39,40,183.97,0,160,840,550
323,100000,9,306.69,28.4,40.19,20,60,1,200,360,410
324,100000,6,306.69,28.4,39.98,40,164.91,3,140,525,480
325,100000,6,306.69,28.4,39.98,40,193.76,3,140,210,260
326,100000,9,306.69,28.4,40.49,20,229.71,3,200,210,260
327,100000,8,306.69,28.4,40.56,40,244.77,5,160,210,260
328,100000,7,306.69,28.4,40.47,30,280.49,5,180,210,260
329,45000,9,306.69,28.4,40.2,20,226.08,0,200,210,260
330,60000,6,306.69,28.4,39.69,40,208.21,3,140,210,260
331,80000,7,306.69,28.4,39.98,30,227.73,4,180,120,170
332,105000,7,306.69,28.4,40.27,20,263.29,2,200,120,170
333,70000,8,306.69,28.4,40.22,40,295.58,7,160,120,170
334,75000,7,306.69,28.4,39.66,30,258.31,8,180,120,170
335,75000,7,306.69,28.4,40.18,30,217.61,6,180,120,170
336,75000,7,306.69,28.4,39.79,30,112.01,5,180,330,380
337,60000,6,306.69,28.4,39.25,40,106.78,3,140,450,500
338,65000,8,306.69,28.4,39.25,40,62.43,2,160,285,330
339,50000,7,306.69,28.4,39.74,50,68.25,3,120,405,450
340,50000,8,306.69,28.4,40.02,35,117.72,4,160,285,330
341,50000,6,306.69,28.4,39.99,40,150.76,4,140,450,500
342,50000,7,306.69,28.4,39.73,30,187.24,4,180,285,330
343,50000,9,306.69,28.4,39.69,20,196.98,1,200,165,210
344,50000,8,306.69,28.4,39.86,40,151.79,4,160,240,290
345,50000,6,306.69,28.4,39.53,40,52.17,2,140,525,480
346,50000,7,306.69,28.4,39.52,30,109.81,1,180,330,380
347,50000,8,306.69,28.4,39.41,40,145.99,3,160,240,290
348,70000,7,306.69,28.4,39.31,30,97.02,2,180,360,410
349,75000,7,306.69,28.4,39.4,30,76.22,0,180,360,410
350,90000,9,306.69,28.4,39.19,50,71.81,2,200,240,290
351,70000,8,306.69,28.4,39.08,40,61.2,1,160,285,330
352,75000,7,306.69,28.4,39,30,125.25,2,180,330,380
353,100000,6,306.69,28.4,39.07,20,293.9,5,220,120,170
354,70000,8,306.69,28.4,38.96,35,340.3,5,160,120,170
355,80000,9,306.69,28.4,39.24,20,267.37,4,200,120,170
356,95000,9,306.69,28.4,39.11,20,296.45,5,200,120,170
357,90000,9,306.69,28.4,39.14,20,328.4,6,200,120,170
358,40000,7,306.69,28.4,39.52,60,271.15,4,100,120,170
359,55000,6,306.69,28.4,39.9,40,260.71,4,140,120,170
360,100000,6,306.69,28.4,39.4,20,327.27,7,200,90,140
361,85000,9,306.69,28.4,39.7,20,291.29,6,200,90,140
362,105000,9,306.69,28.4,39.31,20,339.84,8,200,90,140
363,100000,9,306.69,28.4,39.9,20,306.22,6,220,90,140
364,100000,8,306.69,28.4,40.18,40,268.07,5,160,90,140
365,100000,9,306.69,28.4,39.44,20,355.76,7,200,90,140
366,100000,6,306.69,28.4,40.11,40,310.04,7,140,90,140
367,100000,8,306.69,28.4,39.77,40,357.58,7,160,90,140
368,100000,9,306.69,28.4,39.24,20,306.79,10,200,90,140
369,80000,8,306.69,28.4,39.01,40,356.72,11,160,90,140
370,65000,8,306.69,28.4,39.17,40,244,3,160,90,140
371,80000,7,306.69,28.4,39.46,30,183.17,4,180,330,380
372,60000,6,306.69,28.4,39.29,40,237.61,5,140,120,170
373,60000,6,306.69,28.4,39.11,20,157.43,4,200,405,450
374,60000,7,306.69,28.4,38.94,20,203.97,3,200,330,380
375,60000,7,306.69,28.4,38.84,30,136.36,1,180,330,380
376,70000,8,306.69,28.4,38.85,40,45.04,1,160,360,410
377,50000,7,306.69,28.4,38.78,50,47.68,2,120,480,300
378,80000,7,306.69,28.4,38.74,30,79.16,0,180,360,410
379,40000,7,306.69,28.4,38.61,50,112.36,1,100,330,380
380,100000,7,306.69,28.4,38.77,20,82.86,0,220,330,380
381,70000,8,306.69,28.4,38.76,40,93.41,3,160,240,290
382,70000,7,306.69,28.4,38.78,30,54.82,0,180,450,500
383,85000,9,306.69,28.4,38.63,20,82.46,2,200,285,330
384,70000,8,306.69,28.4,38.48,40,118.11,2,160,330,380
385,95000,9,306.69,28.4,38.74,20,55.58,0,200,285,330
386,65000,8,306.69,28.4,38.73,40,53.54,1,160,360,410
387,65000,6,306.69,28.4,38.76,40,48.84,1,140,645,400
388,65000,9,306.69,28.4,38.9,20,88.2,2,200,285,330
389,65000,9,306.69,28.4,39.06,20,42.2,0,200,285,330
390,65000,7,306.69,28.4,38.98,20,38.48,0,200,450,500
391,75000,7,306.69,28.4,39.07,30,47.76,1,180,480,300
392,70000,8,306.69,28.4,39.1,40,15.62,0,160,450,500
393,105000,9,306.69,28.4,39.09,20,23.19,1,200,360,410
394,60000,6,306.69,28.4,39.07,35,46.49,1,140,645,400
395,90000,9,306.69,28.4,39.04,20,65.73,0,200,285,330
396,80000,7,306.69,28.4,38.83,30,52.2,1,180,480,300
397,60000,7,306.69,28.4,38.81,30,67.36,1,180,480,300
398,95000,9,306.69,28.4,39.04,20,56.73,0,200,285,330
399,60000,6,306.69,28.4,38.9,40,135.2,2,140,570,280
400,65000,8,306.69,28.4,38.83,40,143.39,3,160,330,380
401,95000,9,306.69,28.4,38.11,20,121.56,3,200,240,290
402,60000,6,306.69,28.4,38,40,66.03,2,140,645,400
403,95000,9,306.69,28.4,38.44,20,155.97,5,220,240,290
404,100000,6,306.69,28.4,38.33,20,116.73,3,220,570,280
405,60000,6,306.69,28.4,38.49,40,151.73,2,140,570,280
406,50000,7,306.69,28.4,38.15,50,44.18,3,120,480,300
407,100000,5,306.69,28.4,38.14,20,69.32,1,220,480,300
408,50000,7,306.69,28.4,37.94,50,91.55,2,120,480,300
409,100000,7,306.69,28.4,37.62,20,37.7,0,220,480,300
410,75000,7,306.69,28.4,37.34,30,94.34,3,180,405,450
411,80000,9,306.69,28.4,36.57,20,103.46,2,200,240,290
412,50000,7,306.69,28.4,36.7,50,196.36,2,120,405,450
413,100000,6,306.69,28.4,37.83,20,187.96,6,220,525,480
414,40000,7,306.69,28.4,38.42,60,220.1,1,100,360,410
415,65000,8,306.69,28.4,38.16,40,163.62,0,160,330,380
416,50000,7,306.69,28.4,38.33,50,138.36,3,120,405,450
417,90000,9,306.69,28.4,38.61,20,213.04,2,200,210,260
418,40000,7,306.69,28.4,38.53,50,145.72,2,120,405,450
419,50000,7,306.69,28.4,38.78,50,256.45,2,120,330,380
420,50000,7,306.69,28.4,38.76,30,180.25,2,180,405,450
421,50000,7,306.69,28.4,38.81,20,214.46,1,200,360,410
422,50000,8,306.69,28.4,38.47,40,319.04,2,160,210,260
423,50000,9,306.69,28.4,38.22,20,311.67,8,220,165,210
424,50000,7,306.69,28.4,37.97,50,247.03,6,100,330,380
425,95000,9,306.69,28.4,37.71,20,145.5,1,200,210,260
426,65000,8,306.69,28.4,37.88,40,243.13,5,160,240,290
427,95000,9,306.69,28.4,38.69,20,277.12,3,200,210,260
428,100000,9,306.69,28.4,38.51,20,259.28,2,220,210,260
429,100000,6,306.69,28.4,38.47,40,223.83,1,140,480,300
430,100000,7,306.69,28.4,38.55,30,221.54,7,180,360,410
431,100000,6,306.69,28.4,38.86,40,254.95,6,140,450,500
432,100000,7,306.69,28.4,38.8,60,256.85,3,100,330,380
433,60000,6,306.69,28.4,38.95,40,304.61,2,140,450,500
434,70000,8,306.69,28.4,39.1,40,322.06,7,160,240,290
435,70000,8,306.69,28.4,38.87,35,318.11,5,160,240,290
436,90000,9,306.69,28.4,38.81,20,320.63,1,200,210,260
437,95000,9,306.69,28.4,38.86,20,256.73,4,200,240,290
438,105000,7,306.69,28.4,38.62,30,260.6,4,180,405,450
439,55000,6,306.69,28.4,38.6,40,318.02,3,140,450,500
440,55000,6,306.69,28.4,38.31,40,301.88,2,140,450,500
441,90000,9,306.69,28.4,38.38,20,234.06,2,200,240,290
442,45000,6,306.69,28.4,38.38,40,234.36,4,140,525,480
443,100000,7,306.69,28.4,38.69,20,132,1,220,525,480
444,60000,6,306.69,28.4,38.99,40,206.63,7,140,405,450
445,80000,9,306.69,28.4,38.98,20,138.22,4,200,330,380
446,85000,9,306.69,28.4,38.98,20,80.99,2,200,360,410
447,85000,7,306.69,28.4,38.82,60,26.17,0,100,600,450
448,85000,9,306.69,28.4,38.88,20,109.66,4,200,360,410
449,85000,6,306.69,28.4,38.94,20,174.52,9,200,690,500
450,85000,7,306.69,28.4,38.85,20,255.15,11,200,405,450
451,40000,7,306.69,28.4,38.72,60,297.06,11,100,405,450
452,105000,7,306.69,28.4,38.93,20,276.74,10,220,405,450
453,60000,6,306.69,28.4,38.66,40,261.28,9,140,525,480
454,55000,6,306.69,28.4,38.63,40,209.29,8,140,600,450
455,95000,9,306.69,28.4,38.72,20,238.03,6,200,285,330
456,95000,9,306.69,28.4,38.33,20,160.65,8,200,330,380
457,95000,7,306.69,28.4,38.28,20,152.07,6,220,480,300
458,95000,7,306.69,28.4,38.05,50,112.64,4,120,525,480
459,95000,6,306.69,28.4,38.38,40,177.19,4,140,645,400
460,95000,7,306.69,28.4,38.13,30,159.15,2,180,480,300
461,95000,6,306.69,28.4,37.95,40,97.59,2,140,765,280
462,90000,9,306.69,28.4,37.98,20,80.06,3,200,360,410
463,45000,6,306.69,28.4,37.63,40,70.01,1,140,810,550
464,85000,9,306.69,28.4,37.42,50,183.13,4,200,285,330
465,105000,7,306.69,28.4,37.42,20,116.71,4,200,525,480
466,105000,6,306.69,28.4,37.41,20,86.05,5,220,765,280
467,95000,9,306.69,28.4,37.36,20,46.53,3,200,405,450
468,65000,8,306.69,28.4,37.37,40,52.33,3,160,480,300
469,65000,8,306.69,28.4,37.9,40,70.72,4,160,480,300
470,50000,7,306.69,28.4,38.06,50,67.12,3,120,645,400
471,70000,8,306.69,28.4,38.23,40,141.82,4,160,360,410
472,80000,7,306.69,28.4,38.64,30,211.68,8,180,450,500
473,85000,7,306.69,28.4,38.52,20,221.62,10,180,450,500
474,95000,9,306.69,28.4,38.34,20,155.08,6,200,330,380
475,75000,7,306.69,28.4,38.49,30,248.6,11,180,450,500
476,50000,7,306.69,28.4,38.54,50,260.95,10,120,450,500
477,80000,7,306.69,28.4,38.8,30,297.67,10,180,405,450
478,45000,6,306.69,28.4,39.25,35,368.4,15,140,360,410
479,80000,7,306.69,28.4,38.67,30,315.36,11,180,285,330
480,85000,9,306.69,28.4,38.78,20,346.99,9,220,165,210
481,100000,7,306.69,28.4,38.47,20,317.16,10,220,240,290
482,105000,6,306.69,28.4,38.67,20,409.42,6,200,240,290
483,60000,6,306.69,28.4,39.18,40,461.86,7,140,210,260
484,105000,9,306.69,28.4,39.83,20,371.01,12,200,120,170
485,40000,7,306.69,28.4,39.63,35,398.42,12,100,240,290
486,55000,6,306.69,28.4,39.62,40,463.79,9,140,210,260
487,55000,7,306.69,28.4,38.98,30,308.15,12,180,285,330
488,55000,8,306.69,28.4,39.72,40,337.38,11,160,210,260
489,55000,7,306.69,28.4,39.73,50,324.49,9,120,240,290
490,55000,9,306.69,28.4,39.35,20,270.65,7,200,240,290
491,55000,9,306.69,28.4,39.03,20,180.23,7,200,285,330
492,55000,9,306.69,28.4,39.34,20,391.76,6,200,165,210
493,75000,7,306.69,28.4,39.23,30,322.41,6,180,285,330
494,55000,6,306.69,28.4,39.2,40,337,4,140,360,410
495,85000,9,306.69,28.4,39.25,35,319.9,3,200,165,210
496,90000,9,306.69,28.4,39.22,20,253.51,3,200,285,330
497,90000,9,306.69,28.4,39.12,20,229.11,4,220,285,330
498,90000,7,306.69,28.4,39.23,30,177.55,5,180,480,300
499,90000,7,306.69,28.4,38.89,50,106.47,3,120,525,480
500,90000,9,306.69,28.4,38.6,20,77.01,4,200,360,410
501,105000,7,306.69,28.4,39.18,30,87.09,0,180,570,280
502,80000,9,306.69,28.4,39.01,20,202.25,5,220,240,290
503,60000,6,306.69,28.4,38.12,40,303.64,11,140,360,410
504,100000,6,306.69,28.4,38.69,20,241.25,11,220,600,450
505,100000,7,306.69,28.4,39.52,20,116.1,0,220,480,300
506,50000,7,306.69,28.4,39.32,50,142.04,2,120,480,300
507,70000,8,306.69,28.4,39.13,40,160.8,5,160,360,410
508,55000,6,306.69,28.4,39.8,40,169.12,2,140,600,450
509,55000,8,306.69,28.4,39.82,40,115.69,5,160,360,410
510,80000,7,306.69,28.4,40.4,30,126.15,3,180,480,300
511,90000,9,306.69,28.4,39.7,20,213.46,16,200,285,330
512,75000,7,306.69,28.4,40.39,30,104,3,180,480,300
513,75000,7,306.69,28.4,39.56,30,212.21,16,180,450,500
514,95000,7,306.69,28.4,40.75,30,76.69,0,180,525,480
515,55000,6,306.69,28.4,40.32,40,99.01,0,140,690,500
516,85000,9,306.69,28.4,40.02,20,260,2,200,285,330
517,70000,8,306.69,28.4,40.6,40,46.01,4,160,480,300
518,70000,8,306.69,28.4,40.62,40,105.91,9,160,360,410
519,90000,9,306.69,28.4,40.44,20,129.99,4,200,285,330
520,50000,6,306.69,28.4,40.05,40,151.17,2,140,600,450
521,55000,7,306.69,28.4,40.76,40,78.6,2,140,570,280
522,95000,9,306.69,28.4,40.64,20,148.5,1,200,285,330
523,80000,7,306.69,28.4,40.52,30,158.9,6,180,450,500
524,95000,9,306.69,28.4,40.38,20,208.24,11,200,240,290
525,55000,6,306.69,28.4,40.39,40,99.41,0,140,720,380
526,40000,7,306.69,28.4,40.65,60,160.25,0,100,450,500
527,105000,9,306.69,28.4,40.29,20,220.51,5,200,240,290
528,90000,9,306.69,28.4,40.54,20,149.91,3,200,285,330
529,40000,7,306.69,28.4,40.34,60,78.23,1,100,570,280
530,100000,9,306.69,28.4,40.56,35,47.17,1,220,405,450
531,65000,8,306.69,28.4,39.84,40,147.96,3,160,330,380
532,65000,8,306.69,28.4,38.31,40,87.37,5,140,450,500
533,65000,6,306.69,28.4,38.52,20,89.27,1,200,765,280
534,65000,7,306.69,28.4,39.29,30,208.89,6,180,405,450
535,65000,9,306.69,28.4,38.3,50,213.78,4,200,240,290
536,80000,7,306.69,28.4,38.43,30,229.31,6,180,360,410
537,90000,9,306.69,28.4,39.01,20,152.74,3,200,285,330
538,95000,9,306.69,28.4,38.49,20,185.98,2,200,240,290
539,100000,7,306.69,28.4,38.54,20,143.68,2,220,450,500
540,95000,9,306.69,28.4,38.27,20,88.51,1,200,360,410
541,95000,6,306.69,28.4,38.5,40,126.57,1,140,600,450
542,95000,7,306.69,28.4,39.09,30,295.1,6,180,450,500
543,95000,7,306.69,28.4,39.74,60,202.06,5,100,450,500
544,100000,7,306.69,28.4,39.01,20,295.43,7,220,405,450
545,40000,7,306.69,28.4,38.8,60,310.11,1,100,360,410
546,60000,6,306.69,28.4,38.88,40,233.14,3,140,600,450
547,50000,7,306.69,28.4,39.71,50,187.78,3,120,450,500
548,50000,7,306.69,28.4,38.21,50,308.1,5,120,285,330
549,90000,9,306.69,28.4,38.41,20,344.48,4,200,165,210
550,55000,6,306.69,28.4,38.84,40,339.53,0,140,360,410
551,55000,6,306.69,28.4,38.85,40,304.31,1,140,360,410
552,55000,8,306.69,28.4,39.45,40,204.79,3,160,285,330
553,55000,9,306.69,28.4,38.5,20,290.72,6,200,210,260
554,55000,7,306.69,28.4,39.2,30,132.7,3,180,450,500
555,55000,6,306.69,28.4,39.46,40,121.75,1,140,600,450
556,55000,7,306.69,28.4,38.97,30,195.01,3,180,360,410
557,55000,7,306.69,28.4,39.24,50,149.6,0,120,360,410
558,60000,6,306.69,28.4,38.3,40,410.67,5,140,285,330
559,85000,9,306.69,28.4,38.82,20,320.65,6,200,165,210
560,90000,9,306.69,28.4,38.64,20,406.23,9,200,90,140
561,100000,7,306.69,28.4,38.12,30,546.36,7,180,165,210
562,55000,6,306.69,28.4,40.1,40,60.21,2,140,765,280
563,65000,8,306.69,28.4,40.59,40,73.35,3,160,405,450
564,85000,6,306.69,28.4,39.86,40,113.15,6,140,600,450
565,105000,7,306.69,28.4,40.65,20,81.22,4,200,570,280
566,75000,7,306.69,28.4,40.25,30,80.75,3,180,570,280
567,90000,9,306.69,28.4,39.19,20,229.03,6,200,285,330
568,55000,6,306.69,28.4,38.28,40,471.35,10,140,285,330
569,70000,8,306.69,28.4,38.95,35,390.93,5,160,120,170
570,70000,8,306.69,28.4,38.43,40,429.75,11,160,120,170
571,40000,7,306.69,28.4,39.24,60,312.82,3,100,285,330
572,55000,7,306.69,28.4,38.41,30,319.86,10,180,285,330
573,70000,8,306.69,28.4,39.31,40,481.27,8,160,120,170
574,80000,7,306.69,28.4,39.55,30,373.61,7,180,210,260
575,75000,7,306.69,28.4,39.66,30,152.08,2,180,450,500
576,105000,7,306.69,28.4,40.35,20,178.19,7,200,405,450
577,80000,7,306.69,28.4,39.86,30,240.05,8,180,405,450
578,95000,8,306.69,28.4,39.81,40,262.49,6,160,285,330
579,70000,8,306.69,28.4,39.88,40,394.87,9,160,165,210
580,50000,7,306.69,28.4,39.57,50,365.17,1,120,210,260
581,65000,8,306.69,28.4,38.28,45,183.36,4,160,360,410
582,95000,9,306.69,28.4,38.11,20,227.27,5,200,285,330
583,90000,9,306.69,28.4,37.93,20,253.12,4,200,240,290
584,95000,6,306.69,28.4,38.41,40,86.93,0,140,765,280
585,45000,6,306.69,28.4,36.71,40,90.43,5,140,720,380
586,60000,6,306.69,28.4,36.97,40,174.18,4,140,600,450
587,80000,7,306.69,28.4,37.2,30,217.86,9,180,450,500
588,85000,9,306.69,28.4,37.12,20,280.06,11,200,240,290
589,60000,6,306.69,28.4,38.37,40,168.05,1,140,570,280
590,85000,6,306.69,28.4,38.02,40,336.01,7,140,360,410
591,60000,6,306.69,28.4,36.89,40,391.66,11,140,285,330
592,60000,6,306.69,28.4,37.44,40,470.12,7,140,285,330
593,60000,6,306.69,28.4,38.25,40,505.18,5,140,210,260
594,60000,8,306.69,28.4,37.89,40,523.07,4,160,90,140
595,60000,7,306.69,28.4,37.3,60,419,12,100,165,210
596,60000,8,306.69,28.4,37.07,40,507.63,17,160,120,170
597,60000,8,306.69,28.4,38.34,40,348.3,8,160,165,210
598,60000,7,306.69,28.4,37.26,30,345.61,2,180,240,290
599,65000,8,306.69,28.4,37.43,40,274.9,1,160,285,330
600,65000,8,306.69,28.4,37.56,40,167.6,3,160,360,410
601,95000,9,306.69,28.4,37.41,20,292.36,3,200,240,290
602,95000,9,306.69,28.4,35.66,20,383.94,5,200,120,170
603,95000,9,306.69,28.4,37.08,20,357.19,12,220,120,170
604,70000,8,306.69,28.4,37.59,40,291.78,6,160,285,330
605,70000,7,306.69,28.4,37.95,30,367.35,8,180,210,260
606,65000,8,306.69,28.4,38.14,40,253.65,6,160,165,210
607,90000,9,306.69,28.4,37.54,20,281.83,3,200,120,170
608,90000,9,306.69,28.4,38.23,20,273.75,5,200,120,170
609,40000,7,306.69,28.4,38.21,60,300.83,10,100,165,210
610,105000,7,306.69,28.4,38.11,50,349.21,5,200,165,210
611,40000,7,306.69,28.4,37.97,60,426.48,4,100,120,170
612,80000,7,306.69,28.4,37.82,30,429.36,4,180,120,170
613,95000,6,306.69,28.4,37.94,40,392.21,12,140,210,260
614,50000,7,306.69,28.4,37.4,50,342.53,4,120,165,210
615,45000,7,306.69,28.4,37.78,40,391.09,10,140,120,170
616,40000,7,306.69,28.4,38.27,60,278.71,0,100,210,260
617,90000,9,306.69,28.4,38.16,20,212.95,5,200,120,170
618,45000,6,306.69,28.4,37.87,40,278.63,5,140,285,330
619,60000,9,306.69,28.4,37.76,20,323.54,4,200,120,170
620,45000,6,306.69,28.4,37.82,40,421.23,8,140,285,330
621,45000,9,306.69,28.4,38.04,35,345.01,6,140,120,170
622,60000,7,306.69,28.4,37.68,30,308.52,4,180,240,290
623,105000,7,306.69,28.4,37.84,20,401.4,8,200,645,400
624,55000,6,306.69,28.4,38.06,40,326.7,8,140,285,330
625,50000,7,306.69,28.4,37.71,50,417.54,9,120,165,210
626,105000,7,306.69,28.4,37.48,20,127,3,220,645,400
627,50000,7,306.69,28.4,38.3,50,36.24,1,120,165,210
628,70000,8,306.69,28.4,38.25,40,103.09,2,160,165,210
629,40000,7,306.69,28.4,39.71,60,189.31,6,100,120,170
630,80000,7,306.69,28.4,39.76,30,200.46,5,180,285,330
631,90000,9,306.69,28.4,39.47,20,175.82,5,200,405,450
632,100000,6,306.69,28.4,39.09,20,94.83,0,220,840,550
633,55000,6,306.69,28.4,39.6,40,50.16,2,140,285,330
634,50000,7,306.69,28.4,38.46,30,83.76,2,180,285,330
635,80000,7,306.69,28.4,38.43,30,57.94,0,180,285,330
636,80000,9,306.69,28.4,39.05,20,131.03,1,200,330,380
637,80000,6,306.69,28.4,39.47,20,143.89,3,200,765,280
638,80000,6,306.69,28.4,39.31,40,167.29,6,140,285,330
639,80000,7,306.69,28.4,39.62,30,124.33,2,180,285,330
640,80000,8,306.69,28.4,38.06,40,64.5,2,160,165,210
641,80000,9,306.69,28.4,38.19,20,23,1,200,330,380
642,80000,8,306.69,28.4,39.23,40,136.74,0,160,165,210
643,60000,6,306.69,28.4,39.25,40,224.61,1,140,285,330
644,60000,6,306.69,28.4,37.89,40,434.95,8,140,285,330
645,105000,9,306.69,28.4,38.42,20,446.16,1,200,330,380
646,95000,9,306.69,28.4,38,20,586.78,5,220,330,380
647,45000,6,306.69,28.4,38.62,40,485.49,3,140,285,330
648,45000,6,306.69,28.4,37.31,40,137.41,0,140,285,330
649,50000,9,306.69,28.4,37.36,40,207.52,1,140,120,170
650,105000,7,306.69,28.4,37.72,20,148.22,0,200,645,400
651,100000,6,306.69,28.4,38.57,20,135.03,3,220,720,380
652,65000,8,306.69,28.4,38.87,20,234.05,4,160,450,500
653,100000,7,306.69,28.4,38.99,30,85.23,1,180,285,330
654,105000,9,306.69,28.4,38.81,20,154.39,3,200,330,380
655,40000,7,306.69,28.4,39.04,60,254.33,7,100,120,170
656,80000,7,306.69,28.4,39.16,30,245.8,7,180,285,330
657,105000,9,306.69,28.4,38.32,20,254.47,5,200,360,410
658,65000,8,306.69,28.4,38.12,40,327.07,3,160,165,210
659,65000,8,306.69,28.4,38.8,40,308.87,2,160,165,210
660,65000,8,306.69,28.4,38.92,20,364.97,4,140,450,500
661,65000,9,306.69,28.4,39.13,20,382.93,4,200,330,380
662,65000,7,306.69,28.4,38.36,50,339.04,2,120,165,210
663,65000,6,306.69,28.4,38.11,40,234.48,3,140,285,330
664,65000,9,306.69,28.4,39.16,20,92.02,2,200,330,380
665,65000,7,306.69,28.4,38.52,30,156.32,3,180,285,330
666,100000,9,306.69,28.4,38.76,20,71.17,1,220,330,380
667,55000,9,306.69,28.4,38.1,20,155.79,8,200,360,410
668,100000,9,306.69,28.4,38.82,20,89.84,3,220,360,410
669,75000,7,306.69,28.4,39.06,30,137.75,4,180,285,330
670,80000,7,306.69,28.4,39.24,30,180.25,4,180,285,330
671,105000,9,306.69,28.4,38.18,20,259.33,8,200,330,380
672,95000,9,306.69,28.4,37.84,20,336.03,9,200,360,410
673,75000,7,306.69,28.4,39.32,30,106.98,0,180,285,330
674,40000,7,306.69,28.4,38.42,60,211.48,6,100,120,170
675,70000,9,306.69,28.4,38.01,20,322.91,13,200,360,410
676,40000,7,306.69,28.4,38.02,60,297.43,4,100,120,170
677,70000,8,306.69,28.4,38.35,40,375.95,6,160,165,210
678,105000,9,306.69,28.4,38.68,20,252.17,3,200,330,380
679,50000,7,306.69,28.4,39.41,50,406.12,8,120,165,210
680,65000,8,306.69,28.4,39.06,50,418.08,8,160,165,210
681,95000,9,306.69,28.4,38.71,20,378.08,13,200,330,380
682,40000,6,306.69,28.4,39.47,40,388.6,5,140,285,330
683,70000,8,306.69,28.4,38.04,40,644.24,3,160,165,210
684,70000,9,306.69,28.4,38.28,20,619.08,0,200,330,380
685,70000,9,306.69,28.4,39.56,35,421.46,5,200,210,260
686,70000,9,306.69,28.4,39.73,20,538.35,4,220,330,380
687,70000,9,306.69,28.4,39.75,20,531.98,9,200,360,410
688,70000,7,306.69,28.4,39.25,20,616.76,6,220,450,500
689,70000,8,306.69,28.4,38.34,40,736.77,1,160,165,210
690,45000,6,306.69,28.4,38.78,40,640.86,15,140,285,330
691,50000,7,306.69,28.4,38.88,50,401.31,15,120,165,210
692,100000,6,306.69,28.4,39.3,20,434.63,8,220,690,500
693,40000,7,306.69,28.4,39.35,60,393.39,11,100,120,170
694,70000,8,306.69,28.4,39.77,40,428.78,9,160,165,210
695,50000,7,306.69,28.4,39.72,40,416.48,7,140,210,260
696,50000,7,306.69,28.4,38.87,50,482.9,13,120,165,210
697,50000,7,306.69,28.4,38.86,50,515.38,16,120,165,210
698,45000,6,306.69,28.4,38.26,40,644.1,16,140,285,330
699,105000,6,306.69,28.4,38.82,20,560.29,14,200,690,500
700,85000,9,306.69,28.4,39.52,20,507.99,10,200,360,410
701,65000,8,306.69,28.4,37.18,40,39.96,1,160,165,210
702,60000,6,306.69,28.4,37.49,40,84.58,2,140,285,330
703,60000,7,306.69,28.4,37.54,30,130.18,2,180,285,330
704,60000,8,306.69,28.4,37.51,40,108.71,2,140,120,170
705,60000,9,306.69,28.4,37.77,20,53.85,5,200,360,410
706,60000,7,306.69,28.4,37.89,50,105.65,9,120,165,210
707,60000,7,306.69,28.4,37.3,50,162.2,12,120,165,210
708,60000,6,306.69,28.4,37.78,40,86.03,2,140,285,330
709,85000,9,306.69,28.4,37.44,20,171.35,7,200,360,410
710,55000,9,306.69,28.4,37.72,20,173.42,4,220,360,410
711,100000,9,306.69,28.4,37.93,20,194.1,2,220,360,410
712,60000,6,306.69,28.4,37.04,40,241.66,7,140,285,330
713,90000,9,306.69,28.4,37.04,20,279.87,9,200,360,410
714,60000,6,306.69,28.4,37.61,50,194,5,140,285,330
715,105000,9,306.69,28.4,37.53,20,258.7,8,200,330,380
716,55000,9,306.69,28.4,38.09,20,189.74,5,200,330,380
717,90000,9,306.69,28.4,37.53,20,80.6,1,200,330,380
718,40000,6,306.69,28.4,37.88,40,35.13,1,140,285,330
719,45000,6,306.69,28.4,37.69,40,110.32,1,140,285,330
720,45000,9,306.69,28.4,37.8,20,115.52,1,200,330,380
721,45000,7,306.69,28.4,37.89,30,165.68,4,180,285,330
722,45000,7,306.69,28.4,38.05,60,263.22,2,100,120,170
723,45000,7,306.69,28.4,37.89,20,312.29,4,220,525,480
724,45000,9,306.69,28.4,38,20,249.01,2,200,210,260
725,55000,6,306.69,28.4,37.39,60,259.12,3,140,210,260
726,70000,8,306.69,28.4,37.26,40,200.08,4,160,165,210
727,75000,7,306.69,28.4,37.43,50,150.44,7,120,165,210
728,60000,6,306.69,28.4,37.69,40,78.64,5,140,285,330
729,70000,8,306.69,28.4,37.12,40,244.14,2,160,165,210
730,95000,9,306.69,28.4,37.2,20,269.22,0,200,360,410
731,95000,7,306.69,28.4,37.46,30,282.78,14,180,285,330
732,95000,7,306.69,28.4,37.37,30,339.24,0,180,285,330
733,40000,7,306.69,28.4,37.03,60,320.98,15,100,120,170
734,60000,6,306.69,28.4,37.15,40,299.29,0,140,285,330
735,65000,8,306.69,28.4,37.11,40,300.2,8,160,165,210
736,40000,7,306.69,28.4,37.22,60,282.4,2,100,120,170
737,70000,8,306.69,28.4,37.74,40,254.61,2,160,165,210
738,80000,7,306.69,28.4,37.86,30,275.15,4,180,285,330
739,45000,6,306.69,28.4,37.97,40,210.09,3,140,285,330
740,50000,7,306.69,28.4,38.13,50,217.52,5,120,165,210
741,105000,7,306.69,28.4,37.58,20,329.16,10,200,570,280
742,105000,7,306.69,28.4,37.97,30,251.48,2,180,285,330
743,105000,6,306.69,28.4,37.56,40,196.02,4,140,285,330
744,85000,9,306.69,28.4,37.8,20,175.97,1,200,360,410
745,85000,9,306.69,28.4,37.99,20,208.24,1,200,360,410
746,85000,9,306.69,28.4,37.9,20,150.44,3,200,405,450
747,85000,9,306.69,28.4,37.71,20,138.22,2,200,360,410
748,70000,9,306.69,28.4,37.86,20,246.66,1,220,405,450
749,70000,7,306.69,28.4,37.8,60,180.4,1,100,120,170
750,70000,8,306.69,28.4,37.25,40,261.02,10,160,165,210
751,70000,6,306.69,28.4,37.2,40,205.64,8,140,285,330
752,85000,9,306.69,28.4,37.54,20,222.65,1,200,360,410
753,95000,6,306.69,28.4,37.65,40,148.82,2,140,285,330
754,50000,7,306.69,28.4,37.71,50,162.56,1,120,165,210
755,95000,9,306.69,28.4,37.36,60,103.35,4,200,90,140
756,90000,9,306.69,28.4,37.56,20,155.94,8,200,330,380
757,50000,7,306.69,28.4,37.42,50,116.47,4,120,165,210
758,95000,8,306.69,28.4,37.49,40,113.22,3,160,165,210
759,80000,7,306.69,28.4,37.56,30,89.55,1,180,285,330
760,100000,7,306.69,28.4,37.57,20,114.79,2,220,645,400
761,100000,6,306.69,28.4,37.85,40,159.67,2,140,285,330
762,50000,7,306.69,28.4,37.48,50,81.34,0,120,165,210
763,85000,9,306.69,28.4,37.46,35,52.63,1,200,210,260
764,70000,8,306.69,28.4,37.27,40,40.61,0,160,165,210
765,70000,7,306.69,28.4,37.14,30,84.6,5,180,285,330
766,70000,9,306.69,28.4,37.28,20,105.91,6,200,330,380
767,70000,7,306.69,28.4,37.03,30,156.04,7,180,285,330
768,45000,9,306.69,28.4,37.27,40,167.72,4,140,120,170
769,65000,8,306.69,28.4,36.76,30,60.78,1,160,165,210
770,95000,9,306.69,28.4,36.86,20,118.36,1,200,360,410
771,45000,8,306.69,28.4,37.02,40,91.92,2,140,120,170
772,90000,6,306.69,28.4,36.86,40,111.83,7,140,285,330
773,45000,9,306.69,28.4,36.36,20,84.58,1,220,405,450
774,60000,7,306.69,28.4,36.53,40,126.04,3,140,210,260
775,75000,7,306.69,28.4,36.32,30,130,7,180,285,330
776,80000,7,306.69,28.4,36.3,30,26.4,1,180,285,330
777,75000,7,306.69,28.4,36.74,30,65.07,7,180,285,330
778,70000,8,306.69,28.4,36.4,40,45.22,4,160,165,210
779,65000,8,306.69,28.4,35.71,40,149.01,2,160,165,210
780,50000,9,306.69,28.4,35.65,20,189.69,14,200,360,410
781,40000,7,306.69,28.4,35.83,60,92.72,2,100,120,170
782,90000,7,306.69,28.4,36.07,20,83.2,3,200,525,480
783,65000,8,306.69,28.4,35.97,40,134.63,7,160,165,210
784,95000,8,306.69,28.4,37.29,40,174.87,4,140,120,170
785,90000,9,306.69,28.4,37.29,20,147.41,4,200,360,410
786,90000,7,306.69,28.4,37.36,60,10.05,1,100,120,170
787,90000,9,306.69,28.4,37.4,20,51.01,1,200,330,380
788,90000,9,306.69,28.4,37.3,20,97.35,1,200,330,380
789,90000,7,306.69,28.4,37.4,40,113.16,0,140,210,260
790,90000,7,306.69,28.4,37.71,60,144.26,1,100,120,170
791,40000,7,306.69,28.4,37.39,60,146.7,3,100,120,170
792,90000,9,306.69,28.4,37.18,20,35.74,2,200,360,410
793,95000,9,306.69,28.4,37.12,20,40.8,2,200,360,410
794,55000,6,306.69,28.4,37.39,40,73.41,3,140,285,330
795,60000,8,306.69,28.4,37.64,40,111.36,3,160,165,210
796,75000,7,306.69,28.4,36.9,30,34.13,1,180,285,330
797,50000,7,306.69,28.4,37.28,30,64.03,1,120,165,210
798,80000,7,306.69,28.4,37.34,30,86.21,1,180,285,330
799,40000,8,306.69,28.4,37.25,40,92.27,4,160,165,210
800,40000,7,306.69,28.4,37.02,60,106.78,3,100,120,170
801,95000,9,306.69,28.4,38.22,20,205.64,5,200,360,410
802,55000,6,306.69,28.4,38.36,40,296.2,8,140,285,330
803,75000,7,306.69,28.4,38.58,30,325.53,7,180,285,330
804,45000,6,306.69,28.4,38.25,40,310.64,6,140,285,330
805,75000,7,306.69,28.4,38.08,30,254.26,5,180,285,330
806,85000,6,306.69,28.4,37.87,40,255.38,8,140,285,330
807,65000,8,306.69,28.4,38.36,20,262.15,7,160,405,450
808,65000,8,306.69,28.4,38.67,40,171.29,3,160,165,210
809,65000,7,306.69,28.4,37.6,30,200.86,6,180,285,330
810,65000,7,306.69,28.4,37.37,30,104.24,4,180,285,330
811,65000,6,306.69,28.4,37.37,40,170.66,4,140,285,330
812,75000,7,306.69,28.4,37.6,30,45.49,1,180,285,330
813,105000,8,306.69,28.4,37.63,20,112.22,1,160,450,500
814,70000,8,306.69,28.4,37.55,40,104.62,2,160,165,210
815,95000,9,306.69,28.4,37.45,20,164.08,2,200,330,380
816,65000,8,306.69,28.4,37.77,40,176.85,7,160,165,210
817,55000,6,306.69,28.4,37.49,40,99.46,5,140,285,330
818,65000,8,306.69,28.4,37.95,40,223.52,7,160,165,210
819,85000,9,306.69,28.4,38.09,20,260.76,5,200,330,380
820,50000,7,306.69,28.4,38.45,50,277.42,4,120,165,210
821,105000,8,306.69,28.4,38.23,40,202.94,4,160,165,210
822,95000,9,306.69,28.4,37.96,20,126.62,4,200,360,410
823,80000,7,306.69,28.4,37.84,30,60.96,0,180,285,330
824,80000,7,306.69,28.4,37.96,30,89.68,5,180,285,330
825,95000,9,306.69,28.4,38.01,20,151.43,4,200,360,410
826,70000,8,306.69,28.4,37.8,40,100.09,0,160,165,210
827,50000,7,306.69,28.4,37.87,50,43.17,1,120,165,210
828,80000,9,306.69,28.4,37.94,20,131.14,0,220,330,380
829,105000,7,306.69,28.4,38.17,20,180.94,4,200,570,280
830,70000,8,306.69,28.4,37.91,40,132.26,1,160,165,210
831,80000,7,306.69,28.4,38.59,30,205.3,2,180,285,330
832,45000,6,306.69,28.4,37.48,40,239.78,12,140,285,330
833,45000,6,306.69,28.4,37.52,40,169,12,140,285,330
834,80000,6,306.69,28.4,38.58,40,38.83,0,140,285,330
835,85000,9,306.69,28.4,38,20,88.24,1,200,330,380
836,45000,6,306.69,28.4,37.32,40,166.37,3,140,285,330
837,105000,6,306.69,28.4,37.62,20,202.81,5,200,765,280
838,50000,7,306.69,28.4,37.16,50,253.16,4,120,165,210
839,50000,7,306.69,28.4,37.05,50,322.1,3,120,165,210
840,55000,6,306.69,28.4,37.95,35,237.89,0,140,285,330
841,55000,6,306.69,28.4,38.07,40,132.85,0,140,285,330
842,65000,8,306.69,28.4,36.84,40,283.73,4,160,165,210
843,80000,6,306.69,28.4,36.72,40,268.2,8,140,285,330
844,50000,7,306.69,28.4,36.66,50,234.4,5,120,165,210
845,50000,7,306.69,28.4,36.72,50,255.34,9,120,165,210
846,45000,6,306.69,28.4,36.73,40,245.6,2,140,285,330
847,105000,6,306.69,28.4,36.5,30,278.26,7,200,450,500
848,105000,9,306.69,28.4,36.81,20,158.45,8,220,360,410
849,65000,8,306.69,28.4,36.25,40,60.27,6,160,165,210
850,100000,9,306.69,28.4,36.6,20,268.88,2,220,330,380
851,100000,7,306.69,28.4,36.7,60,367.14,1,100,120,170
852,100000,7,306.69,28.4,36.4,60,322.61,1,100,120,170
853,100000,6,306.69,28.4,36.34,40,276.59,1,140,285,330
854,90000,9,306.69,28.4,35.97,20,193.02,3,200,330,380
855,50000,8,306.69,28.4,36.56,50,170.06,7,160,165,210
856,70000,8,306.69,28.4,37,40,92.42,3,160,165,210
857,55000,6,306.69,28.4,36.96,40,217.86,6,140,285,330
858,55000,9,306.69,28.4,36.03,20,208.2,3,220,330,380
859,105000,9,306.69,28.4,36.11,20,354.35,0,200,210,260
860,90000,9,306.69,28.4,36.22,20,340.07,9,200,210,260
861,85000,6,306.69,28.4,36.13,40,259.7,7,140,285,330
862,65000,8,306.69,28.4,36.3,40,257.74,6,160,165,210
863,65000,8,306.69,28.4,36.2,40,174.89,4,160,165,210
864,45000,6,306.69,28.4,36.23,40,308.3,5,140,285,330
865,60000,6,306.69,28.4,36.09,40,274.15,10,140,285,330
866,60000,6,306.69,28.4,36.19,40,212.48,5,140,285,330
867,105000,6,306.69,28.4,36.25,40,117.28,4,140,285,330
868,100000,9,306.69,28.4,36.28,20,37.64,2,220,405,450
869,65000,8,306.69,28.4,36.35,40,95.52,1,160,165,210
870,90000,9,306.69,28.4,36.26,20,169.1,2,200,360,410
871,90000,8,306.69,28.4,36.02,40,278,7,160,165,210
872,90000,6,306.69,28.4,36.2,20,254.75,4,200,765,280
873,90000,7,306.69,28.4,36.26,30,346.9,5,180,285,330
874,90000,7,306.69,28.4,35.87,50,417,9,120,165,210
875,50000,7,306.69,28.4,35.11,50,405.19,12,120,165,210
876,90000,9,306.69,28.4,35.6,20,413.7,6,200,405,450
877,40000,7,306.69,28.4,36.03,60,349.95,6,100,120,170
878,80000,7,306.69,28.4,36.49,30,202.08,4,180,285,330
879,50000,7,306.69,28.4,35.94,50,294.33,5,120,165,210
880,60000,6,306.69,28.4,35.46,40,424.84,3,140,285,330
881,105000,6,306.69,28.4,37.7,20,52.4,0,200,720,380
882,55000,6,306.69,28.4,37.41,20,196.73,1,140,765,280
883,75000,8,306.69,28.4,37.48,40,278.23,0,160,165,210
884,70000,8,306.69,28.4,37.75,40,171.01,7,160,165,210
885,70000,8,306.69,28.4,38.05,40,102.96,7,160,165,210
886,60000,6,306.69,28.4,38.4,40,91.55,1,140,285,330
887,50000,7,306.69,28.4,37.6,50,98.68,2,120,165,210
888,50000,7,306.69,28.4,37.03,50,258.05,1,120,165,210
889,95000,9,306.69,28.4,37.7,20,187.95,1,200,405,450
890,60000,7,306.69,28.4,38.16,30,227.38,6,180,285,330
891,100000,7,306.69,28.4,38.58,20,167.24,3,220,570,280
892,100000,9,306.69,28.4,38.1,20,190.38,5,200,360,410
893,100000,9,306.69,28.4,37.61,20,88.57,4,200,330,380
894,100000,9,306.69,28.4,37.73,35,60.77,0,200,210,260
895,100000,6,306.69,28.4,37.64,40,200.83,8,140,285,330
896,100000,9,306.69,28.4,37.34,20,205.06,8,200,330,380
897,40000,9,306.69,28.4,37.79,20,158.38,7,200,360,410
898,100000,6,306.69,28.4,36.91,20,150.12,5,220,360,410
899,40000,7,306.69,28.4,37.31,60,38.08,0,100,120,170
900,105000,9,306.69,28.4,36.97,20,103.58,2,200,405,450
901,100000,6,306.69,28.4,36.88,20,312.75,9,220,765,280
902,105000,9,306.69,28.4,37.3,20,236.03,0,200,330,380
903,45000,6,306.69,28.4,37.38,40,278.79,0,140,285,330
904,105000,8,306.69,28.4,37.67,40,166.71,0,160,165,210
905,40000,7,306.69,28.4,37.39,60,227.27,2,100,120,170
906,75000,7,306.69,28.4,38.29,30,281.37,7,180,285,330
907,40000,7,306.69,28.4,38.3,60,279.51,5,100,120,170
908,70000,8,306.69,28.4,38.57,40,156.26,8,160,165,210
909,45000,6,306.69,28.4,38.71,40,244.44,2,140,285,330
910,85000,9,306.69,28.4,38.36,20,317.65,5,200,405,450
911,65000,8,306.69,28.4,38.46,40,317.83,12,160,165,210
912,65000,8,306.69,28.4,38.63,40,343.01,12,160,165,210
913,75000,7,306.69,28.4,39.02,30,394.97,9,180,285,330
914,90000,9,306.69,28.4,38.77,20,324.3,7,220,360,410
915,90000,9,306.69,28.4,39.09,20,343.83,9,200,360,410
916,90000,7,306.69,28.4,39.47,30,349.26,6,180,285,330
917,90000,7,306.69,28.4,38.39,20,375.37,10,220,570,280
918,90000,9,306.69,28.4,38.44,20,90.67,8,200,360,410
919,90000,6,306.69,28.4,38.44,40,149.16,5,140,285,330
920,75000,7,306.69,28.4,38.43,30,119,9,180,285,330
921,100000,7,306.69,28.4,38.71,20,223.45,10,220,645,400
922,70000,8,306.69,28.4,38.65,40,247,2,160,165,210
923,95000,9,306.69,28.4,38.83,20,111.14,1,200,360,410
924,60000,6,306.69,28.4,38.53,35,163.23,2,140,285,330
925,70000,9,306.69,28.4,37.48,20,159.89,3,220,330,380
926,75000,7,306.69,28.4,38.2,30,281.17,9,180,285,330
927,80000,7,306.69,28.4,38.23,30,81.27,1,180,150,200
928,75000,7,306.69,28.4,37.59,30,199.46,6,180,350,400
929,105000,6,306.69,28.4,38.59,20,149.69,4,200,550,450
930,45000,6,306.69,28.4,37.85,40,223.37,5,140,285,330
931,45000,9,306.69,28.4,37.98,50,295.1,6,200,285,330
932,45000,7,306.69,28.4,34.95,60,336.15,15,100,120,170
933,45000,7,306.69,28.4,36.06,20,320.33,13,220,360,410
934,45000,7,306.69,28.4,37.61,30,272.39,3,180,285,330
935,50000,7,306.69,28.4,36.44,50,256.01,14,120,120,170
936,75000,7,306.69,28.4,37.05,30,188.49,6,180,350,400
937,80000,9,306.69,28.4,37.75,20,109.07,3,200,405,450
938,105000,6,306.69,28.4,38,60,144.25,0,200,210,260
939,75000,7,306.69,28.4,38.04,30,63.81,1,180,285,330
940,90000,9,306.69,28.4,38.11,20,67.54,1,200,360,410
941,85000,9,306.69,28.4,38.07,20,38.83,1,220,405,450
942,45000,6,306.69,28.4,38.31,40,96.02,3,140,285,330
943,100000,6,306.69,28.4,38.7,40,188.74,16,140,150,200
944,50000,7,306.69,28.4,38.26,50,146.25,6,120,120,170
945,65000,8,306.69,28.4,38.62,40,179.51,2,160,165,210
946,75000,7,306.69,28.4,38.05,30,139.04,1,180,285,330
947,75000,7,306.69,28.4,39.51,30,243.4,10,180,280,330
948,75000,7,306.69,28.4,37.82,30,71.03,0,180,285,330
949,75000,9,306.69,28.4,38.7,20,115.97,3,200,200,250
950,75000,7,306.69,28.4,38.82,60,187,12,100,120,170
951,75000,6,306.69,28.4,37.84,40,107.84,7,140,150,200
952,40000,7,306.69,28.4,37.82,60,131.32,5,100,120,170
953,55000,6,306.69,28.4,38.08,40,201.23,6,140,285,330
954,100000,7,306.69,28.4,38.25,20,214.7,11,220,360,410
955,45000,6,306.69,28.4,38.44,40,272.03,17,140,285,330
956,45000,9,306.69,28.4,37.63,20,419.31,26,220,210,260
957,40000,7,306.69,28.4,38,60,405.05,27,100,120,170
958,55000,6,306.69,28.4,39.61,40,792.91,37,140,285,330
959,95000,9,306.69,28.4,38.55,20,648.04,25,200,210,260
960,50000,7,306.69,28.4,38.47,50,569.08,25,120,120,170
961,60000,6,306.69,28.4,37.76,40,494.01,19,140,285,330
962,60000,9,306.69,28.4,37.43,20,465.7,19,200,210,260
963,85000,9,306.69,28.4,38.88,20,611.74,23,200,210,260
964,105000,6,306.69,28.4,39.99,40,730.95,30,160,330,380
965,85000,9,306.69,28.4,39.84,20,644.66,33,200,210,260
966,50000,7,306.69,28.4,37.67,50,475.62,24,120,120,170
967,100000,7,306.69,28.4,39.42,30,576.34,29,180,285,330
968,65000,8,306.69,28.4,38.62,40,472.02,22,160,165,210
969,65000,9,306.69,28.4,37.37,20,390.23,26,200,210,260
970,65000,9,306.69,28.4,37.69,20,328.87,26,200,210,260
971,65000,7,306.69,28.4,38.57,35,241.15,11,120,165,210
972,65000,7,306.69,28.4,38.17,50,141.82,1,120,120,170
973,105000,6,306.69,28.4,38.01,20,68.88,1,200,350,400
974,105000,7,306.69,28.4,38.58,20,129.6,3,200,330,380
975,95000,8,306.69,28.4,38.3,40,256.73,22,160,165,210
976,60000,6,306.69,28.4,37.51,40,320.25,21,140,285,330
977,85000,9,306.69,28.4,38.77,20,99.92,7,200,210,260
978,100000,9,306.69,28.4,37.55,20,349.89,6,220,210,260
979,70000,8,306.69,28.4,37.55,40,562.47,9,160,165,210
980,50000,7,306.69,28.4,37.55,40,711.4,6,120,165,210
981,85000,9,306.69,28.4,37.55,20,678.28,13,200,210,260
982,80000,7,306.69,28.4,37.55,30,801.24,21,180,285,330
983,80000,8,306.69,28.4,37.55,40,848.38,3,160,165,210
984,80000,9,306.69,28.4,37.55,20,777.41,12,200,210,260
985,80000,6,306.69,28.4,37.55,40,867.16,10,140,285,330
986,85000,9,306.69,28.4,37.55,20,818.21,12,200,210,260
987,55000,6,306.69,28.4,37.55,40,888.79,18,140,285,330
988,55000,7,306.69,28.4,37.55,30,738.36,5,180,285,330
989,60000,9,306.69,28.4,38.14,20,675.67,8,200,210,260
990,90000,9,306.69,28.4,38.29,20,636.03,1,200,210,260
991,45000,6,306.69,28.4,38.39,40,581.61,1,140,285,330
992,45000,6,306.69,28.4,37.93,40,504.73,7,140,285,330
993,45000,6,306.69,28.4,38.22,20,554.22,1,220,400,450
994,45000,7,306.69,28.4,39.34,60,476.18,3,100,120,170
995,45000,9,306.69,28.4,38.28,20,419.65,0,200,210,260
996,45000,8,306.69,28.4,38.45,40,572.07,12,160,165,210
997,45000,9,306.69,28.4,38.85,20,479.15,4,200,150,200
998,105000,7,306.69,28.4,39.07,20,353.14,5,200,330,380
999,95000,9,306.69,28.4,38.61,20,542.37,10,200,210,260
1000,50000,7,306.69,28.4,39.31,50,349.41,7,120,165,210
1001,60000,6,306.69,28.4,38.04,40,89.81,1,140,285,330
1002,55000,9,306.69,28.4,37.48,20,127.12,3,220,210,260
1003,40000,7,306.69,28.4,36.43,60,155.24,1,100,280,330
1004,40000,7,306.69,28.4,37.23,60,230.2,6,100,120,170
1005,105000,9,306.69,28.4,37.17,20,190.37,10,200,180,230
1006,85000,9,306.69,28.4,37.57,20,195.8,3,200,330,380
1007,100000,7,306.69,28.4,37.2,20,190.34,9,220,480,300
1008,100000,9,306.69,28.4,36.81,20,113.44,14,220,285,330
1009,85000,9,306.69,28.4,38.19,40,186.42,2,200,210,260
1010,105000,9,306.69,28.4,38.46,20,82.46,2,200,330,380
1011,50000,7,306.69,28.4,37.08,50,156.71,6,120,120,170
1012,60000,6,306.69,28.4,37.49,40,218.08,8,140,285,330
1013,105000,9,306.69,28.4,37.99,20,166.4,4,200,150,200
1014,95000,9,306.69,28.4,38.2,20,133.65,1,200,330,380
1015,85000,9,306.69,28.4,37.63,20,107.87,3,200,285,330
1016,100000,9,306.69,28.4,37.43,20,78.26,3,220,330,380
1017,75000,7,306.69,28.4,36.33,30,124.53,7,180,285,330
1018,90000,9,306.69,28.4,36.9,20,127.53,4,200,200,250
1019,45000,6,306.69,28.4,36.78,40,156.59,12,140,285,330
1020,65000,8,306.69,28.4,37.37,20,81.02,3,160,405,450
1021,65000,8,306.69,28.4,37.15,40,47.01,3,160,165,210
1022,85000,9,306.69,28.4,36.91,20,77.16,3,200,285,330
1023,105000,9,306.69,28.4,37.67,20,86,0,200,360,410
1024,50000,7,306.69,28.4,36.23,50,170.11,10,120,165,210
1025,50000,9,306.69,28.4,37.21,20,104.81,6,220,360,410
1026,50000,7,306.69,28.4,37.29,60,79.16,3,100,120,170
1027,50000,7,306.69,28.4,36.17,50,158.86,15,120,165,210
1028,70000,8,306.69,28.4,37.48,40,113.6,5,160,165,210
1029,100000,9,306.69,28.4,38.13,20,69.66,1,220,210,260
1030,100000,9,306.69,28.4,38.22,20,141.43,2,220,210,260
1031,40000,7,306.69,28.4,38.46,60,133.6,3,100,120,170
1032,55000,6,306.69,28.4,37.17,40,182.92,9,140,285,330
1033,40000,7,306.69,28.4,36.84,60,138.5,11,100,120,170
1034,40000,6,306.69,28.4,37.75,40,76.58,1,140,300,350
1035,40000,6,306.69,28.4,37.95,40,46.62,0,140,285,330
1036,45000,6,306.69,28.4,38.12,40,114.34,3,140,180,230
1037,75000,7,306.69,28.4,38.23,30,49.48,0,180,285,330
1038,55000,6,306.69,28.4,35.95,40,143.54,7,140,285,330
1039,50000,7,306.69,28.4,37.7,50,85.01,3,120,165,210
1040,60000,6,306.69,28.4,35.48,40,156.01,9,140,200,250
1041,45000,6,306.69,28.4,37.48,40,101.91,5,140,285,330
1042,60000,6,306.69,28.4,37.84,40,92.89,4,140,285,330
1043,80000,7,306.69,28.4,38.05,30,44.65,0,180,150,200
1044,55000,6,306.69,28.4,38.01,40,105.8,0,140,285,330
1045,70000,8,306.69,28.4,35.69,40,60.31,11,160,165,210
1046,65000,8,306.69,28.4,37.96,40,107.28,4,160,165,210
1047,95000,9,306.69,28.4,38.08,20,157.54,1,200,210,260
1048,70000,8,306.69,28.4,38.2,40,200.01,4,160,165,210
1049,105000,6,306.69,28.4,38.3,20,236.08,4,200,500,550
1050,105000,7,306.69,28.4,38.23,35,222,1,200,330,380
1051,60000,6,306.69,28.4,38.21,40,286.5,7,140,285,330
1052,95000,9,306.69,28.4,38.05,20,285.95,1,200,210,260
1053,90000,9,306.69,28.4,38.03,20,162.56,5,200,210,260
1054,95000,9,306.69,28.4,38.19,20,256.56,6,200,100,150
1055,95000,9,306.69,28.4,37.96,20,171.09,5,200,210,260
1056,100000,9,306.69,28.4,37.72,20,150.36,0,220,210,260
1057,40000,7,306.69,28.4,37.81,60,249.83,2,100,300,350
1058,45000,6,306.69,28.4,35.92,40,325.07,5,140,285,330
1059,70000,8,306.69,28.4,37.23,40,319.27,1,160,165,210
1060,70000,8,306.69,28.4,37.52,40,259.12,0,160,165,210
1061,80000,7,306.69,28.4,37.65,30,179.64,1,180,285,330
1062,50000,7,306.69,28.4,37.45,35,277.14,1,120,165,210
1063,75000,7,306.69,28.4,37.51,30,159.81,1,180,200,250
1064,55000,6,306.69,28.4,37.75,40,127.14,1,140,285,330
1065,75000,7,306.69,28.4,37.98,30,48.85,0,180,285,330
1066,75000,7,306.69,28.4,38.04,30,101.08,2,180,150,200
1067,75000,9,306.69,28.4,37.88,20,176.51,1,200,210,260
1068,75000,7,306.69,28.4,37.68,30,204.13,0,180,285,330
1069,60000,6,306.69,28.4,37.35,40,281.04,1,140,285,330
1070,90000,9,306.69,28.4,37.35,20,252.24,2,200,210,260
1071,100000,7,306.69,28.4,37.59,20,264.37,3,220,200,250
1072,90000,9,306.69,28.4,37.65,20,192.21,4,200,210,260
1073,70000,8,306.69,28.4,37.61,40,125.26,0,160,165,210
1074,60000,6,306.69,28.4,38.01,40,129.4,2,140,285,330
1075,85000,9,306.69,28.4,37.57,20,65.86,0,200,210,260
1076,85000,6,306.69,28.4,37.78,40,148,2,140,285,330
1077,85000,7,306.69,28.4,37.99,50,99.73,1,120,400,450
1078,85000,8,306.69,28.4,37.53,40,66.21,1,160,165,210
1079,85000,7,306.69,28.4,37.56,60,70.18,1,100,120,170
1080,70000,8,306.69,28.4,36.98,40,124.91,8,160,165,210
1081,40000,7,306.69,28.4,37.24,60,64.47,4,100,120,170
1082,95000,9,306.69,28.4,37.33,20,39.6,5,200,150,200
1083,105000,9,306.69,28.4,37.37,20,88.46,2,200,210,260
1084,105000,9,306.69,28.4,37.57,20,121.49,2,200,210,260
1085,90000,9,306.69,28.4,37.19,20,160.1,11,200,210,260
1086,55000,6,306.69,28.4,37.51,40,154.95,1,140,400,450
1087,80000,7,306.69,28.4,37.3,30,63.29,1,180,285,330
1088,80000,7,306.69,28.4,36.89,50,53.71,5,120,165,210
1089,80000,6,306.69,28.4,36.47,40,95.34,7,140,450,500
1090,80000,9,306.69,28.4,36.41,20,66.07,2,220,210,260
1091,80000,9,306.69,28.4,37.95,20,71.01,1,200,210,260
1092,50000,7,306.69,28.4,37.6,35,87.6,1,120,165,210
1093,90000,9,306.69,28.4,37.74,20,134.66,2,200,450,500
1094,40000,7,306.69,28.4,37.64,60,94.43,2,100,120,170
1095,90000,9,306.69,28.4,37.47,20,12.04,0,200,210,260
1096,90000,7,306.69,28.4,37.3,30,19.1,2,180,350,400
1097,90000,6,306.69,28.4,36.84,40,82.46,1,140,285,330
1098,90000,7,306.69,28.4,36.52,50,63.89,1,120,120,170
1099,90000,9,306.69,28.4,37.23,20,72.12,2,200,210,260
1100,90000,6,306.69,28.4,36.51,40,124.47,2,140,285,330
1101,55000,6,306.69,28.4,38.02,40,248.58,7,140,285,330
1102,105000,9,306.69,28.4,37.96,50,225.62,4,200,285,330
1103,100000,9,306.69,28.4,37.7,20,200.39,9,220,210,260
1104,40000,7,306.69,28.4,37.99,60,149.91,4,100,350,400
1105,70000,8,306.69,28.4,37.85,40,144.8,7,160,165,210
1106,85000,9,306.69,28.4,37.97,20,82.13,4,200,210,260
1107,50000,7,306.69,28.4,37.15,50,117.2,0,120,300,350
1108,40000,7,306.69,28.4,37.87,60,101.65,4,100,120,170
1109,70000,8,306.69,28.4,38.11,40,110,3,160,165,210
1110,75000,7,306.69,28.4,37.46,30,30.41,3,180,285,330
1111,85000,9,306.69,28.4,36.71,20,43.17,4,200,210,260
1112,60000,6,306.69,28.4,38.02,40,82.57,6,140,200,250
1113,60000,6,306.69,28.4,38.21,20,58.82,1,140,285,330
1114,60000,7,306.69,28.4,38.03,50,60.5,5,120,165,210
1115,60000,9,306.69,28.4,37.87,20,122.87,4,200,210,260
1116,60000,9,306.69,28.4,37.12,50,170.88,4,200,210,260
1117,50000,7,306.69,28.4,37.89,50,175.32,3,120,120,170
1118,40000,7,306.69,28.4,38.43,60,108.81,2,100,120,170
1119,40000,7,306.69,28.4,38.52,60,204.69,5,100,120,170
1120,40000,7,306.69,28.4,38.55,60,166.03,2,100,120,170
1121,60000,6,306.69,28.4,38.23,40,217.22,4,140,285,330
1122,75000,7,306.69,28.4,38.18,30,276.16,2,180,285,330
1123,75000,7,306.69,28.4,38.15,30,223.89,3,180,285,330
1124,75000,6,306.69,28.4,37.27,40,330.22,13,140,285,330
1125,105000,9,306.69,28.4,37.53,50,281.44,2,200,285,330
1126,70000,8,306.69,28.4,38,40,210.21,1,160,165,210
1127,80000,7,306.69,28.4,37.26,30,347.48,0,180,285,330
1128,65000,8,306.69,28.4,37.46,40,370.11,8,160,165,210
1129,80000,7,306.69,28.4,37.78,30,274.48,3,180,285,330
1130,50000,7,306.69,28.4,38.08,50,134.18,3,120,165,210
1131,80000,7,306.69,28.4,38.2,30,104.79,3,180,285,330
1132,40000,7,306.69,28.4,37.92,50,24.17,1,100,120,170
1133,80000,7,306.69,28.4,37.7,30,136.57,2,180,285,330
1134,90000,9,306.69,28.4,37.76,20,219.02,1,200,200,250
1135,100000,9,306.69,28.4,37.88,20,277.71,5,220,405,450
1136,100000,9,306.69,28.4,37.87,20,283.71,5,220,405,450
1137,100000,9,306.69,28.4,37.44,50,422.49,10,200,405,450
1138,100000,7,306.69,28.4,37.29,30,432.14,12,180,285,330
1139,60000,6,306.69,28.4,37.72,40,143.74,1,140,285,330
1140,105000,9,306.69,28.4,37.74,20,225.25,0,200,405,450
1141,100000,9,306.69,28.4,37.63,20,134.01,2,220,405,450
1142,85000,9,306.69,28.4,37.74,20,100.69,2,200,330,380
1143,75000,7,306.69,28.4,37.74,30,221.11,4,180,285,330
1144,75000,7,306.69,28.4,37.24,50,462.49,15,120,120,170
1145,75000,7,306.69,28.4,37.25,30,374.97,1,180,285,330
1146,75000,6,306.69,28.4,37.83,40,401.78,5,140,285,330
1147,70000,8,306.69,28.4,37.79,40,392.76,10,160,165,210
1148,75000,7,306.69,28.4,37.79,35,298.38,6,180,285,330
1149,55000,6,306.69,28.4,37.74,40,273.59,5,140,285,330
1150,90000,9,306.69,28.4,37.68,20,99.14,4,200,405,450
1151,40000,7,306.69,28.4,37.57,60,30.81,1,100,120,170
1152,40000,7,306.69,28.4,38.17,45,191.67,7,100,120,170
1153,75000,7,306.69,28.4,38.52,30,142.59,3,180,285,330
1154,105000,9,306.69,28.4,37.92,20,63.2,1,200,330,380
1155,105000,9,306.69,28.4,38.3,50,110.28,2,200,210,260
1156,105000,6,306.69,28.4,38.48,40,158.9,3,140,285,330
1157,105000,7,306.69,28.4,38.25,60,297.2,7,100,120,170
1158,105000,9,306.69,28.4,37.99,20,32.89,2,200,405,450
1159,65000,8,306.69,28.4,38.34,40,147.27,6,160,165,210
1160,65000,8,306.69,28.4,38.53,40,88.64,3,160,165,210
1161,90000,9,306.69,28.4,38.76,20,173.22,4,200,405,450
1162,90000,9,306.69,28.4,38.68,20,112.93,0,200,200,250
1163,90000,9,306.69,28.4,38.8,20,216.12,4,200,360,410
1164,90000,6,306.69,28.4,38.49,40,273.34,4,140,285,330
1165,90000,7,306.69,28.4,38.53,30,228.18,7,180,285,330
1166,90000,6,306.69,28.4,38.02,40,354.73,8,140,285,330
1167,80000,7,306.69,28.4,38.08,30,34.06,1,180,285,330
1168,100000,9,306.69,28.4,37.95,50,44.42,3,220,285,330
1169,100000,9,306.69,28.4,38.44,20,85.09,2,220,250,300
1170,55000,6,306.69,28.4,38.25,40,60.34,0,140,285,330
1171,60000,6,306.69,28.4,38.73,40,170.84,1,140,285,330
1172,75000,7,306.69,28.4,37.87,30,36.07,1,180,180,230
1173,80000,7,306.69,28.4,37.45,30,51.11,3,180,285,330
1174,80000,8,306.69,28.4,36.69,40,33.24,2,160,165,210
1175,80000,7,306.69,28.4,38.18,50,106.79,1,120,200,250
1176,80000,9,306.69,28.4,38.25,60,173.18,4,200,120,170
1177,80000,7,306.69,28.4,38.11,30,137.3,0,180,285,330
1178,80000,6,306.69,28.4,37.97,40,200.8,4,140,285,330
1179,75000,7,306.69,28.4,37.59,50,155.54,0,180,120,170
1180,50000,7,306.69,28.4,38.29,50,189.91,1,120,300,350
1181,65000,8,306.69,28.4,37.96,40,185.53,1,160,165,210
1182,45000,8,306.69,28.4,38.36,20,254.1,2,140,450,500
1183,45000,6,306.69,28.4,37.36,40,75.58,3,140,285,330
1184,85000,9,306.69,28.4,37.47,20,109.86,3,200,360,410
1185,50000,7,306.69,28.4,37.81,50,177.79,0,120,120,170
1186,100000,9,306.69,28.4,37.6,20,165,2,220,210,260
1187,100000,7,306.69,28.4,37.92,30,224.51,5,180,285,330
1188,100000,9,306.69,28.4,37.54,20,207.48,5,200,360,410
1189,100000,7,306.69,28.4,37.92,30,128.13,4,180,285,330
1190,100000,8,306.69,28.4,37.68,40,118.15,7,160,165,210
1191,100000,8,306.69,28.4,36.95,40,65.73,0,160,165,210
1192,100000,7,306.69,28.4,36.9,30,91.39,2,180,285,330
1193,100000,7,306.69,28.4,36.46,20,112.29,5,100,570,280
1194,100000,8,306.69,28.4,36.94,40,173.97,1,160,165,210
1195,45000,9,306.69,28.4,37.35,40,222.1,1,140,120,170
1196,70000,8,306.69,28.4,37.55,50,155.08,2,160,120,170
1197,90000,9,306.69,28.4,36.84,20,86.58,5,200,360,410
1198,65000,8,306.69,28.4,37.51,40,87.48,0,160,165,210
1199,105000,9,306.69,28.4,37.66,20,70.6,2,200,360,410
1200,100000,9,306.69,28.4,37.69,50,144.62,2,220,360,410
,,3,,,,,,,,,
